id_code,diagnosis,source,group,split
20170413102628830.jpg,0,timestamp,0,train
20170413111955404.jpg,0,timestamp,1,train
20170413112015395.jpg,0,timestamp,2,train
20170413112017305.jpg,0,timestamp,3,train
20170413112528859.jpg,0,timestamp,4,train
20170413112758639.jpg,0,timestamp,5,val
20170413112758698.jpg,0,timestamp,6,test
20170413113351595.jpg,0,timestamp,7,train
20170413113710974.jpg,0,timestamp,8,train
20170413114550593.jpg,0,timestamp,9,train
20170413114556386.jpg,0,timestamp,10,train
20170413122857041.jpg,0,timestamp,11,val
20170413122939851.jpg,0,timestamp,12,train
20170413124003874.jpg,0,timestamp,13,train
20170413133417921.jpg,0,timestamp,14,val
20170413133507278.jpg,0,timestamp,15,train
20170413133512678.jpg,0,timestamp,16,test
20170413133629909.jpg,0,timestamp,17,train
20170413133939478.jpg,0,timestamp,18,train
20170413134137928.jpg,0,timestamp,19,train
20170413134221729.jpg,0,timestamp,20,test
20170413135413739.jpg,0,timestamp,21,train
20170413142536113.jpg,0,timestamp,22,train
20170413142542599.jpg,0,timestamp,23,train
20170413142900064.jpg,0,timestamp,24,train
20170413144614969.jpg,0,timestamp,25,train
20170413144619040.jpg,0,timestamp,26,train
20170413144644728.jpg,0,timestamp,27,val
20170413145755406.jpg,0,timestamp,28,train
20170413145814531.jpg,0,timestamp,29,test
20170413151851880.jpg,0,timestamp,30,train
20170413151855798.jpg,0,timestamp,31,train
20170413152155981.jpg,0,timestamp,32,test
20170413154250087.jpg,0,timestamp,33,train
20170413162943058.jpg,0,timestamp,34,val
20170413170211134.jpg,0,timestamp,35,train
20170413170216007.jpg,0,timestamp,36,train
20170413170304399.jpg,0,timestamp,37,train
20170413210915369.jpg,0,timestamp,38,train
20170413210926833.jpg,0,timestamp,39,val
20170414080303709.jpg,0,timestamp,40,train
20170414080328423.jpg,0,timestamp,41,train
20170414081158089.jpg,0,timestamp,42,test
20170414081200273.jpg,0,timestamp,43,train
20170414085648263.jpg,0,timestamp,44,train
20170414094409562.jpg,0,timestamp,45,train
20170414094410131.jpg,0,timestamp,46,train
20170414094443265.jpg,0,timestamp,47,train
20170414094612758.jpg,0,timestamp,48,train
20170414094843781.jpg,0,timestamp,49,test
20170414094845256.jpg,0,timestamp,50,val
20170414102603948.jpg,0,timestamp,51,train
20170414102629794.jpg,0,timestamp,52,train
20170414102630552.jpg,0,timestamp,53,val
20170414102752964.jpg,0,timestamp,54,train
20170414102854581.jpg,0,timestamp,55,train
20170414102933090.jpg,0,timestamp,56,train
20170414104052790.jpg,0,timestamp,57,test
20170414104217595.jpg,0,timestamp,58,train
20170414104218750.jpg,0,timestamp,59,train
20170414113605680.jpg,0,timestamp,60,train
20170414113710416.jpg,0,timestamp,61,train
20170414114604302.jpg,0,timestamp,62,val
20170414124909791.jpg,0,timestamp,63,train
20170414124917250.jpg,0,timestamp,64,train
20170414125150432.jpg,0,timestamp,65,train
20170414125158502.jpg,0,timestamp,66,test
20170414145526529.jpg,0,timestamp,67,train
20170414145958537.jpg,0,timestamp,68,test
20170414150026627.jpg,0,timestamp,69,train
20170414152313848.jpg,0,timestamp,70,train
20170414152453618.jpg,0,timestamp,71,val
20170414153840398.jpg,0,timestamp,72,train
20170414155329773.jpg,0,timestamp,73,train
20170414155517791.jpg,0,timestamp,74,val
20170414155522079.jpg,0,timestamp,75,test
20170414155609250.jpg,0,timestamp,76,train
20170414155613593.jpg,0,timestamp,77,train
20170414160456704.jpg,0,timestamp,78,train
20170414160504857.jpg,0,timestamp,79,train
20170414160712626.jpg,0,timestamp,80,train
20170414160717652.jpg,0,timestamp,81,val
20170414165230386.jpg,0,timestamp,82,train
20170414165313546.jpg,0,timestamp,83,train
20170414165313970.jpg,0,timestamp,84,train
20170414165409474.jpg,0,timestamp,85,test
20170414165409939.jpg,0,timestamp,86,train
20170414165457615.jpg,0,timestamp,87,train
20170415082515006.jpg,0,timestamp,88,val
20170415085332361.jpg,0,timestamp,89,train
20170415085333873.jpg,0,timestamp,90,train
20170415090308241.jpg,0,timestamp,91,test
20170415090309773.jpg,0,timestamp,92,train
20170415090759483.jpg,0,timestamp,93,train
20170415090800978.jpg,0,timestamp,94,train
20170415091130973.jpg,0,timestamp,95,val
20170415091132491.jpg,0,timestamp,96,train
20170415091834472.jpg,0,timestamp,97,train
20170415092114824.jpg,0,timestamp,98,test
20170415094348285.jpg,0,timestamp,99,train
20170415095518089.jpg,0,timestamp,100,train
20170415095710294.jpg,0,timestamp,101,val
20170415095711786.jpg,0,timestamp,102,train
20170415095934967.jpg,0,timestamp,103,train
20170415095936462.jpg,0,timestamp,104,train
20170415102343734.jpg,0,timestamp,105,train
20170415102345240.jpg,0,timestamp,106,test
20170415102837115.jpg,0,timestamp,107,train
20170415102850257.jpg,0,timestamp,108,train
20170415102951157.jpg,0,timestamp,109,val
20170415102951687.jpg,0,timestamp,110,train
20170415150529884.jpg,0,timestamp,111,train
20170417083146076.jpg,0,timestamp,112,train
20170417083154677.jpg,0,timestamp,113,test
20170417084222767.jpg,0,timestamp,114,train
20170417091142435.jpg,0,timestamp,115,val
20170417091848394.jpg,0,timestamp,116,train
20170417092512583.jpg,0,timestamp,117,train
20170417092513951.jpg,0,timestamp,118,val
20170417094353146.jpg,0,timestamp,119,test
20170417095129728.jpg,0,timestamp,120,train
20170417095343228.jpg,0,timestamp,121,train
20170417100914763.jpg,0,timestamp,122,train
20170417100941250.jpg,0,timestamp,123,train
20170417100943292.jpg,0,timestamp,124,train
20170417102028484.jpg,0,timestamp,125,train
20170417103919386.jpg,0,timestamp,126,train
20170417105010250.jpg,0,timestamp,127,test
20170417105013880.jpg,0,timestamp,128,train
20170417105035582.jpg,0,timestamp,129,train
20170417105037844.jpg,0,timestamp,130,val
20170417105044486.jpg,0,timestamp,131,train
20170417105054647.jpg,0,timestamp,132,train
20170417105107608.jpg,0,timestamp,133,train
20170417105356987.jpg,0,timestamp,134,train
20170417105357066.jpg,0,timestamp,135,test
20170417105530186.jpg,0,timestamp,136,val
20170417105537128.jpg,0,timestamp,134,train
20170417105537560.jpg,0,timestamp,135,test
20170417105754370.jpg,0,timestamp,137,train
20170417110130403.jpg,0,timestamp,138,train
20170417110130463.jpg,0,timestamp,139,train
20170417110643269.jpg,0,timestamp,140,test
20170417110727336.jpg,0,timestamp,141,train
20170417111714533.jpg,0,timestamp,142,train
20170417111719898.jpg,0,timestamp,143,train
20170417113118732.jpg,0,timestamp,144,val
20170417113118784.jpg,0,timestamp,145,train
20170417113309574.jpg,0,timestamp,146,train
20170417113313915.jpg,0,timestamp,147,train
20170417113604837.jpg,0,timestamp,148,train
20170417113720568.jpg,0,timestamp,149,test
20170417113725383.jpg,0,timestamp,150,test
20170417114046972.jpg,0,timestamp,151,train
20170417114049699.jpg,0,timestamp,152,val
20170417131236428.jpg,0,timestamp,153,train
20170417140743569.jpg,0,timestamp,154,train
20170417140954732.jpg,0,timestamp,155,train
20170417140954971.jpg,0,timestamp,156,train
20170417141027729.jpg,0,timestamp,157,train
20170417141233190.jpg,0,timestamp,158,val
20170417141233374.jpg,0,timestamp,159,train
20170417141312058.jpg,0,timestamp,160,train
20170417152005279.jpg,0,timestamp,161,train
20170417152010581.jpg,0,timestamp,162,train
20170417152832053.jpg,0,timestamp,163,val
20170417153440644.jpg,0,timestamp,164,test
20170417154540760.jpg,0,timestamp,165,train
20170417155511409.jpg,0,timestamp,166,train
20170417155554253.jpg,0,timestamp,167,train
20170417155614368.jpg,0,timestamp,168,train
20170417155614815.jpg,0,timestamp,169,train
20170417155706940.jpg,0,timestamp,170,test
20170417161433082.jpg,0,timestamp,171,train
20170417161513973.jpg,0,timestamp,172,train
20170417165158242.jpg,0,timestamp,173,val
20170417174055760.jpg,0,timestamp,174,train
20170417195632750.jpg,0,timestamp,175,test
20170417195644536.jpg,0,timestamp,176,train
20170417200127598.jpg,0,timestamp,177,train
20170417200522114.jpg,0,timestamp,178,train
20170417200625313.jpg,0,timestamp,178,train
20170418074457367.jpg,0,timestamp,179,train
20170418074744756.jpg,0,timestamp,180,train
20170418081208382.jpg,0,timestamp,181,val
20170418081730220.jpg,0,timestamp,182,train
20170418082353060.jpg,0,timestamp,183,test
20170418082456632.jpg,0,timestamp,184,train
20170418083045225.jpg,0,timestamp,185,train
20170418083047694.jpg,0,timestamp,186,train
20170418083234348.jpg,0,timestamp,187,val
20170418083235730.jpg,0,timestamp,188,train
20170418084108714.jpg,0,timestamp,189,train
20170418084110118.jpg,0,timestamp,190,test
20170418084529440.jpg,0,timestamp,191,val
20170418084818778.jpg,0,timestamp,192,train
20170418084834067.jpg,0,timestamp,193,train
20170418084844664.jpg,0,timestamp,194,train
20170418085138697.jpg,0,timestamp,195,train
20170418085337704.jpg,0,timestamp,196,train
20170418085547338.jpg,0,timestamp,197,test
20170418085549252.jpg,0,timestamp,198,train
20170418085617538.jpg,0,timestamp,199,train
20170418085727006.jpg,0,timestamp,200,train
20170418085728824.jpg,0,timestamp,201,train
20170418090054253.jpg,0,timestamp,202,val
20170418090144057.jpg,0,timestamp,203,train
20170418090252614.jpg,0,timestamp,204,test
20170418090254054.jpg,0,timestamp,205,train
20170418090649301.jpg,0,timestamp,206,train
20170418090650754.jpg,0,timestamp,207,val
20170418090904545.jpg,0,timestamp,208,train
20170418090922890.jpg,0,timestamp,209,train
20170418092035419.jpg,0,timestamp,210,train
20170418092249373.jpg,0,timestamp,211,test
20170418093222419.jpg,0,timestamp,212,train
20170418093223862.jpg,0,timestamp,213,val
20170418093300248.jpg,0,timestamp,214,train
20170418093444173.jpg,0,timestamp,215,train
20170418093447163.jpg,0,timestamp,216,train
20170418093622522.jpg,0,timestamp,217,train
20170418093623976.jpg,0,timestamp,218,train
20170418093854327.jpg,0,timestamp,219,test
20170418093855744.jpg,0,timestamp,220,train
20170418094314732.jpg,0,timestamp,221,train
20170418095137921.jpg,0,timestamp,222,train
20170418095138435.jpg,0,timestamp,223,train
20170418095345403.jpg,0,timestamp,224,val
20170418095658350.jpg,0,timestamp,225,test
20170418095851939.jpg,0,timestamp,226,train
20170418100054906.jpg,0,timestamp,227,train
20170418100259938.jpg,0,timestamp,228,train
20170418100817701.jpg,0,timestamp,229,val
20170418100819088.jpg,0,timestamp,230,train
20170418101108314.jpg,0,timestamp,231,train
20170418102230027.jpg,0,timestamp,232,train
20170418102231460.jpg,0,timestamp,233,train
20170418102429463.jpg,0,timestamp,234,test
20170418102648640.jpg,0,timestamp,235,train
20170418102650385.jpg,0,timestamp,236,val
20170418103051016.jpg,0,timestamp,237,train
20170418103052402.jpg,0,timestamp,238,train
20170418103218419.jpg,0,timestamp,239,train
20170418103222183.jpg,0,timestamp,240,train
20170418103813284.jpg,0,timestamp,241,train
20170418103848647.jpg,0,timestamp,242,test
20170418103851495.jpg,0,timestamp,243,val
20170418105328458.jpg,0,timestamp,244,val
20170418105415065.jpg,0,timestamp,245,train
20170418105730020.jpg,0,timestamp,246,train
20170418110026689.jpg,0,timestamp,247,test
20170418110028118.jpg,0,timestamp,248,train
20170418111402322.jpg,0,timestamp,249,train
20170418112220980.jpg,0,timestamp,250,train
20170418112807013.jpg,0,timestamp,251,val
20170418113348939.jpg,0,timestamp,252,train
20170418115334983.jpg,0,timestamp,253,train
20170418115345056.jpg,0,timestamp,254,train
20170418135117697.jpg,0,timestamp,255,test
20170418135331460.jpg,0,timestamp,256,train
20170418135336394.jpg,0,timestamp,257,train
20170418135348596.jpg,0,timestamp,258,train
20170418135527877.jpg,0,timestamp,259,train
20170418135622755.jpg,0,timestamp,260,train
20170418135629149.jpg,0,timestamp,261,train
20170418135719380.jpg,0,timestamp,262,val
20170418135726222.jpg,0,timestamp,263,train
20170418140113121.jpg,0,timestamp,264,train
20170418140747330.jpg,0,timestamp,265,test
20170418144937243.jpg,0,timestamp,266,train
20170418144948571.jpg,0,timestamp,267,train
20170418145526149.jpg,0,timestamp,268,test
20170418195527894.jpg,0,timestamp,269,train
20170418195543380.jpg,0,timestamp,270,train
20170418195909380.jpg,0,timestamp,271,val
20170419080252596.jpg,0,timestamp,272,train
20170419080253947.jpg,0,timestamp,273,train
20170419080502198.jpg,0,timestamp,274,train
20170419080503535.jpg,0,timestamp,275,train
20170419084158931.jpg,0,timestamp,276,train
20170419084206917.jpg,0,timestamp,277,val
20170419085415103.jpg,0,timestamp,278,train
20170419085416065.jpg,0,timestamp,279,test
20170419085622010.jpg,0,timestamp,280,val
20170419090321341.jpg,0,timestamp,281,train
20170419090928299.jpg,0,timestamp,282,train
20170419090934589.jpg,0,timestamp,283,train
20170419092132247.jpg,0,timestamp,284,train
20170419092947422.jpg,0,timestamp,285,train
20170419092948833.jpg,0,timestamp,286,train
20170419095201125.jpg,0,timestamp,287,test
20170419095202863.jpg,0,timestamp,288,test
20170419095623439.jpg,0,timestamp,289,val
20170419100215883.jpg,0,timestamp,290,train
20170419100815415.jpg,0,timestamp,291,train
20170419101727293.jpg,0,timestamp,292,train
20170419101929972.jpg,0,timestamp,293,test
20170419101931761.jpg,0,timestamp,294,train
20170419102337922.jpg,0,timestamp,295,train
20170419111558289.jpg,0,timestamp,296,train
20170419111609070.jpg,0,timestamp,297,train
20170419121209408.jpg,0,timestamp,298,val
20170419160330690.jpg,0,timestamp,299,val
20170419160343303.jpg,0,timestamp,300,test
20170419162922607.jpg,0,timestamp,301,train
20170419183802467.jpg,0,timestamp,302,train
20170419192450332.jpg,0,timestamp,303,train
20170419193829505.jpg,0,timestamp,304,train
20170419194510144.jpg,0,timestamp,305,train
20170419194515791.jpg,0,timestamp,306,test
20170419201833332.jpg,0,timestamp,307,train
20170419205020873.jpg,0,timestamp,308,train
20170419205027355.jpg,0,timestamp,309,train
20170420091403331.jpg,0,timestamp,310,train
20170420091642882.jpg,0,timestamp,311,train
20170420093558005.jpg,0,timestamp,312,train
20170420093642324.jpg,0,timestamp,313,val
20170420093648451.jpg,0,timestamp,314,train
20170420093649895.jpg,0,timestamp,315,test
20170420093702627.jpg,0,timestamp,316,train
20170420095437692.jpg,0,timestamp,317,train
20170420095437998.jpg,0,timestamp,318,train
20170420101418582.jpg,0,timestamp,319,test
20170420110601235.jpg,0,timestamp,320,train
20170420141209265.jpg,0,timestamp,321,val
20170420141214839.jpg,0,timestamp,322,train
20170420144942571.jpg,0,timestamp,323,train
20170420145136342.jpg,0,timestamp,324,val
20170420145707902.jpg,0,timestamp,325,train
20170420150826390.jpg,0,timestamp,326,train
20170420153059903.jpg,0,timestamp,327,train
20170420170215777.jpg,0,timestamp,325,train
20170420183148139.jpg,0,timestamp,328,test
20170420183706090.jpg,0,timestamp,329,train
20170420183711592.jpg,0,timestamp,330,train
20170420184012218.jpg,0,timestamp,331,test
20170420184017969.jpg,0,timestamp,332,train
20170420184212959.jpg,0,timestamp,333,train
20170420184344679.jpg,0,timestamp,334,val
20170420184350190.jpg,0,timestamp,335,train
20170420184435080.jpg,0,timestamp,336,train
20170420184440359.jpg,0,timestamp,337,train
20170420184512149.jpg,0,timestamp,338,train
20170420194636840.jpg,0,timestamp,339,train
20170421081125405.jpg,0,timestamp,340,train
20170421081130565.jpg,0,timestamp,341,train
20170421090155675.jpg,0,timestamp,342,train
20170421090240538.jpg,0,timestamp,342,train
20170421090335674.jpg,0,timestamp,342,train
20170421092004599.jpg,0,timestamp,317,train
20170421092005051.jpg,0,timestamp,318,train
20170421092147452.jpg,0,timestamp,342,train
20170421095818586.jpg,0,timestamp,343,val
20170421101201869.jpg,0,timestamp,344,test
20170421101203241.jpg,0,timestamp,345,val
20170421132955972.jpg,0,timestamp,346,train
20170421162345163.jpg,0,timestamp,347,test
20170421173701466.jpg,0,timestamp,348,train
20170421184417368.jpg,0,timestamp,349,train
20170421184432772.jpg,0,timestamp,350,train
20170421184607886.jpg,0,timestamp,351,train
20170422182757789.jpg,0,timestamp,352,train
20170422183243272.jpg,0,timestamp,353,test
20170422184600812.jpg,0,timestamp,354,train
20170422185554513.jpg,0,timestamp,355,train
20170422192440321.jpg,0,timestamp,356,train
20170422195603994.jpg,0,timestamp,357,val
20170424083904944.jpg,0,timestamp,358,train
20170424084133515.jpg,0,timestamp,359,train
20170424092157761.jpg,0,timestamp,360,train
20170424092158103.jpg,0,timestamp,361,train
20170424093054916.jpg,0,timestamp,362,test
20170424093103597.jpg,0,timestamp,363,train
20170424093430988.jpg,0,timestamp,364,train
20170424093951909.jpg,0,timestamp,365,train
20170424094834530.jpg,0,timestamp,366,train
20170424094836129.jpg,0,timestamp,367,val
20170424095916170.jpg,0,timestamp,368,train
20170424095919157.jpg,0,timestamp,369,val
20170424100139375.jpg,0,timestamp,370,train
20170424100139799.jpg,0,timestamp,371,test
20170424105339602.jpg,0,timestamp,372,train
20170424110302399.jpg,0,timestamp,373,train
20170424110302568.jpg,0,timestamp,374,train
20170424110805162.jpg,0,timestamp,375,train
20170424115230654.jpg,0,timestamp,376,val
20170424153038492.jpg,0,timestamp,365,train
20170424153355976.jpg,0,timestamp,377,train
20170424153416764.jpg,0,timestamp,378,test
20170424153610938.jpg,0,timestamp,379,train
20170424153621506.jpg,0,timestamp,380,val
20170424153738041.jpg,0,timestamp,378,test
20170424154139778.jpg,0,timestamp,381,train
20170424154246110.jpg,0,timestamp,382,train
20170424154304423.jpg,0,timestamp,383,train
20170424154404784.jpg,0,timestamp,384,train
20170424154505873.jpg,0,timestamp,385,train
20170424154526349.jpg,0,timestamp,386,test
20170424154607265.jpg,0,timestamp,387,train
20170424154619507.jpg,0,timestamp,388,val
20170424154708990.jpg,0,timestamp,389,train
20170424154840851.jpg,0,timestamp,390,train
20170424155002286.jpg,0,timestamp,391,train
20170424155139387.jpg,0,timestamp,392,train
20170424155625870.jpg,0,timestamp,393,test
20170424155646247.jpg,0,timestamp,394,train
20170424155727824.jpg,0,timestamp,395,train
20170424155738931.jpg,0,timestamp,396,train
20170424161103442.jpg,0,timestamp,397,val
20170424161116024.jpg,0,timestamp,398,train
20170424161221373.jpg,0,timestamp,399,train
20170424161235601.jpg,0,timestamp,400,train
20170424161425425.jpg,0,timestamp,401,train
20170424161438636.jpg,0,timestamp,402,test
20170424161654569.jpg,0,timestamp,403,train
20170424161706436.jpg,0,timestamp,404,train
20170424162030749.jpg,0,timestamp,405,val
20170424162044012.jpg,0,timestamp,406,train
20170424162204793.jpg,0,timestamp,407,val
20170424162218960.jpg,0,timestamp,408,train
20170424162337571.jpg,0,timestamp,409,train
20170424162352358.jpg,0,timestamp,410,test
20170424164440599.jpg,0,timestamp,411,train
20170424164446748.jpg,0,timestamp,412,train
20170424165420766.jpg,0,timestamp,413,train
20170424165426827.jpg,0,timestamp,414,train
20170424165545637.jpg,0,timestamp,415,test
20170424165551448.jpg,0,timestamp,416,train
20170424165653167.jpg,0,timestamp,417,train
20170424165659138.jpg,0,timestamp,418,train
20170424165808876.jpg,0,timestamp,419,train
20170424170317397.jpg,0,timestamp,420,val
20170424170506066.jpg,0,timestamp,421,train
20170424170615518.jpg,0,timestamp,422,test
20170424170726887.jpg,0,timestamp,423,train
20170424170732306.jpg,0,timestamp,424,train
20170424170818796.jpg,0,timestamp,425,val
20170425080320682.jpg,0,timestamp,426,train
20170425083714320.jpg,0,timestamp,427,train
20170425083714832.jpg,0,timestamp,428,train
20170425084700515.jpg,0,timestamp,429,test
20170425085526088.jpg,0,timestamp,429,test
20170425090234348.jpg,0,timestamp,430,train
20170425090234688.jpg,0,timestamp,431,train
20170425090503658.jpg,0,timestamp,432,train
20170425090714957.jpg,0,timestamp,433,train
20170425090715281.jpg,0,timestamp,434,val
20170425090800777.jpg,0,timestamp,435,test
20170425091625008.jpg,0,timestamp,436,train
20170425091742877.jpg,0,timestamp,437,train
20170425091743217.jpg,0,timestamp,438,train
20170425092638708.jpg,0,timestamp,439,train
20170425095922164.jpg,0,timestamp,440,train
20170425095922296.jpg,0,timestamp,441,train
20170425101622385.jpg,0,timestamp,442,train
20170425101622817.jpg,0,timestamp,443,test
20170425101658120.jpg,0,timestamp,444,train
20170425102143314.jpg,0,timestamp,445,val
20170425114609176.jpg,0,timestamp,446,train
20170425114619614.jpg,0,timestamp,447,train
20170425120021981.jpg,0,timestamp,448,val
20170425120323155.jpg,0,timestamp,449,train
20170425120522997.jpg,0,timestamp,450,train
20170425154845288.jpg,0,timestamp,451,test
20170425160443878.jpg,0,timestamp,452,train
20170425160445127.jpg,0,timestamp,453,train
20170425160717139.jpg,0,timestamp,454,train
20170425160718411.jpg,0,timestamp,455,val
20170425160737447.jpg,0,timestamp,456,train
20170425160738226.jpg,0,timestamp,457,test
20170425160813048.jpg,0,timestamp,458,train
20170425160813458.jpg,0,timestamp,459,train
20170425160836578.jpg,0,timestamp,460,train
20170425160838043.jpg,0,timestamp,461,val
20170425160911647.jpg,0,timestamp,462,train
20170425160957895.jpg,0,timestamp,463,train
20170425160958084.jpg,0,timestamp,464,train
20170425180850064.jpg,0,timestamp,465,test
20170426075630806.jpg,0,timestamp,466,train
20170426081022674.jpg,0,timestamp,467,val
20170426082359710.jpg,0,timestamp,468,train
20170426082440236.jpg,0,timestamp,469,train
20170426082522695.jpg,0,timestamp,470,test
20170426082624471.jpg,0,timestamp,471,train
20170426082658136.jpg,0,timestamp,472,train
20170426083617275.jpg,0,timestamp,473,train
20170426083835198.jpg,0,timestamp,474,train
20170426084805235.jpg,0,timestamp,475,val
20170426084806698.jpg,0,timestamp,476,test
20170426085050197.jpg,0,timestamp,477,val
20170426085051640.jpg,0,timestamp,478,train
20170426085448060.jpg,0,timestamp,479,train
20170426085909496.jpg,0,timestamp,480,train
20170426090330146.jpg,0,timestamp,481,train
20170426090413428.jpg,0,timestamp,482,train
20170426090503082.jpg,0,timestamp,483,train
20170426090535337.jpg,0,timestamp,484,test
20170426090644946.jpg,0,timestamp,485,train
20170426091057515.jpg,0,timestamp,486,train
20170426091057920.jpg,0,timestamp,487,train
20170426091840642.jpg,0,timestamp,488,train
20170426092143447.jpg,0,timestamp,489,val
20170426092544308.jpg,0,timestamp,490,val
20170426092544619.jpg,0,timestamp,491,test
20170426101343821.jpg,0,timestamp,492,train
20170426101502649.jpg,0,timestamp,493,train
20170426101559169.jpg,0,timestamp,494,train
20170426101818581.jpg,0,timestamp,495,train
20170426133908898.jpg,0,timestamp,496,train
20170426133913159.jpg,0,timestamp,497,test
20170426134053910.jpg,0,timestamp,498,train
20170426134105195.jpg,0,timestamp,499,train
20170426134414814.jpg,0,timestamp,500,val
20170426134444480.jpg,0,timestamp,501,train
20170426134639089.jpg,0,timestamp,502,train
20170426134827493.jpg,0,timestamp,503,test
20170426150556803.jpg,0,timestamp,504,train
20170426173807708.jpg,0,timestamp,505,train
20170426173811370.jpg,0,timestamp,506,train
20170427081426172.jpg,0,timestamp,507,train
20170427081427638.jpg,0,timestamp,508,train
20170427082251845.jpg,0,timestamp,509,val
20170427083332299.jpg,0,timestamp,510,train
20170427083333838.jpg,0,timestamp,511,test
20170427083753658.jpg,0,timestamp,512,train
20170427083754048.jpg,0,timestamp,513,train
20170427084113100.jpg,0,timestamp,514,train
20170427084114239.jpg,0,timestamp,515,train
20170427084313068.jpg,0,timestamp,516,train
20170427084526484.jpg,0,timestamp,517,train
20170427084526865.jpg,0,timestamp,518,val
20170427084620045.jpg,0,timestamp,519,train
20170427084620429.jpg,0,timestamp,520,train
20170427084657809.jpg,0,timestamp,521,test
20170427084743440.jpg,0,timestamp,522,train
20170427084743829.jpg,0,timestamp,523,train
20170427084825460.jpg,0,timestamp,524,val
20170427084825832.jpg,0,timestamp,525,train
20170427084914937.jpg,0,timestamp,526,train
20170427084916453.jpg,0,timestamp,527,train
20170427085054752.jpg,0,timestamp,528,train
20170427085243758.jpg,0,timestamp,529,test
20170427085536070.jpg,0,timestamp,530,train
20170427085556378.jpg,0,timestamp,531,val
20170427085624123.jpg,0,timestamp,532,val
20170427085651644.jpg,0,timestamp,533,train
20170427085722849.jpg,0,timestamp,534,test
20170427085812198.jpg,0,timestamp,535,train
20170427085829281.jpg,0,timestamp,536,train
20170427085831881.jpg,0,timestamp,537,test
20170427085924556.jpg,0,timestamp,538,train
20170427090010016.jpg,0,timestamp,539,train
20170427090150185.jpg,0,timestamp,540,train
20170427091003738.jpg,0,timestamp,541,train
20170427091005352.jpg,0,timestamp,542,train
20170427091208324.jpg,0,timestamp,543,val
20170427091715561.jpg,0,timestamp,544,train
20170427091717056.jpg,0,timestamp,545,train
20170427091903552.jpg,0,timestamp,546,train
20170427092001417.jpg,0,timestamp,547,test
20170427092252484.jpg,0,timestamp,548,train
20170427092253018.jpg,0,timestamp,549,train
20170427092355911.jpg,0,timestamp,550,train
20170427093014194.jpg,0,timestamp,551,train
20170427093015731.jpg,0,timestamp,552,val
20170427093238699.jpg,0,timestamp,553,test
20170427093433656.jpg,0,timestamp,554,train
20170427093625070.jpg,0,timestamp,555,train
20170427093626566.jpg,0,timestamp,556,train
20170427094003039.jpg,0,timestamp,557,train
20170427094235365.jpg,0,timestamp,558,train
20170427094404245.jpg,0,timestamp,559,val
20170427095046001.jpg,0,timestamp,560,test
20170427095240398.jpg,0,timestamp,561,train
20170427095241916.jpg,0,timestamp,562,train
20170427095438121.jpg,0,timestamp,563,train
20170427095807849.jpg,0,timestamp,564,train
20170427095906832.jpg,0,timestamp,565,train
20170427100254237.jpg,0,timestamp,566,val
20170427100457813.jpg,0,timestamp,567,train
20170427100644556.jpg,0,timestamp,568,test
20170427100707736.jpg,0,timestamp,569,train
20170427100717384.jpg,0,timestamp,570,train
20170427101039471.jpg,0,timestamp,571,train
20170427101349897.jpg,0,timestamp,572,train
20170427101352821.jpg,0,timestamp,573,test
20170427103116617.jpg,0,timestamp,574,train
20170427103321931.jpg,0,timestamp,575,test
20170427104445122.jpg,0,timestamp,576,val
20170427104531692.jpg,0,timestamp,577,train
20170427110111458.jpg,0,timestamp,578,train
20170427110111505.jpg,0,timestamp,579,train
20170427110231732.jpg,0,timestamp,580,train
20170427111038586.jpg,0,timestamp,581,val
20170427111038648.jpg,0,timestamp,582,train
20170427111816715.jpg,0,timestamp,583,test
20170427112247861.jpg,0,timestamp,584,train
20170427112247921.jpg,0,timestamp,585,train
20170427112456757.jpg,0,timestamp,576,val
20170427142918006.jpg,0,timestamp,586,train
20170427142921526.jpg,0,timestamp,587,train
20170427162324166.jpg,0,timestamp,588,train
20170427162327224.jpg,0,timestamp,589,val
20170427175714216.jpg,0,timestamp,590,test
20170427175716777.jpg,0,timestamp,591,train
20170427180037322.jpg,0,timestamp,592,train
20170427180039926.jpg,0,timestamp,593,val
20170427180147996.jpg,0,timestamp,594,val
20170427180154699.jpg,0,timestamp,595,train
20170427180329242.jpg,0,timestamp,596,train
20170427180330939.jpg,0,timestamp,597,train
20170427180436817.jpg,0,timestamp,598,train
20170427180440101.jpg,0,timestamp,599,train
20170427180531249.jpg,0,timestamp,600,train
20170427180535308.jpg,0,timestamp,601,test
20170427180629519.jpg,0,timestamp,602,train
20170427180631672.jpg,0,timestamp,603,train
20170427180712510.jpg,0,timestamp,604,train
20170427180715306.jpg,0,timestamp,605,train
20170427180836769.jpg,0,timestamp,606,train
20170427180842294.jpg,0,timestamp,607,train
20170427180847120.jpg,0,timestamp,608,val
20170427180853125.jpg,0,timestamp,609,test
20170427180931834.jpg,0,timestamp,610,train
20170427180935648.jpg,0,timestamp,611,train
20170427180947234.jpg,0,timestamp,612,train
20170427180950244.jpg,0,timestamp,613,train
20170427181053799.jpg,0,timestamp,614,test
20170427181057390.jpg,0,timestamp,615,train
20170427181149465.jpg,0,timestamp,616,train
20170427181154064.jpg,0,timestamp,617,train
20170427181227245.jpg,0,timestamp,618,train
20170427181229677.jpg,0,timestamp,619,train
20170427181248592.jpg,0,timestamp,620,test
20170427181251854.jpg,0,timestamp,621,val
20170427181340648.jpg,0,timestamp,622,train
20170427181343721.jpg,0,timestamp,623,train
20170427181444211.jpg,0,timestamp,624,val
20170427181448498.jpg,0,timestamp,625,train
20170427181455958.jpg,0,timestamp,626,train
20170427181456899.jpg,0,timestamp,627,train
20170427181543507.jpg,0,timestamp,628,train
20170427181546260.jpg,0,timestamp,629,test
20170427181556231.jpg,0,timestamp,630,train
20170427181603363.jpg,0,timestamp,631,train
20170427181653025.jpg,0,timestamp,632,train
20170427181653795.jpg,0,timestamp,633,val
20170427181700229.jpg,0,timestamp,634,test
20170427181707101.jpg,0,timestamp,635,train
20170427181753491.jpg,0,timestamp,636,train
20170427181757954.jpg,0,timestamp,637,test
20170427181823258.jpg,0,timestamp,638,train
20170427181844425.jpg,0,timestamp,639,train
20170427181852115.jpg,0,timestamp,640,train
20170427181940819.jpg,0,timestamp,641,val
20170427181949337.jpg,0,timestamp,642,train
20170427181951756.jpg,0,timestamp,643,train
20170427182001923.jpg,0,timestamp,644,train
20170427182048647.jpg,0,timestamp,645,val
20170427182059997.jpg,0,timestamp,646,train
20170427182104559.jpg,0,timestamp,647,train
20170427182106346.jpg,0,timestamp,648,train
20170427182207124.jpg,0,timestamp,649,val
20170427182213413.jpg,0,timestamp,650,test
20170427182217646.jpg,0,timestamp,651,train
20170427182230164.jpg,0,timestamp,652,train
20170427182316762.jpg,0,timestamp,653,train
20170427182323645.jpg,0,timestamp,654,train
20170427182331584.jpg,0,timestamp,655,test
20170427182408954.jpg,0,timestamp,656,train
20170427182515802.jpg,0,timestamp,657,train
20170427182524137.jpg,0,timestamp,658,train
20170427182528282.jpg,0,timestamp,659,train
20170427182611210.jpg,0,timestamp,660,val
20170427182616601.jpg,0,timestamp,661,train
20170427182705405.jpg,0,timestamp,662,train
20170427182751050.jpg,0,timestamp,663,train
20170427182754678.jpg,0,timestamp,664,test
20170427182819247.jpg,0,timestamp,665,train
20170427182823636.jpg,0,timestamp,666,train
20170427182837052.jpg,0,timestamp,667,train
20170427182842049.jpg,0,timestamp,668,val
20170427182911208.jpg,0,timestamp,669,test
20170427182915376.jpg,0,timestamp,670,train
20170427182939527.jpg,0,timestamp,671,train
20170427182953059.jpg,0,timestamp,672,train
20170427182956966.jpg,0,timestamp,673,train
20170427183037301.jpg,0,timestamp,674,train
20170427183048684.jpg,0,timestamp,675,train
20170427183057654.jpg,0,timestamp,676,train
20170427183137938.jpg,0,timestamp,677,test
20170427183143584.jpg,0,timestamp,678,val
20170427183153652.jpg,0,timestamp,679,train
20170427183200052.jpg,0,timestamp,680,train
20170427183304900.jpg,0,timestamp,681,val
20170427183345911.jpg,0,timestamp,682,train
20170427183348596.jpg,0,timestamp,683,test
20170427183428662.jpg,0,timestamp,684,train
20170427183436009.jpg,0,timestamp,685,train
20170427183624105.jpg,0,timestamp,686,train
20170427183630492.jpg,0,timestamp,687,train
20170427183729491.jpg,0,timestamp,688,train
20170427183732057.jpg,0,timestamp,689,train
20170427183816901.jpg,0,timestamp,690,train
20170427183820981.jpg,0,timestamp,691,train
20170427183907443.jpg,0,timestamp,692,val
20170427183912177.jpg,0,timestamp,693,train
20170427183919381.jpg,0,timestamp,694,test
20170427183925336.jpg,0,timestamp,695,train
20170427184000335.jpg,0,timestamp,696,train
20170427184002642.jpg,0,timestamp,697,test
20170427184009388.jpg,0,timestamp,698,train
20170427184014775.jpg,0,timestamp,699,val
20170427184052074.jpg,0,timestamp,700,train
20170427184052278.jpg,0,timestamp,701,val
20170427184057042.jpg,0,timestamp,702,train
20170427184100996.jpg,0,timestamp,703,train
20170427184204825.jpg,0,timestamp,704,train
20170427184207246.jpg,0,timestamp,705,test
20170427184222629.jpg,0,timestamp,706,train
20170427184255876.jpg,0,timestamp,707,train
20170427184257681.jpg,0,timestamp,708,train
20170427184307500.jpg,0,timestamp,709,train
20170427184310184.jpg,0,timestamp,710,val
20170427184346601.jpg,0,timestamp,711,train
20170427184416216.jpg,0,timestamp,712,test
20170427184422547.jpg,0,timestamp,713,train
20170427184431937.jpg,0,timestamp,714,train
20170427184442451.jpg,0,timestamp,715,train
20170427184513391.jpg,0,timestamp,716,train
20170427184515148.jpg,0,timestamp,717,train
20170427184532387.jpg,0,timestamp,718,test
20170427184535071.jpg,0,timestamp,719,val
20170427184614492.jpg,0,timestamp,720,train
20170427184617699.jpg,0,timestamp,721,train
20170427184631485.jpg,0,timestamp,722,train
20170427184634488.jpg,0,timestamp,723,train
20170427184848632.jpg,0,timestamp,724,train
20170427184854745.jpg,0,timestamp,725,train
20170427184904962.jpg,0,timestamp,726,test
20170427184911862.jpg,0,timestamp,727,val
20170427184931329.jpg,0,timestamp,728,train
20170427184933328.jpg,0,timestamp,729,test
20170427184957561.jpg,0,timestamp,730,train
20170427184959479.jpg,0,timestamp,731,train
20170427185012563.jpg,0,timestamp,732,train
20170427185015702.jpg,0,timestamp,733,train
20170427185055804.jpg,0,timestamp,734,train
20170427185059367.jpg,0,timestamp,735,val
20170427185104762.jpg,0,timestamp,736,train
20170427185111357.jpg,0,timestamp,737,train
20170427185139601.jpg,0,timestamp,738,test
20170427185141662.jpg,0,timestamp,739,train
20170427185156957.jpg,0,timestamp,740,train
20170427185204860.jpg,0,timestamp,741,train
20170427185225468.jpg,0,timestamp,742,val
20170427185309607.jpg,0,timestamp,743,train
20170427185312456.jpg,0,timestamp,744,train
20170427185345520.jpg,0,timestamp,745,test
20170427185347767.jpg,0,timestamp,746,train
20170427185357872.jpg,0,timestamp,747,train
20170427185406501.jpg,0,timestamp,748,train
20170427185436095.jpg,0,timestamp,749,val
20170427185440175.jpg,0,timestamp,750,train
20170427185451261.jpg,0,timestamp,751,train
20170427185458203.jpg,0,timestamp,752,test
20170427185530761.jpg,0,timestamp,753,train
20170427185536194.jpg,0,timestamp,754,val
20170427185548872.jpg,0,timestamp,755,train
20170427185626846.jpg,0,timestamp,756,test
20170427185627251.jpg,0,timestamp,757,train
20170427185636543.jpg,0,timestamp,758,train
20170427185641134.jpg,0,timestamp,759,train
20170427185706409.jpg,0,timestamp,760,train
20170427185709099.jpg,0,timestamp,761,train
20170427185725567.jpg,0,timestamp,762,train
20170427185752535.jpg,0,timestamp,763,val
20170427185756415.jpg,0,timestamp,764,train
20170427185822146.jpg,0,timestamp,765,train
20170427185824716.jpg,0,timestamp,766,train
20170427185859450.jpg,0,timestamp,767,test
20170427185913001.jpg,0,timestamp,768,val
20170427185920938.jpg,0,timestamp,769,train
20170427185941933.jpg,0,timestamp,770,test
20170427185948021.jpg,0,timestamp,771,train
20170427190001968.jpg,0,timestamp,772,train
20170427190008061.jpg,0,timestamp,773,train
20170427190031631.jpg,0,timestamp,774,train
20170427190058518.jpg,0,timestamp,775,train
20170427190101175.jpg,0,timestamp,776,train
20170427190114312.jpg,0,timestamp,777,val
20170427190117123.jpg,0,timestamp,778,train
20170427190202928.jpg,0,timestamp,779,test
20170427190217884.jpg,0,timestamp,780,train
20170427190222259.jpg,0,timestamp,781,val
20170427190253117.jpg,0,timestamp,782,train
20170427190305966.jpg,0,timestamp,783,train
20170427190312316.jpg,0,timestamp,784,train
20170427190354915.jpg,0,timestamp,785,train
20170427190356738.jpg,0,timestamp,786,train
20170427190444812.jpg,0,timestamp,787,train
20170427190452758.jpg,0,timestamp,788,test
20170427190458560.jpg,0,timestamp,789,train
20170427190546865.jpg,0,timestamp,790,val
20170427190551011.jpg,0,timestamp,791,train
20170427190558112.jpg,0,timestamp,792,train
20170427190607216.jpg,0,timestamp,793,train
20170427190630527.jpg,0,timestamp,794,train
20170427190638723.jpg,0,timestamp,795,test
20170427190704516.jpg,0,timestamp,796,train
20170427190717761.jpg,0,timestamp,797,train
20170427190719686.jpg,0,timestamp,798,val
20170427190749126.jpg,0,timestamp,799,train
20170427190800903.jpg,0,timestamp,800,train
20170427190805533.jpg,0,timestamp,801,train
20170427190812183.jpg,0,timestamp,802,train
20170427190859280.jpg,0,timestamp,803,test
20170427190903185.jpg,0,timestamp,804,test
20170427190949954.jpg,0,timestamp,805,train
20170427190956018.jpg,0,timestamp,806,val
20170427191042581.jpg,0,timestamp,807,train
20170427191045130.jpg,0,timestamp,808,train
20170427191045918.jpg,0,timestamp,809,train
20170427191132650.jpg,0,timestamp,810,val
20170427191135460.jpg,0,timestamp,811,train
20170427191213157.jpg,0,timestamp,812,train
20170427191218747.jpg,0,timestamp,813,train
20170427191222313.jpg,0,timestamp,814,train
20170427191255984.jpg,0,timestamp,815,train
20170427191341817.jpg,0,timestamp,816,test
20170427191346267.jpg,0,timestamp,817,train
20170427191518339.jpg,0,timestamp,818,val
20170427191526349.jpg,0,timestamp,819,train
20170427191615958.jpg,0,timestamp,820,val
20170427191654988.jpg,0,timestamp,821,train
20170427191700068.jpg,0,timestamp,822,train
20170427191812028.jpg,0,timestamp,823,train
20170427191818134.jpg,0,timestamp,824,train
20170427191915623.jpg,0,timestamp,825,test
20170427192012988.jpg,0,timestamp,826,train
20170427192016911.jpg,0,timestamp,827,train
20170427192110916.jpg,0,timestamp,828,train
20170427192115631.jpg,0,timestamp,829,train
20170427192155266.jpg,0,timestamp,830,train
20170427192201419.jpg,0,timestamp,831,test
20170427192237661.jpg,0,timestamp,832,train
20170427194205437.jpg,0,timestamp,833,val
20170427195456847.jpg,0,timestamp,834,train
20170427195508307.jpg,0,timestamp,835,train
20170427195851108.jpg,0,timestamp,836,test
20170427195906934.jpg,0,timestamp,837,train
20170427201458706.jpg,0,timestamp,838,train
20170427201816341.jpg,0,timestamp,839,train
20170427203106149.jpg,0,timestamp,840,val
20170427203229867.jpg,0,timestamp,841,train
20170427203319632.jpg,0,timestamp,842,train
20170427203324770.jpg,0,timestamp,843,train
20170427203808158.jpg,0,timestamp,844,train
20170427203912457.jpg,0,timestamp,845,train
20170427204349781.jpg,0,timestamp,846,test
20170427204510897.jpg,0,timestamp,847,train
20170427204630233.jpg,0,timestamp,848,train
20170427204639291.jpg,0,timestamp,849,val
20170427204739830.jpg,0,timestamp,850,train
20170427204804237.jpg,0,timestamp,851,val
20170427204940840.jpg,0,timestamp,852,test
20170427205355164.jpg,0,timestamp,853,train
20170427210022908.jpg,0,timestamp,854,train
20170427210217995.jpg,0,timestamp,855,train
20170427211147039.jpg,0,timestamp,856,train
20170427211751211.jpg,0,timestamp,857,train
20170427212136322.jpg,0,timestamp,858,train
20170427212809393.jpg,0,timestamp,859,test
20170427213348520.jpg,0,timestamp,860,train
20170427213821105.jpg,0,timestamp,861,train
20170427213832371.jpg,0,timestamp,862,train
20170427213940581.jpg,0,timestamp,863,test
20170427214059716.jpg,0,timestamp,864,train
20170427214203947.jpg,0,timestamp,865,val
20170427214214917.jpg,0,timestamp,866,train
20170427215012046.jpg,0,timestamp,867,val
20170427215116621.jpg,0,timestamp,868,train
20170427215121885.jpg,0,timestamp,869,train
20170427215222651.jpg,0,timestamp,870,test
20170427215354350.jpg,0,timestamp,871,train
20170427215748223.jpg,0,timestamp,872,train
20170427220200742.jpg,0,timestamp,873,train
20170427220204351.jpg,0,timestamp,874,train
20170427220503449.jpg,0,timestamp,875,train
20170427220626535.jpg,0,timestamp,876,train
20170427220809937.jpg,0,timestamp,877,test
20170427221132202.jpg,0,timestamp,878,train
20170428081644490.jpg,0,timestamp,879,val
20170428081649811.jpg,0,timestamp,880,train
20170428082500827.jpg,0,timestamp,881,train
20170428082715541.jpg,0,timestamp,882,train
20170428082715586.jpg,0,timestamp,883,train
20170428082724356.jpg,0,timestamp,884,train
20170428083309217.jpg,0,timestamp,885,train
20170428083313325.jpg,0,timestamp,886,test
20170428083319755.jpg,0,timestamp,887,train
20170428083456943.jpg,0,timestamp,888,val
20170428083534245.jpg,0,timestamp,889,test
20170428083804807.jpg,0,timestamp,890,train
20170428083858242.jpg,0,timestamp,891,train
20170428083930305.jpg,0,timestamp,892,train
20170428084148684.jpg,0,timestamp,893,train
20170428084152715.jpg,0,timestamp,894,val
20170428084223549.jpg,0,timestamp,895,train
20170428084252566.jpg,0,timestamp,896,train
20170428084312800.jpg,0,timestamp,897,train
20170428084730352.jpg,0,timestamp,898,train
20170428085040906.jpg,0,timestamp,899,test
20170428085204214.jpg,0,timestamp,900,val
20170428085349919.jpg,0,timestamp,901,val
20170428085829032.jpg,0,timestamp,902,train
20170428085841707.jpg,0,timestamp,903,train
20170428090531730.jpg,0,timestamp,904,train
20170428090532281.jpg,0,timestamp,905,train
20170428090609601.jpg,0,timestamp,906,test
20170428090728431.jpg,0,timestamp,907,train
20170428090729968.jpg,0,timestamp,908,train
20170428090925245.jpg,0,timestamp,909,train
20170428090925638.jpg,0,timestamp,910,train
20170428091136164.jpg,0,timestamp,911,train
20170428091136343.jpg,0,timestamp,912,val
20170428091343520.jpg,0,timestamp,913,test
20170428091343897.jpg,0,timestamp,914,train
20170428091458070.jpg,0,timestamp,915,train
20170428091636786.jpg,0,timestamp,916,val
20170428091637167.jpg,0,timestamp,917,train
20170428091724893.jpg,0,timestamp,918,train
20170428091726420.jpg,0,timestamp,919,train
20170428091733252.jpg,0,timestamp,920,test
20170428091735013.jpg,0,timestamp,921,train
20170428091825503.jpg,0,timestamp,922,train
20170428091827454.jpg,0,timestamp,923,train
20170428092059349.jpg,0,timestamp,924,train
20170428092101651.jpg,0,timestamp,925,val
20170428092139170.jpg,0,timestamp,926,test
20170428092140678.jpg,0,timestamp,927,train
20170428092328840.jpg,0,timestamp,928,train
20170428093034277.jpg,0,timestamp,929,train
20170428093035789.jpg,0,timestamp,930,train
20170428093227234.jpg,0,timestamp,931,test
20170428093229395.jpg,0,timestamp,932,train
20170428093232618.jpg,0,timestamp,933,val
20170428093839526.jpg,0,timestamp,934,train
20170428093841007.jpg,0,timestamp,935,train
20170428094324837.jpg,0,timestamp,936,train
20170428094434319.jpg,0,timestamp,937,train
20170428094903075.jpg,0,timestamp,938,train
20170428095359962.jpg,0,timestamp,939,train
20170428095431915.jpg,0,timestamp,940,train
20170428095433963.jpg,0,timestamp,941,val
20170428095819565.jpg,0,timestamp,942,train
20170428100042138.jpg,0,timestamp,943,test
20170428100316842.jpg,0,timestamp,944,train
20170428100326826.jpg,0,timestamp,945,train
20170428100642582.jpg,0,timestamp,946,val
20170428100838780.jpg,0,timestamp,947,train
20170428100842515.jpg,0,timestamp,948,train
20170428101346224.jpg,0,timestamp,949,train
20170428101346680.jpg,0,timestamp,950,val
20170428101540789.jpg,0,timestamp,951,train
20170428104123770.jpg,0,timestamp,952,test
20170428104127977.jpg,0,timestamp,953,train
20170428104528004.jpg,0,timestamp,954,train
20170428104536006.jpg,0,timestamp,955,train
20170428104701510.jpg,0,timestamp,956,train
20170428104714009.jpg,0,timestamp,957,train
20170428105022800.jpg,0,timestamp,958,test
20170428105426121.jpg,0,timestamp,959,train
20170428105824486.jpg,0,timestamp,960,train
20170428110005912.jpg,0,timestamp,961,val
20170428110010416.jpg,0,timestamp,962,train
20170428110148596.jpg,0,timestamp,963,train
20170428110413053.jpg,0,timestamp,964,train
20170428110422324.jpg,0,timestamp,965,train
20170428111044268.jpg,0,timestamp,966,test
20170428111534396.jpg,0,timestamp,967,train
20170428111539654.jpg,0,timestamp,968,train
20170428111949659.jpg,0,timestamp,969,val
20170428112718249.jpg,0,timestamp,970,train
20170428112733694.jpg,0,timestamp,971,val
20170428114525641.jpg,0,timestamp,972,train
20170428114529808.jpg,0,timestamp,973,test
20170428115748703.jpg,0,timestamp,960,train
20170428115908001.jpg,0,timestamp,952,test
20170428115910093.jpg,0,timestamp,953,train
20170428115936704.jpg,0,timestamp,974,train
20170428120034061.jpg,0,timestamp,975,train
20170428120313013.jpg,0,timestamp,976,train
20170428130130326.jpg,0,timestamp,977,train
20170428130132741.jpg,0,timestamp,978,train
20170428140421454.jpg,0,timestamp,979,train
20170428140422781.jpg,0,timestamp,980,val
20170428141212317.jpg,0,timestamp,981,test
20170428141950613.jpg,0,timestamp,982,train
20170428144006815.jpg,0,timestamp,983,train
20170428145629897.jpg,0,timestamp,984,test
20170428145842622.jpg,0,timestamp,985,train
20170428150003668.jpg,0,timestamp,986,train
20170428150052112.jpg,0,timestamp,987,train
20170428151436386.jpg,0,timestamp,988,train
20170428152142921.jpg,0,timestamp,989,train
20170428152609924.jpg,0,timestamp,990,test
20170428153008052.jpg,0,timestamp,991,train
20170428153045005.jpg,0,timestamp,992,val
20170428153658816.jpg,0,timestamp,993,train
20170428153703871.jpg,0,timestamp,994,train
20170428153946369.jpg,0,timestamp,995,train
20170428154912997.jpg,0,timestamp,996,val
20170428155659202.jpg,0,timestamp,997,train
20170428155758885.jpg,0,timestamp,998,train
20170428161917714.jpg,0,timestamp,999,train
20170428161920057.jpg,0,timestamp,1000,test
20170428161950347.jpg,0,timestamp,1001,train
20170428161952960.jpg,0,timestamp,1002,val
20170428162049598.jpg,0,timestamp,1003,train
20170428162159300.jpg,0,timestamp,1004,train
20170428162225876.jpg,0,timestamp,1005,train
20170428162227966.jpg,0,timestamp,1006,train
20170428163058180.jpg,0,timestamp,1007,test
20170428163137336.jpg,0,timestamp,1008,train
20170428163139682.jpg,0,timestamp,1009,val
20170428163235298.jpg,0,timestamp,1010,train
20170428163302235.jpg,0,timestamp,1011,train
20170428163613368.jpg,0,timestamp,1012,train
20170428163615176.jpg,0,timestamp,1013,train
20170428163724513.jpg,0,timestamp,1014,train
20170428164017472.jpg,0,timestamp,1015,test
20170428164732502.jpg,0,timestamp,1016,val
20170428165536203.jpg,0,timestamp,1017,train
20170428165555604.jpg,0,timestamp,1018,test
20170428165555655.jpg,0,timestamp,1019,train
20170429094922803.jpg,0,timestamp,1020,train
20170429095809095.jpg,0,timestamp,1021,train
20170429100819796.jpg,0,timestamp,1022,train
20170429192742478.jpg,0,timestamp,1023,train
20170429192924900.jpg,0,timestamp,1024,train
20170429193113659.jpg,0,timestamp,1025,val
20170429193229179.jpg,0,timestamp,1026,train
20170429193414561.jpg,0,timestamp,1027,train
20170429193522820.jpg,0,timestamp,1028,test
20170429193601147.jpg,0,timestamp,1029,test
20170429193605264.jpg,0,timestamp,1030,train
20170429194722802.jpg,0,timestamp,1031,train
20170429195038009.jpg,0,timestamp,1032,val
20170429195304774.jpg,0,timestamp,1033,train
20170429195359650.jpg,0,timestamp,1034,train
20170429195454588.jpg,0,timestamp,1035,train
20170429195456441.jpg,0,timestamp,1036,val
20170429195518291.jpg,0,timestamp,1037,train
20170429200055021.jpg,0,timestamp,1038,train
20170429200105002.jpg,0,timestamp,1039,test
20170429200133422.jpg,0,timestamp,1040,train
20170429200148838.jpg,0,timestamp,1041,train
20170429200151358.jpg,0,timestamp,1042,train
20170429200158774.jpg,0,timestamp,1043,train
20170429200249270.jpg,0,timestamp,1044,val
20170429200312000.jpg,0,timestamp,1045,train
20170429200334930.jpg,0,timestamp,1046,train
20170429200338006.jpg,0,timestamp,1047,test
20170429200413084.jpg,0,timestamp,1048,train
20170429200414078.jpg,0,timestamp,1049,train
20170429200419712.jpg,0,timestamp,1050,train
20170429200429997.jpg,0,timestamp,1051,train
20170429200432424.jpg,0,timestamp,1052,train
20170429200502952.jpg,0,timestamp,1053,train
20170429200507142.jpg,0,timestamp,1054,val
20170429200527102.jpg,0,timestamp,1055,train
20170429200530941.jpg,0,timestamp,1056,test
20170429200544211.jpg,0,timestamp,1057,val
20170429200552854.jpg,0,timestamp,1058,train
20170429200623809.jpg,0,timestamp,1059,train
20170429200631121.jpg,0,timestamp,1060,train
20170429200702514.jpg,0,timestamp,1061,train
20170429200729875.jpg,0,timestamp,1062,train
20170429200817412.jpg,0,timestamp,1063,test
20170429200822003.jpg,0,timestamp,1064,train
20170429200829964.jpg,0,timestamp,1065,train
20170429200929998.jpg,0,timestamp,1066,val
20170429200930619.jpg,0,timestamp,1067,train
20170429200932243.jpg,0,timestamp,1068,train
20170429200936018.jpg,0,timestamp,1069,train
20170429201027628.jpg,0,timestamp,1070,test
20170429201030556.jpg,0,timestamp,1071,train
20170429201123659.jpg,0,timestamp,1072,val
20170429201133633.jpg,0,timestamp,1073,train
20170429201134611.jpg,0,timestamp,1074,train
20170429201403506.jpg,0,timestamp,1075,train
20170429201406937.jpg,0,timestamp,1076,train
20170429201421870.jpg,0,timestamp,1077,train
20170429201425625.jpg,0,timestamp,1078,train
20170429201527326.jpg,0,timestamp,1079,val
20170429201530314.jpg,0,timestamp,1080,train
20170429201540436.jpg,0,timestamp,1081,test
20170429201614845.jpg,0,timestamp,1082,train
20170429201617730.jpg,0,timestamp,1083,train
20170429201700517.jpg,0,timestamp,1084,val
20170429201707510.jpg,0,timestamp,1085,train
20170429201712189.jpg,0,timestamp,1086,test
20170429201715366.jpg,0,timestamp,1087,train
20170429201751503.jpg,0,timestamp,1088,train
20170429201802065.jpg,0,timestamp,1089,train
20170429201902088.jpg,0,timestamp,1090,train
20170429201907699.jpg,0,timestamp,1091,train
20170429201916017.jpg,0,timestamp,1092,train
20170429201922729.jpg,0,timestamp,1093,val
20170429201934466.jpg,0,timestamp,1094,test
20170429202008481.jpg,0,timestamp,1095,test
20170429202013692.jpg,0,timestamp,1096,train
20170429202038141.jpg,0,timestamp,1097,train
20170429202042607.jpg,0,timestamp,1098,train
20170429202112078.jpg,0,timestamp,1099,train
20170429202121717.jpg,0,timestamp,1100,val
20170429202200317.jpg,0,timestamp,1101,val
20170429202215267.jpg,0,timestamp,1102,train
20170429202215846.jpg,0,timestamp,1103,train
20170429202216087.jpg,0,timestamp,1104,train
20170429202310166.jpg,0,timestamp,1105,test
20170429202319993.jpg,0,timestamp,1106,train
20170429202324291.jpg,0,timestamp,1107,train
20170429202326448.jpg,0,timestamp,1108,train
20170429202359507.jpg,0,timestamp,1109,train
20170429202412060.jpg,0,timestamp,1110,train
20170429202414995.jpg,0,timestamp,1111,train
20170429202417002.jpg,0,timestamp,1112,test
20170429202459692.jpg,0,timestamp,1113,train
20170429202500711.jpg,0,timestamp,1114,train
20170429202503125.jpg,0,timestamp,1115,train
20170429202509086.jpg,0,timestamp,1116,val
20170429202553962.jpg,0,timestamp,1117,test
20170429202556062.jpg,0,timestamp,1118,train
20170429202615447.jpg,0,timestamp,1119,train
20170429202615849.jpg,0,timestamp,1120,train
20170429202619215.jpg,0,timestamp,1121,val
20170429202627416.jpg,0,timestamp,1122,train
20170429202702212.jpg,0,timestamp,1123,train
20170429202713383.jpg,0,timestamp,1124,val
20170429202820123.jpg,0,timestamp,1125,train
20170429202829877.jpg,0,timestamp,1126,test
20170429202830686.jpg,0,timestamp,1127,train
20170429202931452.jpg,0,timestamp,1128,train
20170429202934975.jpg,0,timestamp,1129,train
20170429202959824.jpg,0,timestamp,1130,train
20170429203004863.jpg,0,timestamp,1131,train
20170429203022148.jpg,0,timestamp,1132,test
20170429203052748.jpg,0,timestamp,1133,train
20170429203054497.jpg,0,timestamp,1134,val
20170429203102645.jpg,0,timestamp,1135,train
20170429203138411.jpg,0,timestamp,1136,train
20170429203152555.jpg,0,timestamp,1137,train
20170429203157386.jpg,0,timestamp,1138,train
20170429203248590.jpg,0,timestamp,1139,train
20170429203302982.jpg,0,timestamp,1140,test
20170429203321665.jpg,0,timestamp,1141,train
20170429203329412.jpg,0,timestamp,1142,val
20170429203336949.jpg,0,timestamp,1143,train
20170429203344819.jpg,0,timestamp,1144,train
20170429203349506.jpg,0,timestamp,1145,val
20170429203400714.jpg,0,timestamp,1146,train
20170429203414999.jpg,0,timestamp,1147,train
20170429203416134.jpg,0,timestamp,1148,train
20170429203446115.jpg,0,timestamp,1149,test
20170429203519271.jpg,0,timestamp,1150,train
20170429203606004.jpg,0,timestamp,1151,train
20170429203618868.jpg,0,timestamp,1152,val
20170429203633560.jpg,0,timestamp,1153,test
20170429203633599.jpg,0,timestamp,1154,train
20170429203635487.jpg,0,timestamp,1155,train
20170429203732754.jpg,0,timestamp,1156,train
20170429203735241.jpg,0,timestamp,1157,train
20170429203743453.jpg,0,timestamp,1158,train
20170429203902763.jpg,0,timestamp,1159,train
20170429203913742.jpg,0,timestamp,1160,train
20170429203914469.jpg,0,timestamp,1161,test
20170429203915028.jpg,0,timestamp,1162,train
20170429203921289.jpg,0,timestamp,1163,train
20170429203928436.jpg,0,timestamp,1164,val
20170429203936488.jpg,0,timestamp,1165,train
20170429204028596.jpg,0,timestamp,1166,train
20170429204056381.jpg,0,timestamp,1167,train
20170429204057855.jpg,0,timestamp,1168,test
20170429204114041.jpg,0,timestamp,1169,val
20170429204121421.jpg,0,timestamp,1170,train
20170429204124258.jpg,0,timestamp,1171,train
20170429204127993.jpg,0,timestamp,1172,train
20170429204130322.jpg,0,timestamp,1173,train
20170429204133794.jpg,0,timestamp,1174,train
20170429204156044.jpg,0,timestamp,1175,test
20170429204203273.jpg,0,timestamp,1176,train
20170429204221442.jpg,0,timestamp,1177,train
20170429204224555.jpg,0,timestamp,1178,train
20170429204229692.jpg,0,timestamp,1179,val
20170429204253651.jpg,0,timestamp,1180,train
20170429204308140.jpg,0,timestamp,1181,train
20170429204318891.jpg,0,timestamp,1182,test
20170429204325334.jpg,0,timestamp,1183,train
20170429204325698.jpg,0,timestamp,1184,train
20170429204329932.jpg,0,timestamp,1185,train
20170429204331636.jpg,0,timestamp,1186,val
20170429204350949.jpg,0,timestamp,1187,train
20170429204429841.jpg,0,timestamp,1188,train
20170429204444257.jpg,0,timestamp,1189,train
20170429204446471.jpg,0,timestamp,1190,test
20170429204447613.jpg,0,timestamp,1191,train
20170429204451100.jpg,0,timestamp,1192,train
20170429204454340.jpg,0,timestamp,1193,train
20170429204455668.jpg,0,timestamp,1194,train
20170429204540104.jpg,0,timestamp,1195,val
20170429204548636.jpg,0,timestamp,1196,train
20170429204556794.jpg,0,timestamp,1197,train
20170429204600944.jpg,0,timestamp,1198,test
20170429204601078.jpg,0,timestamp,1199,val
20170429204645569.jpg,0,timestamp,1200,train
20170429204652538.jpg,0,timestamp,1201,train
20170429204745543.jpg,0,timestamp,1202,train
20170429204749544.jpg,0,timestamp,1203,train
20170429204817399.jpg,0,timestamp,1204,test
20170429204823425.jpg,0,timestamp,1205,train
20170429204914816.jpg,0,timestamp,1206,val
20170429204919586.jpg,0,timestamp,1207,train
20170429204919846.jpg,0,timestamp,1208,train
20170429204936542.jpg,0,timestamp,1209,train
20170429205020436.jpg,0,timestamp,1210,train
20170429205031598.jpg,0,timestamp,1211,test
20170429205037522.jpg,0,timestamp,1212,val
20170429205042673.jpg,0,timestamp,1213,train
20170429205147287.jpg,0,timestamp,1214,train
20170429205149942.jpg,0,timestamp,1215,val
20170429205200118.jpg,0,timestamp,1216,train
20170429205205636.jpg,0,timestamp,1217,train
20170429205236551.jpg,0,timestamp,1218,train
20170429205259151.jpg,0,timestamp,1219,train
20170429205302250.jpg,0,timestamp,1220,test
20170429205336309.jpg,0,timestamp,1221,val
20170429205345622.jpg,0,timestamp,1222,train
20170429205357439.jpg,0,timestamp,1223,train
20170429205359026.jpg,0,timestamp,1224,train
20170429205402321.jpg,0,timestamp,1225,train
20170429205402333.jpg,0,timestamp,1226,train
20170429205459908.jpg,0,timestamp,1227,test
20170429205502213.jpg,0,timestamp,1228,train
20170429205517075.jpg,0,timestamp,1229,train
20170429205522492.jpg,0,timestamp,1230,train
20170429205525169.jpg,0,timestamp,1231,train
20170429205542770.jpg,0,timestamp,1232,test
20170429205604367.jpg,0,timestamp,1233,train
20170429205621477.jpg,0,timestamp,1234,val
20170429205648335.jpg,0,timestamp,1235,train
20170429205725019.jpg,0,timestamp,1236,test
20170429205727648.jpg,0,timestamp,1237,train
20170429205727730.jpg,0,timestamp,1238,train
20170429205807483.jpg,0,timestamp,1239,val
20170429205809104.jpg,0,timestamp,1240,train
20170429205854448.jpg,0,timestamp,1241,train
20170429205857382.jpg,0,timestamp,1242,train
20170429205939678.jpg,0,timestamp,1243,train
20170429205941167.jpg,0,timestamp,1244,val
20170429205941213.jpg,0,timestamp,1245,train
20170429210027765.jpg,0,timestamp,1246,train
20170429210029753.jpg,0,timestamp,1247,train
20170429210120003.jpg,0,timestamp,1248,train
20170429210129690.jpg,0,timestamp,1249,test
20170429210206630.jpg,0,timestamp,1250,val
20170429210208453.jpg,0,timestamp,1251,train
20170429210214682.jpg,0,timestamp,1252,train
20170429210236417.jpg,0,timestamp,1253,train
20170429210316571.jpg,0,timestamp,1254,test
20170429210329254.jpg,0,timestamp,1255,train
20170429210353879.jpg,0,timestamp,1256,test
20170429210400586.jpg,0,timestamp,1257,train
20170429210404360.jpg,0,timestamp,1258,val
20170429210408066.jpg,0,timestamp,1259,train
20170429210422443.jpg,0,timestamp,1260,train
20170429210431431.jpg,0,timestamp,1261,train
20170429210512044.jpg,0,timestamp,1262,train
20170429210608223.jpg,0,timestamp,1263,train
20170429210610881.jpg,0,timestamp,1264,val
20170429210630507.jpg,0,timestamp,1265,train
20170429210635256.jpg,0,timestamp,1266,train
20170429210712137.jpg,0,timestamp,1267,test
20170429210714738.jpg,0,timestamp,1268,train
20170429210734427.jpg,0,timestamp,1269,val
20170429210737859.jpg,0,timestamp,1270,train
20170429210801172.jpg,0,timestamp,1271,train
20170429210806155.jpg,0,timestamp,1272,train
20170429210836701.jpg,0,timestamp,1273,train
20170429210842626.jpg,0,timestamp,1274,train
20170429210854778.jpg,0,timestamp,1275,train
20170429210859316.jpg,0,timestamp,1276,test
20170429210915900.jpg,0,timestamp,1277,train
20170429210938928.jpg,0,timestamp,1278,train
20170429210944628.jpg,0,timestamp,1279,val
20170429211004089.jpg,0,timestamp,1280,test
20170429211011053.jpg,0,timestamp,1281,train
20170429211025317.jpg,0,timestamp,1282,train
20170429211034855.jpg,0,timestamp,1283,train
20170429211108816.jpg,0,timestamp,1284,train
20170429211115482.jpg,0,timestamp,1285,val
20170429211155663.jpg,0,timestamp,1286,train
20170429211250159.jpg,0,timestamp,1287,train
20170429211253093.jpg,0,timestamp,1288,train
20170429211437781.jpg,0,timestamp,1289,train
20170429211535495.jpg,0,timestamp,1290,train
20170429211551976.jpg,0,timestamp,1291,val
20170429211603875.jpg,0,timestamp,1292,test
20170429211655176.jpg,0,timestamp,1293,train
20170429211723221.jpg,0,timestamp,1294,train
20170429211807328.jpg,0,timestamp,1295,train
20170429211817042.jpg,0,timestamp,1296,train
20170429211825418.jpg,0,timestamp,1297,test
20170429211830286.jpg,0,timestamp,1298,train
20170429211930962.jpg,0,timestamp,1299,val
20170429211936663.jpg,0,timestamp,1300,train
20170429211939728.jpg,0,timestamp,1301,train
20170429212025437.jpg,0,timestamp,1302,test
20170429212028624.jpg,0,timestamp,1303,train
20170429212120568.jpg,0,timestamp,1304,train
20170429212130578.jpg,0,timestamp,1305,train
20170429212213827.jpg,0,timestamp,1306,val
20170429212217526.jpg,0,timestamp,1307,test
20170429212303368.jpg,0,timestamp,1308,train
20170429212306680.jpg,0,timestamp,1309,train
20170429212322109.jpg,0,timestamp,1310,train
20170429212332747.jpg,0,timestamp,1311,train
20170429212403085.jpg,0,timestamp,1312,train
20170429212410445.jpg,0,timestamp,1313,train
20170429212437072.jpg,0,timestamp,1314,val
20170429212453154.jpg,0,timestamp,1315,train
20170429212457762.jpg,0,timestamp,1316,train
20170429212526026.jpg,0,timestamp,1317,train
20170429212530143.jpg,0,timestamp,1318,train
20170429212623221.jpg,0,timestamp,1319,train
20170429212634742.jpg,0,timestamp,1320,test
20170429212635458.jpg,0,timestamp,1321,val
20170429212640572.jpg,0,timestamp,1322,train
20170429212713198.jpg,0,timestamp,1323,train
20170429212716947.jpg,0,timestamp,1324,train
20170429212728245.jpg,0,timestamp,1325,test
20170429212734086.jpg,0,timestamp,1326,train
20170429212801878.jpg,0,timestamp,1327,train
20170429212807968.jpg,0,timestamp,1328,val
20170429212835329.jpg,0,timestamp,1329,train
20170429212840065.jpg,0,timestamp,1330,train
20170429212853903.jpg,0,timestamp,1331,test
20170429212859624.jpg,0,timestamp,1332,val
20170429212956304.jpg,0,timestamp,1333,train
20170429212958244.jpg,0,timestamp,1334,test
20170429213018479.jpg,0,timestamp,1335,train
20170429213027948.jpg,0,timestamp,1336,train
20170429213053184.jpg,0,timestamp,1337,train
20170429213129722.jpg,0,timestamp,1338,train
20170429213135202.jpg,0,timestamp,1339,val
20170429213152276.jpg,0,timestamp,1340,train
20170429213158465.jpg,0,timestamp,1341,test
20170429213236557.jpg,0,timestamp,1342,train
20170429213239042.jpg,0,timestamp,1343,train
20170429213257193.jpg,0,timestamp,1344,train
20170429213305891.jpg,0,timestamp,1345,train
20170429213320500.jpg,0,timestamp,1346,train
20170429213324820.jpg,0,timestamp,1347,train
20170429213410950.jpg,0,timestamp,1348,test
20170429213412314.jpg,0,timestamp,1349,train
20170429213420850.jpg,0,timestamp,1350,val
20170429213426833.jpg,0,timestamp,1351,train
20170429213508406.jpg,0,timestamp,1352,test
20170429213519463.jpg,0,timestamp,1353,train
20170429213523992.jpg,0,timestamp,1354,train
20170429213524443.jpg,0,timestamp,1355,train
20170429213623095.jpg,0,timestamp,1356,val
20170429213636769.jpg,0,timestamp,1357,train
20170429213645735.jpg,0,timestamp,1358,train
20170429213720222.jpg,0,timestamp,1359,train
20170429213724153.jpg,0,timestamp,1360,test
20170429213734106.jpg,0,timestamp,1361,train
20170429213736649.jpg,0,timestamp,1362,train
20170429213803424.jpg,0,timestamp,1363,test
20170429213805846.jpg,0,timestamp,1364,val
20170429213932252.jpg,0,timestamp,1365,train
20170429213938431.jpg,0,timestamp,1366,train
20170429214029038.jpg,0,timestamp,1367,train
20170429214037193.jpg,0,timestamp,1253,train
20170429214228852.jpg,0,timestamp,1368,train
20170429214310392.jpg,0,timestamp,1369,train
20170429214321918.jpg,0,timestamp,1370,val
20170429214330890.jpg,0,timestamp,1371,train
20170429214337111.jpg,0,timestamp,1372,train
20170429214424940.jpg,0,timestamp,1373,train
20170429214426841.jpg,0,timestamp,1374,train
20170429214434015.jpg,0,timestamp,1375,test
20170429214436637.jpg,0,timestamp,1376,train
20170429214529850.jpg,0,timestamp,1365,train
20170429214532498.jpg,0,timestamp,1366,train
20170429214540625.jpg,0,timestamp,1377,train
20170429214546145.jpg,0,timestamp,1378,val
20170429214629036.jpg,0,timestamp,1379,train
20170429214633358.jpg,0,timestamp,1380,train
20170429214649474.jpg,0,timestamp,1381,train
20170429214650223.jpg,0,timestamp,1382,test
20170429214713035.jpg,0,timestamp,1383,val
20170429214714282.jpg,0,timestamp,1384,train
20170429214731181.jpg,0,timestamp,1385,train
20170429214734011.jpg,0,timestamp,1386,train
20170429214758300.jpg,0,timestamp,1387,test
20170429214801658.jpg,0,timestamp,1388,train
20170429214810104.jpg,0,timestamp,1389,test
20170429214814322.jpg,0,timestamp,1390,train
20170429214851803.jpg,0,timestamp,1391,train
20170429214900908.jpg,0,timestamp,1392,val
20170429214916462.jpg,0,timestamp,1393,train
20170429214919301.jpg,0,timestamp,1394,train
20170429214952435.jpg,0,timestamp,1395,train
20170429215004487.jpg,0,timestamp,1396,train
20170429215007174.jpg,0,timestamp,1397,val
20170429215045131.jpg,0,timestamp,1398,train
20170429215056224.jpg,0,timestamp,1399,train
20170429215113781.jpg,0,timestamp,1400,train
20170429215119377.jpg,0,timestamp,1401,train
20170429215146617.jpg,0,timestamp,1402,train
20170429215147601.jpg,0,timestamp,1403,train
20170429215216183.jpg,0,timestamp,1404,train
20170429215218066.jpg,0,timestamp,1405,test
20170429215311097.jpg,0,timestamp,1406,val
20170429215315674.jpg,0,timestamp,1407,train
20170429215323608.jpg,0,timestamp,1408,train
20170429215326784.jpg,0,timestamp,1409,train
20170429215416790.jpg,0,timestamp,1410,train
20170429215418505.jpg,0,timestamp,1411,val
20170429215529619.jpg,0,timestamp,1412,test
20170429215534306.jpg,0,timestamp,1413,train
20170429215557695.jpg,0,timestamp,1414,train
20170429215559883.jpg,0,timestamp,1415,train
20170429215625977.jpg,0,timestamp,1416,train
20170429215627504.jpg,0,timestamp,1417,train
20170429215702685.jpg,0,timestamp,1418,train
20170429215707649.jpg,0,timestamp,1419,test
20170429215816257.jpg,0,timestamp,1420,val
20170429215822630.jpg,0,timestamp,1421,train
20170429215836124.jpg,0,timestamp,1422,train
20170429215844860.jpg,0,timestamp,1423,test
20170429215912489.jpg,0,timestamp,1424,val
20170429215921985.jpg,0,timestamp,1425,train
20170429215929548.jpg,0,timestamp,1426,train
20170429215936481.jpg,0,timestamp,1427,train
20170429220006463.jpg,0,timestamp,1428,train
20170429220023817.jpg,0,timestamp,1429,train
20170429220026798.jpg,0,timestamp,1430,test
20170429220029305.jpg,0,timestamp,1431,train
20170429220107485.jpg,0,timestamp,1432,train
20170429220110763.jpg,0,timestamp,1433,train
20170429220118747.jpg,0,timestamp,1434,train
20170429220156336.jpg,0,timestamp,1435,val
20170429220204962.jpg,0,timestamp,1436,test
20170429220215205.jpg,0,timestamp,1437,test
20170429220220001.jpg,0,timestamp,1438,train
20170429220311454.jpg,0,timestamp,1439,train
20170429220312286.jpg,0,timestamp,1440,train
20170429220412774.jpg,0,timestamp,1441,train
20170429220419535.jpg,0,timestamp,1442,val
20170429220511223.jpg,0,timestamp,1443,train
20170429220516378.jpg,0,timestamp,1444,train
20170429220620536.jpg,0,timestamp,1445,train
20170429220626251.jpg,0,timestamp,1446,train
20170429220723517.jpg,0,timestamp,1447,val
20170429220728492.jpg,0,timestamp,1448,train
20170429220809156.jpg,0,timestamp,1449,train
20170429220817171.jpg,0,timestamp,1450,train
20170429220826018.jpg,0,timestamp,1451,test
20170429220832094.jpg,0,timestamp,1452,train
20170429220911457.jpg,0,timestamp,1453,train
20170429220923270.jpg,0,timestamp,1454,train
20170429220928943.jpg,0,timestamp,1455,val
20170429220931403.jpg,0,timestamp,1456,train
20170429221028450.jpg,0,timestamp,1457,train
20170429221034215.jpg,0,timestamp,1458,train
20170429221122514.jpg,0,timestamp,1459,train
20170429221136981.jpg,0,timestamp,1460,test
20170429221140130.jpg,0,timestamp,1461,train
20170429221140502.jpg,0,timestamp,1462,train
20170429221244887.jpg,0,timestamp,1463,test
20170429221245778.jpg,0,timestamp,1464,val
20170429221253283.jpg,0,timestamp,1465,test
20170429221335754.jpg,0,timestamp,1466,train
20170429221344610.jpg,0,timestamp,1467,train
20170429221345193.jpg,0,timestamp,1468,train
20170429221348614.jpg,0,timestamp,1469,train
20170429221437363.jpg,0,timestamp,1470,train
20170429221438480.jpg,0,timestamp,1471,val
20170429221447384.jpg,0,timestamp,1472,train
20170429221451374.jpg,0,timestamp,1473,train
20170429221517229.jpg,0,timestamp,1474,train
20170429221520080.jpg,0,timestamp,1475,val
20170429221601319.jpg,0,timestamp,1476,train
20170429221605827.jpg,0,timestamp,1477,train
20170429221635070.jpg,0,timestamp,1478,test
20170429221739344.jpg,0,timestamp,1479,train
20170429221743324.jpg,0,timestamp,1480,val
20170429221751727.jpg,0,timestamp,1481,train
20170429221754502.jpg,0,timestamp,1482,train
20170429221856724.jpg,0,timestamp,1483,train
20170429221907741.jpg,0,timestamp,1484,train
20170429221951444.jpg,0,timestamp,1485,train
20170429222004396.jpg,0,timestamp,1486,test
20170429222055704.jpg,0,timestamp,1487,train
20170429222139268.jpg,0,timestamp,1488,train
20170429222208486.jpg,0,timestamp,1489,val
20170429222219419.jpg,0,timestamp,1490,train
20170429222236516.jpg,0,timestamp,1491,train
20170429222244101.jpg,0,timestamp,1492,train
20170429222306771.jpg,0,timestamp,1493,train
20170429222316967.jpg,0,timestamp,1494,test
20170429222330975.jpg,0,timestamp,1495,train
20170429222336805.jpg,0,timestamp,1496,val
20170429222421625.jpg,0,timestamp,1497,train
20170429222433397.jpg,0,timestamp,1498,train
20170429222435339.jpg,0,timestamp,1499,train
20170429222523428.jpg,0,timestamp,1500,train
20170429222538933.jpg,0,timestamp,1501,train
20170429222540020.jpg,0,timestamp,1502,test
20170429222553825.jpg,0,timestamp,1503,train
20170429222648443.jpg,0,timestamp,1504,val
20170429222656417.jpg,0,timestamp,1505,train
20170429222706799.jpg,0,timestamp,1506,train
20170429222807282.jpg,0,timestamp,1507,train
20170429222810408.jpg,0,timestamp,1508,test
20170429222818277.jpg,0,timestamp,1509,val
20170429222819822.jpg,0,timestamp,1510,train
20170429222924732.jpg,0,timestamp,1511,train
20170429222925742.jpg,0,timestamp,1512,train
20170429222936535.jpg,0,timestamp,1513,train
20170429223025303.jpg,0,timestamp,1514,train
20170429223035962.jpg,0,timestamp,1515,train
20170429223139158.jpg,0,timestamp,1516,test
20170429223148908.jpg,0,timestamp,1517,val
20170429223234676.jpg,0,timestamp,1518,train
20170429223309129.jpg,0,timestamp,1519,train
20170429223418838.jpg,0,timestamp,1520,train
20170429223429622.jpg,0,timestamp,1521,train
20170429223446341.jpg,0,timestamp,1522,train
20170429223552940.jpg,0,timestamp,1523,train
20170429223628767.jpg,0,timestamp,1524,test
20170429223630839.jpg,0,timestamp,1525,val
20170429223644846.jpg,0,timestamp,1526,train
20170429223736176.jpg,0,timestamp,1527,train
20170429223746769.jpg,0,timestamp,1528,train
20170429223751001.jpg,0,timestamp,1529,val
20170429223754603.jpg,0,timestamp,1530,test
20170429223845045.jpg,0,timestamp,1531,train
20170429223858612.jpg,0,timestamp,1532,train
20170429223916653.jpg,0,timestamp,1533,train
20170429223942395.jpg,0,timestamp,1534,train
20170429224003353.jpg,0,timestamp,1535,train
20170429224019328.jpg,0,timestamp,1536,test
20170429224037690.jpg,0,timestamp,1537,train
20170429224052500.jpg,0,timestamp,1538,val
20170429224122446.jpg,0,timestamp,1539,train
20170429224200524.jpg,0,timestamp,1540,train
20170429224204244.jpg,0,timestamp,1541,train
20170429224248109.jpg,0,timestamp,1542,train
20170429224302682.jpg,0,timestamp,1543,train
20170429224308450.jpg,0,timestamp,1544,test
20170429224326292.jpg,0,timestamp,1545,train
20170429224407389.jpg,0,timestamp,1546,train
20170429224415970.jpg,0,timestamp,1547,val
20170429224439239.jpg,0,timestamp,1548,train
20170429224516433.jpg,0,timestamp,1549,train
20170429224523474.jpg,0,timestamp,1550,train
20170429224542378.jpg,0,timestamp,1551,train
20170429224554063.jpg,0,timestamp,1552,test
20170429224622325.jpg,0,timestamp,1553,val
20170429224633848.jpg,0,timestamp,1554,train
20170429224704335.jpg,0,timestamp,1555,train
20170429224744829.jpg,0,timestamp,1556,train
20170429224757696.jpg,0,timestamp,1557,test
20170429224801527.jpg,0,timestamp,1558,train
20170429224804529.jpg,0,timestamp,1559,val
20170429225234588.jpg,0,timestamp,1560,train
20170429225248404.jpg,0,timestamp,1561,train
20170429225351324.jpg,0,timestamp,1562,train
20170429225400728.jpg,0,timestamp,1563,train
20170429225450389.jpg,0,timestamp,1564,train
20170429225458235.jpg,0,timestamp,1565,train
20170429225610578.jpg,0,timestamp,1566,test
20170429225620953.jpg,0,timestamp,1567,val
20170429225712760.jpg,0,timestamp,1568,train
20170429225721436.jpg,0,timestamp,1569,train
20170429225833583.jpg,0,timestamp,1570,train
20170429225842980.jpg,0,timestamp,1571,train
20170429225935463.jpg,0,timestamp,1572,train
20170429225944443.jpg,0,timestamp,1573,train
20170429230100144.jpg,0,timestamp,1574,test
20170429230105958.jpg,0,timestamp,1575,train
20170429230304964.jpg,0,timestamp,1576,train
20170429230310614.jpg,0,timestamp,1577,val
20170429230556168.jpg,0,timestamp,1578,train
20170429230608129.jpg,0,timestamp,1579,train
20170429230701863.jpg,0,timestamp,1580,train
20170429230712355.jpg,0,timestamp,1581,test
20170429230824879.jpg,0,timestamp,1582,val
20170429230835610.jpg,0,timestamp,1583,train
20170429231040992.jpg,0,timestamp,1584,test
20170429231046998.jpg,0,timestamp,1585,train
20170429231120977.jpg,0,timestamp,1586,train
20170429231129017.jpg,0,timestamp,1587,train
20170429231227144.jpg,0,timestamp,1588,train
20170429231230211.jpg,0,timestamp,1589,val
20170429231316160.jpg,0,timestamp,1590,train
20170429231321260.jpg,0,timestamp,1591,train
20170429231407736.jpg,0,timestamp,1592,train
20170429231417443.jpg,0,timestamp,1593,val
20170429231508234.jpg,0,timestamp,1594,train
20170429231511129.jpg,0,timestamp,1595,train
20170429231600565.jpg,0,timestamp,1596,train
20170429231610484.jpg,0,timestamp,1597,train
20170429231658211.jpg,0,timestamp,1598,test
20170429231659042.jpg,0,timestamp,1599,train
20170429231748898.jpg,0,timestamp,1600,test
20170429231752118.jpg,0,timestamp,1601,val
20170429231836717.jpg,0,timestamp,1602,train
20170429231845378.jpg,0,timestamp,1603,train
20170429231929091.jpg,0,timestamp,1604,train
20170429231939390.jpg,0,timestamp,1605,train
20170429232029890.jpg,0,timestamp,1606,train
20170429232041823.jpg,0,timestamp,1607,train
20170429232122687.jpg,0,timestamp,1608,test
20170429232131033.jpg,0,timestamp,1609,train
20170429232230433.jpg,0,timestamp,1610,val
20170429232237638.jpg,0,timestamp,1611,train
20170429232324229.jpg,0,timestamp,1612,train
20170429232335757.jpg,0,timestamp,1613,train
20170430141128099.jpg,0,timestamp,958,test
20170430141400934.jpg,0,timestamp,960,train
20170430141501215.jpg,0,timestamp,961,val
20170430141507700.jpg,0,timestamp,962,train
20170430141737870.jpg,0,timestamp,959,train
20170430142406984.jpg,0,timestamp,952,test
20170430142545713.jpg,0,timestamp,956,train
20170430142552391.jpg,0,timestamp,957,train
20170430143038226.jpg,0,timestamp,1614,train
20170430144622359.jpg,0,timestamp,974,train
20170430144951621.jpg,0,timestamp,975,train
20170430145035418.jpg,0,timestamp,1615,val
20170430145041016.jpg,0,timestamp,976,train
20170430145132881.jpg,0,timestamp,960,train
20170430145139479.jpg,0,timestamp,1616,train
20170430145542429.jpg,0,timestamp,953,train
20170430145548173.jpg,0,timestamp,952,test
20170430150825153.jpg,0,timestamp,505,train
20170430150829830.jpg,0,timestamp,506,train
20170430152852201.jpg,0,timestamp,1617,train
20170430152855898.jpg,0,timestamp,1618,test
20170430153021069.jpg,0,timestamp,1619,train
20170430153022204.jpg,0,timestamp,1620,train
20170430153125783.jpg,0,timestamp,1621,train
20170430154617342.jpg,0,timestamp,1622,test
20170430155331241.jpg,0,timestamp,1623,train
20170430160453470.jpg,0,timestamp,1624,val
20170430160557030.jpg,0,timestamp,1625,train
20170430160739508.jpg,0,timestamp,1626,train
20170430173752142.jpg,0,timestamp,1627,train
20170430173804702.jpg,0,timestamp,1628,train
20170430175727365.jpg,0,timestamp,1629,train
20170430175729981.jpg,0,timestamp,1630,val
20170430175816621.jpg,0,timestamp,1631,train
20170430175820317.jpg,0,timestamp,1632,train
20170430175855104.jpg,0,timestamp,1633,test
20170430175859077.jpg,0,timestamp,1634,train
20170430175927451.jpg,0,timestamp,1635,train
20170430175930772.jpg,0,timestamp,1636,train
20170430175940285.jpg,0,timestamp,1637,test
20170430175942977.jpg,0,timestamp,1638,val
20170430180010932.jpg,0,timestamp,1639,train
20170430180013771.jpg,0,timestamp,1640,train
20170430180149866.jpg,0,timestamp,1641,train
20170430180153360.jpg,0,timestamp,1642,train
20170430180202271.jpg,0,timestamp,1643,val
20170430190713424.jpg,0,timestamp,1644,train
20170430190716742.jpg,0,timestamp,1645,train
20170430190812305.jpg,0,timestamp,1646,test
20170430190906592.jpg,0,timestamp,1647,train
20170430190910394.jpg,0,timestamp,1648,train
20170430191007590.jpg,0,timestamp,1649,val
20170430191106662.jpg,0,timestamp,1650,train
20170430191111763.jpg,0,timestamp,1651,test
20170430191201662.jpg,0,timestamp,1652,train
20170430191205889.jpg,0,timestamp,1653,train
20170430191250032.jpg,0,timestamp,1654,train
20170430191254633.jpg,0,timestamp,1655,train
20170430191337526.jpg,0,timestamp,1656,train
20170430191342076.jpg,0,timestamp,1657,val
20170430191606380.jpg,0,timestamp,1658,train
20170430191609332.jpg,0,timestamp,1659,train
20170430191705169.jpg,0,timestamp,1660,train
20170430191714281.jpg,0,timestamp,1661,test
20170430191802300.jpg,0,timestamp,1662,train
20170430191806200.jpg,0,timestamp,1663,train
20170430191902376.jpg,0,timestamp,1664,train
20170430191908651.jpg,0,timestamp,1665,val
20170430191939023.jpg,0,timestamp,1666,train
20170430191943009.jpg,0,timestamp,1667,test
20170430192421866.jpg,0,timestamp,1668,train
20170430192432728.jpg,0,timestamp,1669,train
20170430192532548.jpg,0,timestamp,1670,train
20170430192538230.jpg,0,timestamp,1671,train
20170430192632388.jpg,0,timestamp,1672,train
20170430192637690.jpg,0,timestamp,1673,test
20170430192742374.jpg,0,timestamp,1674,val
20170430192746528.jpg,0,timestamp,1675,train
20170430192813426.jpg,0,timestamp,1676,train
20170430192923388.jpg,0,timestamp,1677,val
20170430192941989.jpg,0,timestamp,1678,train
20170430192944581.jpg,0,timestamp,1679,test
20170430192959163.jpg,0,timestamp,1680,train
20170430193108847.jpg,0,timestamp,1681,train
20170430193112535.jpg,0,timestamp,1682,train
20170430193204945.jpg,0,timestamp,1683,train
20170430193232001.jpg,0,timestamp,1684,train
20170430193255619.jpg,0,timestamp,1685,train
20170430193300723.jpg,0,timestamp,1686,val
20170430193321931.jpg,0,timestamp,1687,test
20170430193324325.jpg,0,timestamp,1688,train
20170430193353131.jpg,0,timestamp,1689,train
20170430193354021.jpg,0,timestamp,1690,train
20170430193401074.jpg,0,timestamp,1691,train
20170430193405847.jpg,0,timestamp,1692,train
20170430193459105.jpg,0,timestamp,1693,val
20170430193507438.jpg,0,timestamp,1694,val
20170430193513456.jpg,0,timestamp,1695,train
20170430193517869.jpg,0,timestamp,1696,train
20170430193607059.jpg,0,timestamp,1697,test
20170430193616817.jpg,0,timestamp,1698,train
20170430193625923.jpg,0,timestamp,1699,train
20170430193633977.jpg,0,timestamp,1700,test
20170430193646374.jpg,0,timestamp,1701,train
20170430193710265.jpg,0,timestamp,1702,train
20170430193718351.jpg,0,timestamp,1703,train
20170430193736644.jpg,0,timestamp,1704,train
20170430193738751.jpg,0,timestamp,1705,train
20170430193824742.jpg,0,timestamp,1706,train
20170430193829449.jpg,0,timestamp,1707,test
20170430193849906.jpg,0,timestamp,1708,val
20170430193855502.jpg,0,timestamp,1709,train
20170430193930489.jpg,0,timestamp,1710,train
20170430193938725.jpg,0,timestamp,1711,train
20170430194128267.jpg,0,timestamp,1712,train
20170430194158570.jpg,0,timestamp,1713,val
20170430194228694.jpg,0,timestamp,1714,test
20170430194239469.jpg,0,timestamp,1715,train
20170430194325280.jpg,0,timestamp,1716,train
20170430194330581.jpg,0,timestamp,1717,train
20170430194549413.jpg,0,timestamp,1718,train
20170430194658679.jpg,0,timestamp,1719,train
20170430194805843.jpg,0,timestamp,1720,val
20170430194811993.jpg,0,timestamp,1721,test
20170430194922807.jpg,0,timestamp,1722,train
20170430195017757.jpg,0,timestamp,1723,train
20170430195020637.jpg,0,timestamp,1724,train
20170430195026297.jpg,0,timestamp,1725,train
20170430195029407.jpg,0,timestamp,1726,val
20170430195100346.jpg,0,timestamp,1727,train
20170430195124766.jpg,0,timestamp,1728,train
20170430195129254.jpg,0,timestamp,1729,train
20170430195148811.jpg,0,timestamp,1730,test
20170430195157992.jpg,0,timestamp,1731,train
20170430195202479.jpg,0,timestamp,1732,train
20170430195208274.jpg,0,timestamp,1733,train
20170430195215780.jpg,0,timestamp,1734,train
20170430195236495.jpg,0,timestamp,1735,val
20170430195240385.jpg,0,timestamp,1736,train
20170430195329560.jpg,0,timestamp,1735,val
20170430195329598.jpg,0,timestamp,1736,train
20170430195342147.jpg,0,timestamp,1737,train
20170430195345823.jpg,0,timestamp,1738,train
20170430195408430.jpg,0,timestamp,1739,test
20170430195412347.jpg,0,timestamp,1740,train
20170430195458005.jpg,0,timestamp,1741,train
20170430195502419.jpg,0,timestamp,1742,val
20170430195507023.jpg,0,timestamp,1743,train
20170430195511875.jpg,0,timestamp,1744,test
20170430195620250.jpg,0,timestamp,1745,train
20170430195631296.jpg,0,timestamp,1746,train
20170430195639622.jpg,0,timestamp,1747,train
20170430195726725.jpg,0,timestamp,1748,train
20170430195738065.jpg,0,timestamp,1749,val
20170430195742603.jpg,0,timestamp,1750,test
20170430195829731.jpg,0,timestamp,1751,train
20170430195838881.jpg,0,timestamp,1752,train
20170430195914892.jpg,0,timestamp,1753,train
20170430195959787.jpg,0,timestamp,1754,val
20170430200001876.jpg,0,timestamp,1755,train
20170430200108000.jpg,0,timestamp,1756,train
20170430200115232.jpg,0,timestamp,1757,train
20170430200124423.jpg,0,timestamp,1758,train
20170430200130967.jpg,0,timestamp,1759,test
20170430200148818.jpg,0,timestamp,1760,train
20170430200153873.jpg,0,timestamp,1761,train
20170430200202781.jpg,0,timestamp,1762,train
20170430200207432.jpg,0,timestamp,1763,train
20170430200239845.jpg,0,timestamp,1764,val
20170430200245076.jpg,0,timestamp,1765,train
20170430200313610.jpg,0,timestamp,1766,train
20170430200326292.jpg,0,timestamp,1767,test
20170430200327049.jpg,0,timestamp,1768,train
20170430200328771.jpg,0,timestamp,1769,val
20170430200406558.jpg,0,timestamp,1770,train
20170430200410145.jpg,0,timestamp,1771,train
20170430200418746.jpg,0,timestamp,1772,test
20170430200430297.jpg,0,timestamp,1773,train
20170430200432406.jpg,0,timestamp,1774,train
20170430200453150.jpg,0,timestamp,1775,train
20170430200519513.jpg,0,timestamp,1776,val
20170430200525077.jpg,0,timestamp,1777,test
20170430200542392.jpg,0,timestamp,1778,train
20170430200546082.jpg,0,timestamp,1779,train
20170430200610488.jpg,0,timestamp,1780,train
20170430200643256.jpg,0,timestamp,1781,train
20170430200645200.jpg,0,timestamp,1782,train
20170430200717384.jpg,0,timestamp,1783,val
20170430200740543.jpg,0,timestamp,1784,train
20170430200752110.jpg,0,timestamp,1785,test
20170430200759773.jpg,0,timestamp,1786,train
20170430200802277.jpg,0,timestamp,1787,train
20170430200840082.jpg,0,timestamp,1788,train
20170430200842654.jpg,0,timestamp,1789,val
20170430200908093.jpg,0,timestamp,1790,test
20170430200912409.jpg,0,timestamp,1791,train
20170430200921962.jpg,0,timestamp,1792,train
20170430200924139.jpg,0,timestamp,1793,train
20170430200958222.jpg,0,timestamp,1794,train
20170430200959365.jpg,0,timestamp,1795,train
20170430201006499.jpg,0,timestamp,1796,train
20170430201007090.jpg,0,timestamp,1797,train
20170430201016828.jpg,0,timestamp,1798,test
20170430201050126.jpg,0,timestamp,1799,val
20170430201052420.jpg,0,timestamp,1800,train
20170430201102868.jpg,0,timestamp,1801,train
20170430201106080.jpg,0,timestamp,1802,train
20170430201121491.jpg,0,timestamp,1803,train
20170430201123607.jpg,0,timestamp,1804,train
20170430201144335.jpg,0,timestamp,1805,train
20170430201146788.jpg,0,timestamp,1806,val
20170430201203478.jpg,0,timestamp,1807,test
20170430201208792.jpg,0,timestamp,1808,train
20170430201242535.jpg,0,timestamp,1809,train
20170430201247723.jpg,0,timestamp,1810,train
20170430201256556.jpg,0,timestamp,1811,train
20170430201303979.jpg,0,timestamp,1812,test
20170430201323898.jpg,0,timestamp,1813,val
20170430201327496.jpg,0,timestamp,1814,train
20170430201402386.jpg,0,timestamp,1815,train
20170430201405963.jpg,0,timestamp,1816,train
20170430201414723.jpg,0,timestamp,1817,train
20170430201424559.jpg,0,timestamp,1818,train
20170430201528262.jpg,0,timestamp,1819,train
20170430201632652.jpg,0,timestamp,1820,test
20170430201716105.jpg,0,timestamp,1821,val
20170430201806128.jpg,0,timestamp,1822,train
20170430202041924.jpg,0,timestamp,1823,test
20170430202143461.jpg,0,timestamp,1824,train
20170430202244071.jpg,0,timestamp,1825,train
20170430202442721.jpg,0,timestamp,1825,train
20170430202657958.jpg,0,timestamp,1826,val
20170430203018290.jpg,0,timestamp,1827,test
20170430203932432.jpg,0,timestamp,1828,train
20170430203940002.jpg,0,timestamp,1829,train
20170430204301874.jpg,0,timestamp,1830,train
20170430204352793.jpg,0,timestamp,1831,train
20170430204716484.jpg,0,timestamp,1832,train
20170430205155457.jpg,0,timestamp,1833,train
20170430205404105.jpg,0,timestamp,1834,test
20170430205410866.jpg,0,timestamp,1835,val
20170502002324525.jpg,0,timestamp,1836,train
20170519153205498.jpg,0,timestamp,1837,train
20170521005649670.jpg,0,timestamp,1838,train
20170521011801513.jpg,0,timestamp,1839,train
20170602091433895.jpg,0,timestamp,1840,train
20170609165224650.jpg,0,timestamp,1841,test
007-2809-100.jpg,1,hyphen,1842,train
007-2811-100.jpg,1,hyphen,1843,val
007-2812-100.jpg,1,hyphen,1844,train
007-2814-100.jpg,1,hyphen,1845,train
007-2815-100.jpg,1,hyphen,1846,train
007-2823-100.jpg,1,hyphen,1847,train
007-2824-100.jpg,1,hyphen,1848,train
007-2830-100.jpg,1,hyphen,1849,test
007-2831-100.jpg,1,hyphen,1850,val
007-2834-100.jpg,1,hyphen,1851,train
007-2835-100.jpg,1,hyphen,1852,train
007-2836-100.jpg,1,hyphen,1853,train
007-2837-100.jpg,1,hyphen,1854,val
007-2839-100.jpg,1,hyphen,1855,train
007-2840-100.jpg,1,hyphen,1856,train
007-2841-100.jpg,1,hyphen,1857,test
007-2842-100.jpg,1,hyphen,1858,train
007-2843-100.jpg,1,hyphen,1859,train
007-2844-100.jpg,1,hyphen,1860,train
007-2845-100.jpg,1,hyphen,1861,val
007-2846-100.jpg,1,hyphen,1862,train
007-2848-100.jpg,1,hyphen,1863,train
007-2852-100.jpg,1,hyphen,1864,train
007-2856-100.jpg,1,hyphen,1865,train
007-2859-100.jpg,1,hyphen,1866,test
007-2865-100.jpg,1,hyphen,1867,train
007-2867-100.jpg,1,hyphen,1868,train
007-2877-100.jpg,1,hyphen,1869,train
007-2878-100.jpg,1,hyphen,1870,train
007-2879-100.jpg,1,hyphen,1871,train
007-2880-100.jpg,1,hyphen,1872,test
007-2882-100.jpg,1,hyphen,1873,val
007-2883-100.jpg,1,hyphen,1874,train
007-2884-100.jpg,1,hyphen,1875,train
007-2885-100.jpg,1,hyphen,1876,train
007-2889-100.jpg,1,hyphen,1877,val
007-2890-100.jpg,1,hyphen,1878,test
007-2891-100.jpg,1,hyphen,1879,train
007-2892-100.jpg,1,hyphen,1880,train
007-2906-100.jpg,1,hyphen,1881,train
007-2907-100.jpg,1,hyphen,1882,train
007-2908-100.jpg,1,hyphen,1883,test
007-2911-100.jpg,1,hyphen,1884,train
007-2920-100.jpg,1,hyphen,1885,train
007-2922-100.jpg,1,hyphen,1886,train
007-2936-100.jpg,1,hyphen,1887,val
007-2938-100.jpg,1,hyphen,1888,val
007-2945-100.jpg,1,hyphen,1889,train
007-2953-100.jpg,1,hyphen,1890,train
007-2960-100.jpg,1,hyphen,1891,train
007-2961-100.jpg,1,hyphen,1892,train
007-2962-100.jpg,1,hyphen,1893,test
007-2963-100.jpg,1,hyphen,1894,train
007-2976-100.jpg,1,hyphen,1895,train
007-2981-100.jpg,1,hyphen,1896,val
007-2983-100.jpg,1,hyphen,1897,train
007-2985-100.jpg,1,hyphen,1898,train
007-2986-100.jpg,1,hyphen,1899,test
007-2988-100.jpg,1,hyphen,1900,train
007-2990-100.jpg,1,hyphen,1901,train
007-2998-100.jpg,1,hyphen,1902,train
007-3008-100.jpg,1,hyphen,1903,train
007-3009-100.jpg,1,hyphen,1904,train
007-3019-100.jpg,1,hyphen,1905,train
007-3023-100.jpg,1,hyphen,1906,train
007-3029-100.jpg,1,hyphen,1907,test
007-3033-100.jpg,1,hyphen,1908,val
007-3034-100.jpg,1,hyphen,1909,train
007-3036-100.jpg,1,hyphen,1910,val
007-3038-100.jpg,1,hyphen,1911,train
007-3039-100.jpg,1,hyphen,1912,train
007-3040-100.jpg,1,hyphen,1913,train
007-3041-100.jpg,1,hyphen,1914,test
007-3042-100.jpg,1,hyphen,1915,train
007-3043-100.jpg,1,hyphen,1916,train
007-3044-100.jpg,1,hyphen,1917,train
007-3045-100.jpg,1,hyphen,1918,train
007-3047-100.jpg,1,hyphen,1919,train
007-3048-100.jpg,1,hyphen,1920,test
007-3050-100.jpg,1,hyphen,1921,val
007-3051-100.jpg,1,hyphen,1922,train
007-3052-100.jpg,1,hyphen,1923,train
007-3059-100.jpg,1,hyphen,1924,train
007-3061-100.jpg,1,hyphen,1925,val
007-3062-100.jpg,1,hyphen,1926,train
007-3064-100.jpg,1,hyphen,1927,test
007-3068-100.jpg,1,hyphen,1928,test
007-3069-100.jpg,1,hyphen,1929,train
007-3075-100.jpg,1,hyphen,1930,train
007-3081-100.jpg,1,hyphen,1931,train
007-3082-100.jpg,1,hyphen,1932,test
007-3083-100.jpg,1,hyphen,1933,val
007-3084-100.jpg,1,hyphen,1934,train
007-3088-100.jpg,1,hyphen,1935,train
007-3089-100.jpg,1,hyphen,1936,train
007-3090-100.jpg,1,hyphen,1937,train
007-3094-100.jpg,1,hyphen,1938,train
007-3095-100.jpg,1,hyphen,1939,val
007-3096-100.jpg,1,hyphen,1940,test
007-3100-100.jpg,1,hyphen,1941,train
007-3101-100.jpg,1,hyphen,1942,train
007-3102-100.jpg,1,hyphen,1943,train
007-3103-100.jpg,1,hyphen,1944,train
007-3104-100.jpg,1,hyphen,1945,train
007-3105-100.jpg,1,hyphen,1946,val
007-3119-100.jpg,1,hyphen,1947,train
007-3120-100.jpg,1,hyphen,1948,train
007-3128-100.jpg,1,hyphen,1949,train
007-3132-100.jpg,1,hyphen,1950,test
007-3146-100.jpg,1,hyphen,1951,test
007-3158-100.jpg,1,hyphen,1952,train
007-3169-100.jpg,1,hyphen,1953,train
007-3170-100.jpg,1,hyphen,1954,val
007-3172-100.jpg,1,hyphen,1955,train
007-3173-100.jpg,1,hyphen,1956,train
007-3174-100.jpg,1,hyphen,1957,train
007-3179-100.jpg,1,hyphen,1958,train
007-3180-100.jpg,1,hyphen,1959,val
007-3181-100.jpg,1,hyphen,1960,train
007-3184-100.jpg,1,hyphen,1961,train
007-3185-100.jpg,1,hyphen,1962,train
007-3189-100.jpg,1,hyphen,1963,test
007-3200-100.jpg,1,hyphen,1964,train
007-3201-100.jpg,1,hyphen,1965,train
007-3209-100.jpg,1,hyphen,1966,train
007-3210-100.jpg,1,hyphen,1967,train
007-3212-100.jpg,1,hyphen,1968,train
007-3213-100.jpg,1,hyphen,1969,test
007-3216-100.jpg,1,hyphen,1970,val
007-3217-100.jpg,1,hyphen,1971,train
007-3225-100.jpg,1,hyphen,1972,train
007-3231-100.jpg,1,hyphen,1973,train
007-3237-100.jpg,1,hyphen,1974,val
007-3238-100.jpg,1,hyphen,1975,train
007-3239-100.jpg,1,hyphen,1976,train
007-3240-100.jpg,1,hyphen,1977,test
007-3242-100.jpg,1,hyphen,1978,train
007-3245-100.jpg,1,hyphen,1979,train
007-3246-100.jpg,1,hyphen,1980,train
007-3248-100.jpg,1,hyphen,1981,val
007-3250-100.jpg,1,hyphen,1982,train
007-3251-100.jpg,1,hyphen,1983,test
007-3253-100.jpg,1,hyphen,1984,train
007-3254-100.jpg,1,hyphen,1985,train
007-3255-100.jpg,1,hyphen,1986,train
007-3259-100.jpg,1,hyphen,1987,train
007-3260-100.jpg,1,hyphen,1988,val
007-3261-100.jpg,1,hyphen,1989,train
007-3267-100.jpg,1,hyphen,1990,train
007-3272-100.jpg,1,hyphen,1991,train
007-3273-100.jpg,1,hyphen,1992,test
007-3275-100.jpg,1,hyphen,1993,train
007-3276-100.jpg,1,hyphen,1994,train
007-3278-100.jpg,1,hyphen,1995,train
007-4035-200.jpg,1,hyphen,1996,val
007-5436-300.jpg,1,hyphen,1997,train
20170502161756207.jpg,1,timestamp,1998,train
20170503090942880.jpg,1,timestamp,1999,test
20170504101207303.jpg,1,timestamp,2000,train
20170510082538687.jpg,1,timestamp,2001,train
20170510235945071.jpg,1,timestamp,2002,test
20170511155152663.jpg,1,timestamp,2003,train
20170511160808082.jpg,1,timestamp,2004,train
20170511170800183.jpg,1,timestamp,2005,val
20170516160126110.jpg,1,timestamp,2006,train
20170517095552898.jpg,1,timestamp,2007,train
20170518171333730.jpg,1,timestamp,2008,train
20170519153500194.jpg,1,timestamp,2009,val
20170521094903529.jpg,1,timestamp,2010,train
20170522165511476.jpg,1,timestamp,2011,train
20170527183633885.jpg,1,timestamp,2012,train
20170602084034474.jpg,1,timestamp,2013,test
20170605153241003.jpg,1,timestamp,2014,train
20170609090537957.jpg,1,timestamp,2015,train
20170609152303463.jpg,1,timestamp,2016,train
20170609154552424.jpg,1,timestamp,2017,train
20170610090813812.jpg,1,timestamp,2018,val
20170613150734900.jpg,1,timestamp,2019,train
20170614102011786.jpg,1,timestamp,2020,test
20170615110200358.jpg,1,timestamp,2021,train
20170615114500999.jpg,1,timestamp,2022,train
20170615145539585.jpg,1,timestamp,2023,train
20170616125321132.jpg,1,timestamp,2024,val
20170617103821616.jpg,1,timestamp,2025,train
20170625202046477.jpg,1,timestamp,2026,train
20170627101206389.jpg,1,timestamp,2027,test
20170627113846114.jpg,1,timestamp,2028,train
20170627174255795.jpg,1,timestamp,2029,train
20170627192035083.jpg,1,timestamp,2030,test
007-5953-300.jpg,2,hyphen,2031,train
007-5954-300.jpg,2,hyphen,2032,val
007-5955-300.jpg,2,hyphen,2033,train
007-5956-300.jpg,2,hyphen,2034,train
007-5957-300.jpg,2,hyphen,2035,train
007-5958-300.jpg,2,hyphen,2036,val
007-5959-300.jpg,2,hyphen,2037,train
007-5960-300.jpg,2,hyphen,2038,train
007-5961-300.jpg,2,hyphen,2039,train
007-5962-300.jpg,2,hyphen,2040,train
007-5967-300.jpg,2,hyphen,2041,train
007-5968-300.jpg,2,hyphen,2042,test
007-5969-300.jpg,2,hyphen,2043,val
007-5970-300.jpg,2,hyphen,2044,train
007-5971-300.jpg,2,hyphen,2045,train
007-5974-300.jpg,2,hyphen,2046,train
007-5976-300.jpg,2,hyphen,2047,train
007-5977-300.jpg,2,hyphen,2048,test
007-5979-300.jpg,2,hyphen,2049,train
007-5980-300.jpg,2,hyphen,2050,train
007-5981-300.jpg,2,hyphen,2051,val
007-5982-300.jpg,2,hyphen,2052,train
007-5983-300.jpg,2,hyphen,2053,train
007-5984-300.jpg,2,hyphen,2054,train
007-5985-300.jpg,2,hyphen,2055,test
007-5986-300.jpg,2,hyphen,2056,train
007-5989-300.jpg,2,hyphen,2057,train
007-5990-300.jpg,2,hyphen,2058,train
007-5991-300.jpg,2,hyphen,2059,train
007-5992-300.jpg,2,hyphen,2060,val
007-5994-300.jpg,2,hyphen,2061,train
007-5995-300.jpg,2,hyphen,2062,train
007-5997-300.jpg,2,hyphen,2063,test
007-5998-300.jpg,2,hyphen,2064,train
007-6001-300.jpg,2,hyphen,2065,train
007-6004-300.jpg,2,hyphen,2066,test
007-6005-300.jpg,2,hyphen,2067,val
007-6006-300.jpg,2,hyphen,2068,train
007-6007-300.jpg,2,hyphen,2069,train
007-6008-300.jpg,2,hyphen,2070,test
007-6009-300.jpg,2,hyphen,2071,train
007-6012-300.jpg,2,hyphen,2072,train
007-6013-300.jpg,2,hyphen,2073,val
007-6014-300.jpg,2,hyphen,2074,train
007-6015-300.jpg,2,hyphen,2075,train
007-6016-300.jpg,2,hyphen,2076,train
007-6017-300.jpg,2,hyphen,2077,train
007-6018-300.jpg,2,hyphen,2078,train
007-6020-300.jpg,2,hyphen,2079,train
007-6022-300.jpg,2,hyphen,2080,val
007-6023-300.jpg,2,hyphen,2081,train
007-6024-300.jpg,2,hyphen,2082,train
007-6025-300.jpg,2,hyphen,2083,val
007-6026-300.jpg,2,hyphen,2084,train
007-6027-300.jpg,2,hyphen,2085,test
007-6028-300.jpg,2,hyphen,2086,train
007-6029-300.jpg,2,hyphen,2087,train
007-6030-300.jpg,2,hyphen,2088,train
007-6031-300.jpg,2,hyphen,2089,train
007-6032-300.jpg,2,hyphen,2090,train
007-6033-300.jpg,2,hyphen,2091,train
007-6034-300.jpg,2,hyphen,2092,test
007-6035-300.jpg,2,hyphen,2093,val
007-6040-300.jpg,2,hyphen,2094,train
007-6041-300.jpg,2,hyphen,2095,train
007-6042-300.jpg,2,hyphen,2096,val
007-6043-300.jpg,2,hyphen,2097,train
007-6044-300.jpg,2,hyphen,2098,train
007-6045-300.jpg,2,hyphen,2099,train
007-6046-300.jpg,2,hyphen,2100,test
007-6047-300.jpg,2,hyphen,2101,train
007-6048-300.jpg,2,hyphen,2102,train
007-6049-300.jpg,2,hyphen,2103,train
007-6050-300.jpg,2,hyphen,2104,train
007-6051-300.jpg,2,hyphen,2105,train
007-6052-300.jpg,2,hyphen,2106,val
007-6053-300.jpg,2,hyphen,2107,train
007-6054-300.jpg,2,hyphen,2108,test
007-6055-300.jpg,2,hyphen,2109,train
007-6056-300.jpg,2,hyphen,2110,train
007-6057-300.jpg,2,hyphen,2111,train
007-6058-300.jpg,2,hyphen,2112,train
007-6059-300.jpg,2,hyphen,2113,train
007-6060-300.jpg,2,hyphen,2114,test
007-6061-300.jpg,2,hyphen,2115,val
007-6062-300.jpg,2,hyphen,2116,train
007-6063-300.jpg,2,hyphen,2117,train
007-6064-300.jpg,2,hyphen,2118,train
007-6065-300.jpg,2,hyphen,2119,train
007-6066-300.jpg,2,hyphen,2120,val
007-6067-300.jpg,2,hyphen,2121,test
007-6068-300.jpg,2,hyphen,2122,train
007-6069-300.jpg,2,hyphen,2123,val
007-6070-300.jpg,2,hyphen,2124,train
007-6071-300.jpg,2,hyphen,2125,train
007-6072-300.jpg,2,hyphen,2126,train
007-6073-300.jpg,2,hyphen,2127,train
007-6075-300.jpg,2,hyphen,2128,train
007-6076-300.jpg,2,hyphen,2129,test
007-6077-300.jpg,2,hyphen,2130,test
007-6078-300.jpg,2,hyphen,2131,train
007-6079-300.jpg,2,hyphen,2132,train
007-6080-300.jpg,2,hyphen,2133,train
007-6081-300.jpg,2,hyphen,2134,train
007-6082-300.jpg,2,hyphen,2135,val
007-6083-300.jpg,2,hyphen,2136,train
007-6084-300.jpg,2,hyphen,2137,val
007-6085-300.jpg,2,hyphen,2138,train
007-6086-300.jpg,2,hyphen,2139,train
007-6087-300.jpg,2,hyphen,2140,train
007-6088-300.jpg,2,hyphen,2141,train
007-6089-300.jpg,2,hyphen,2142,train
007-6090-300.jpg,2,hyphen,2143,test
007-6091-300.jpg,2,hyphen,2144,train
007-6092-300.jpg,2,hyphen,2145,val
007-6095-300.jpg,2,hyphen,2146,train
007-6096-300.jpg,2,hyphen,2147,train
007-6097-300.jpg,2,hyphen,2148,test
007-6098-300.jpg,2,hyphen,2149,train
007-6099-300.jpg,2,hyphen,2150,train
007-6100-300.jpg,2,hyphen,2151,val
007-6101-300.jpg,2,hyphen,2152,train
007-6103-300.jpg,2,hyphen,2153,train
007-6104-300.jpg,2,hyphen,2154,test
007-6105-300.jpg,2,hyphen,2155,train
007-6106-300.jpg,2,hyphen,2156,train
007-6107-300.jpg,2,hyphen,2157,train
007-6108-300.jpg,2,hyphen,2158,val
007-6109-300.jpg,2,hyphen,2159,train
007-6110-300.jpg,2,hyphen,2160,train
007-6111-300.jpg,2,hyphen,2161,test
007-6112-300.jpg,2,hyphen,2162,train
007-6113-300.jpg,2,hyphen,2163,train
007-6114-300.jpg,2,hyphen,2164,train
007-6115-300.jpg,2,hyphen,2165,train
007-6116-300.jpg,2,hyphen,2166,train
007-6117-300.jpg,2,hyphen,2167,val
007-6118-300.jpg,2,hyphen,2168,train
007-6119-300.jpg,2,hyphen,2169,train
007-6120-300.jpg,2,hyphen,2170,val
007-6121-300.jpg,2,hyphen,2171,test
007-6122-300.jpg,2,hyphen,2172,train
007-6125-300.jpg,2,hyphen,2173,train
007-6126-300.jpg,2,hyphen,2174,train
007-6127-300.jpg,2,hyphen,2175,train
007-6128-300.jpg,2,hyphen,2176,test
007-6129-300.jpg,2,hyphen,2177,train
007-6130-300.jpg,2,hyphen,2178,test
007-6131-300.jpg,2,hyphen,2179,train
007-6133-300.jpg,2,hyphen,2180,train
007-6134-300.jpg,2,hyphen,2181,train
007-6135-300.jpg,2,hyphen,2182,val
007-6136-300.jpg,2,hyphen,2183,train
007-6137-300.jpg,2,hyphen,2184,train
007-6138-300.jpg,2,hyphen,2185,val
007-6139-300.jpg,2,hyphen,2186,train
007-6140-300.jpg,2,hyphen,2187,train
007-6141-300.jpg,2,hyphen,2188,train
007-6143-300.jpg,2,hyphen,2189,val
007-6144-300.jpg,2,hyphen,2190,train
007-6146-300.jpg,2,hyphen,2191,test
007-6147-300.jpg,2,hyphen,2192,train
007-6149-300.jpg,2,hyphen,2193,train
007-6150-300.jpg,2,hyphen,2194,train
007-6151-300.jpg,2,hyphen,2195,train
007-6152-300.jpg,2,hyphen,2196,train
007-6153-300.jpg,2,hyphen,2197,val
007-6154-300.jpg,2,hyphen,2198,test
007-6155-300.jpg,2,hyphen,2199,train
007-6156-300.jpg,2,hyphen,2200,train
007-6157-300.jpg,2,hyphen,2201,train
007-6158-300.jpg,2,hyphen,2202,train
007-6159-300.jpg,2,hyphen,2203,train
007-6161-300.jpg,2,hyphen,2204,train
007-6162-300.jpg,2,hyphen,2205,test
007-6163-300.jpg,2,hyphen,2206,train
007-6165-300.jpg,2,hyphen,2207,train
007-6166-300.jpg,2,hyphen,2208,train
007-6167-300.jpg,2,hyphen,2209,val
007-6168-300.jpg,2,hyphen,2210,train
007-6169-300.jpg,2,hyphen,2211,train
007-6170-300.jpg,2,hyphen,2212,train
007-6171-300.jpg,2,hyphen,2213,test
007-6172-300.jpg,2,hyphen,2214,train
007-6173-300.jpg,2,hyphen,2215,val
007-6174-300.jpg,2,hyphen,2216,train
007-6177-300.jpg,2,hyphen,2217,train
007-6178-300.jpg,2,hyphen,2218,train
007-6179-300.jpg,2,hyphen,2219,test
007-6180-300.jpg,2,hyphen,2220,train
007-6181-300.jpg,2,hyphen,2221,train
007-6182-300.jpg,2,hyphen,2222,val
007-6183-300.jpg,2,hyphen,2223,train
007-6184-300.jpg,2,hyphen,2224,train
007-6185-300.jpg,2,hyphen,2225,test
007-6186-300.jpg,2,hyphen,2226,train
007-6189-300.jpg,2,hyphen,2227,train
007-6190-300.jpg,2,hyphen,2228,train
007-6192-300.jpg,2,hyphen,2229,train
007-6193-300.jpg,2,hyphen,2230,val
007-6194-300.jpg,2,hyphen,2231,train
007-6195-300.jpg,2,hyphen,2232,train
007-6196-300.jpg,2,hyphen,2233,test
007-6197-300.jpg,2,hyphen,2234,train
007-6199-300.jpg,2,hyphen,2235,train
007-6200-300.jpg,2,hyphen,2236,train
007-6201-300.jpg,2,hyphen,2237,val
007-6202-300.jpg,2,hyphen,2238,train
007-6203-300.jpg,2,hyphen,2239,train
007-6204-300.jpg,2,hyphen,2240,test
007-6206-300.jpg,2,hyphen,2241,train
007-6207-300.jpg,2,hyphen,2242,train
007-6208-300.jpg,2,hyphen,2243,val
007-6209-300.jpg,2,hyphen,2244,train
007-6210-300.jpg,2,hyphen,2245,train
007-6211-300.jpg,2,hyphen,2246,train
007-6212-300.jpg,2,hyphen,2247,train
007-6215-300.jpg,2,hyphen,2248,train
007-6217-300.jpg,2,hyphen,2249,test
007-6220-300.jpg,2,hyphen,2250,val
007-6222-300.jpg,2,hyphen,2251,train
007-6223-300.jpg,2,hyphen,2252,train
007-6224-300.jpg,2,hyphen,2253,train
007-6225-300.jpg,2,hyphen,2254,test
007-6227-300.jpg,2,hyphen,2255,train
007-6228-300.jpg,2,hyphen,2256,val
007-6229-300.jpg,2,hyphen,2257,train
007-6231-300.jpg,2,hyphen,2258,train
007-6232-300.jpg,2,hyphen,2259,train
007-6233-300.jpg,2,hyphen,2260,train
007-6234-300.jpg,2,hyphen,2261,train
007-6235-300.jpg,2,hyphen,2262,test
007-6236-300.jpg,2,hyphen,2263,train
007-6237-300.jpg,2,hyphen,2264,train
007-6238-300.jpg,2,hyphen,2265,val
007-6240-300.jpg,2,hyphen,2266,train
007-6241-300.jpg,2,hyphen,2267,train
007-6242-300.jpg,2,hyphen,2268,train
007-6243-300.jpg,2,hyphen,2269,train
007-6245-300.jpg,2,hyphen,2270,test
007-6246-300.jpg,2,hyphen,2271,train
007-6247-300.jpg,2,hyphen,2272,val
007-6248-300.jpg,2,hyphen,2273,train
007-6249-300.jpg,2,hyphen,2274,train
007-6250-300.jpg,2,hyphen,2275,train
007-6251-300.jpg,2,hyphen,2276,train
007-6252-300.jpg,2,hyphen,2277,test
007-6253-300.jpg,2,hyphen,2278,train
007-6255-300.jpg,2,hyphen,2279,train
007-6256-300.jpg,2,hyphen,2280,val
007-6257-300.jpg,2,hyphen,2281,train
007-6258-300.jpg,2,hyphen,2282,train
007-6259-300.jpg,2,hyphen,2283,train
007-6260-300.jpg,2,hyphen,2284,val
007-6261-300.jpg,2,hyphen,2285,test
007-6262-300.jpg,2,hyphen,2286,train
007-6272-300.jpg,2,hyphen,2287,train
007-6273-300.jpg,2,hyphen,2288,val
007-6274-300.jpg,2,hyphen,2289,train
007-6275-300.jpg,2,hyphen,2290,test
007-6277-300.jpg,2,hyphen,2291,train
007-6278-300.jpg,2,hyphen,2292,train
007-6279-300.jpg,2,hyphen,2293,train
007-6280-300.jpg,2,hyphen,2294,train
007-6281-300.jpg,2,hyphen,2295,train
007-6282-300.jpg,2,hyphen,2296,test
007-6283-300.jpg,2,hyphen,2297,train
007-6317-400.jpg,2,hyphen,2298,train
007-6319-400.jpg,2,hyphen,2299,val
007-6386-400.jpg,2,hyphen,2300,train
007-6400-400.jpg,2,hyphen,2301,train
007-6487-400.jpg,2,hyphen,2302,train
007-6544-400.jpg,2,hyphen,2303,train
007-6726-400.jpg,2,hyphen,2304,test
007-6733-400.jpg,2,hyphen,2305,train
007-6739-400.jpg,2,hyphen,2306,train
007-6744-400.jpg,2,hyphen,2307,train
007-6866-400.jpg,2,hyphen,2308,val
007-6907-400.jpg,2,hyphen,2309,train
007-6960-400.jpg,2,hyphen,2310,train
007-6996-400.jpg,2,hyphen,2311,train
007-7051-400.jpg,2,hyphen,2312,train
007-7101-400.jpg,2,hyphen,2313,test
007-7269-601.jpg,2,hyphen,2314,val
007-7343-601.jpg,2,hyphen,2315,train
007-7352-601.jpg,2,hyphen,2316,train
007-7379-601.jpg,2,hyphen,2317,train
007-7403-601.jpg,2,hyphen,2318,train
007-7424-601.jpg,2,hyphen,2319,val
007-7477-601.jpg,2,hyphen,2320,train
007-7479-601.jpg,2,hyphen,2321,test
007-7486-601.jpg,2,hyphen,2322,train
007-7496-601.jpg,2,hyphen,2323,train
007-7498-601.jpg,2,hyphen,2324,train
007-7499-601.jpg,2,hyphen,2325,train
007-7500-601.jpg,2,hyphen,2326,test
007-7504-601.jpg,2,hyphen,2327,val
007-7527-601.jpg,2,hyphen,2328,train
007-7534-601.jpg,2,hyphen,2329,train
007-7535-601.jpg,2,hyphen,2330,train
007-7536-601.jpg,2,hyphen,2331,test
007-7546-601.jpg,2,hyphen,2332,train
007-7554-601.jpg,2,hyphen,2333,train
007-7573-601.jpg,2,hyphen,2334,train
007-7594-601.jpg,2,hyphen,2335,val
007-7595-601.jpg,2,hyphen,2336,train
007-7596-601.jpg,2,hyphen,2337,train
007-7601-601.jpg,2,hyphen,2338,train
007-7605-601.jpg,2,hyphen,2339,train
007-7631-601.jpg,2,hyphen,2340,train
007-7662-601.jpg,2,hyphen,2341,train
007-7666-601.jpg,2,hyphen,2342,test
007-7701-601.jpg,2,hyphen,2343,train
007-7707-601.jpg,2,hyphen,2344,val
007-7729-601.jpg,2,hyphen,2345,train
007-7743-601.jpg,2,hyphen,2346,test
007-7751-601.jpg,2,hyphen,2347,train
007-7752-601.jpg,2,hyphen,2348,val
007-7753-601.jpg,2,hyphen,2349,train
007-7762-601.jpg,2,hyphen,2350,train
007-7764-601.jpg,2,hyphen,2351,train
007-7768-601.jpg,2,hyphen,2352,train
007-7772-601.jpg,2,hyphen,2353,train
007-7773-601.jpg,2,hyphen,2354,train
007-7823-601.jpg,2,hyphen,2355,train
007-7854-601.jpg,2,hyphen,2356,test
007-7856-601.jpg,2,hyphen,2357,train
007-7870-601.jpg,2,hyphen,2358,val
007-7874-601.jpg,2,hyphen,2359,train
007-7887-601.jpg,2,hyphen,2360,val
007-7911-601.jpg,2,hyphen,2361,train
007-7919-601.jpg,2,hyphen,2362,train
007-7947-601.jpg,2,hyphen,2363,train
007-7952-601.jpg,2,hyphen,2364,train
007-7958-601.jpg,2,hyphen,2365,train
007-7962-601.jpg,2,hyphen,2366,test
007-7965-601.jpg,2,hyphen,2367,train
007-7967-601.jpg,2,hyphen,2368,val
007-7991-601.jpg,2,hyphen,2369,train
007-8005-601.jpg,2,hyphen,2370,test
007-8006-601.jpg,2,hyphen,2371,train
007-8010-601.jpg,2,hyphen,2372,train
007-8028-601.jpg,2,hyphen,2373,train
007-8039-601.jpg,2,hyphen,2374,train
007-8066-601.jpg,2,hyphen,2375,train
007-8070-601.jpg,2,hyphen,2376,test
007-8079-601.jpg,2,hyphen,2377,val
007-8089-601.jpg,2,hyphen,2378,train
007-8149-601.jpg,2,hyphen,2379,train
007-8170-601.jpg,2,hyphen,2380,train
007-8171-601.jpg,2,hyphen,2381,val
007-8189-601.jpg,2,hyphen,2382,train
007-8204-601.jpg,2,hyphen,2383,train
007-8259-602.jpg,2,hyphen,2384,train
007-8268-602.jpg,2,hyphen,2385,train
007-8304-602.jpg,2,hyphen,2386,train
007-8312-602.jpg,2,hyphen,2387,test
007-8316-602.jpg,2,hyphen,2388,train
007-8321-602.jpg,2,hyphen,2389,val
007-8369-603.jpg,2,hyphen,2390,test
007-8389-603.jpg,2,hyphen,2391,train
007-8400-603.jpg,2,hyphen,2392,train
007-8405-603.jpg,2,hyphen,2393,train
007-8406-603.jpg,2,hyphen,2394,train
007-8407-603.jpg,2,hyphen,2395,train
007-8408-603.jpg,2,hyphen,2396,val
007-8412-603.jpg,2,hyphen,2397,train
007-8414-603.jpg,2,hyphen,2398,test
007-8417-603.jpg,2,hyphen,2399,train
007-8424-603.jpg,2,hyphen,2400,train
007-8426-603.jpg,2,hyphen,2401,train
007-8428-603.jpg,2,hyphen,2402,train
007-8456-603.jpg,2,hyphen,2403,train
007-8485-604.jpg,2,hyphen,2404,val
007-8491-604.jpg,2,hyphen,2405,train
007-8530-604.jpg,2,hyphen,2406,train
007-8531-604.jpg,2,hyphen,2407,test
007-8545-604.jpg,2,hyphen,2408,train
007-8573-604.jpg,2,hyphen,2409,train
007-8585-604.jpg,2,hyphen,2410,train
007-8609-605.jpg,2,hyphen,2411,train
007-8637-605.jpg,2,hyphen,2412,test
007-8653-605.jpg,2,hyphen,2413,train
007-8736-605.jpg,2,hyphen,2414,train
007-8764-605.jpg,2,hyphen,2415,val
007-8798-605.jpg,2,hyphen,2416,train
007-8852-605.jpg,2,hyphen,2417,train
20170501232731664.jpg,2,timestamp,2418,train
20170501232735328.jpg,2,timestamp,2419,val
20170501232823085.jpg,2,timestamp,2420,train
20170501232833655.jpg,2,timestamp,2421,train
20170501234659104.jpg,2,timestamp,2422,train
20170501235455424.jpg,2,timestamp,2423,train
20170502000225658.jpg,2,timestamp,2424,test
20170502000228274.jpg,2,timestamp,2425,val
20170502000649856.jpg,2,timestamp,2426,train
20170502081723288.jpg,2,timestamp,2427,train
20170502084858430.jpg,2,timestamp,2428,val
20170502085446271.jpg,2,timestamp,2429,test
20170502085516832.jpg,2,timestamp,2430,train
20170502091525413.jpg,2,timestamp,2431,train
20170502092649506.jpg,2,timestamp,2432,train
20170502092651558.jpg,2,timestamp,2433,train
20170502095043169.jpg,2,timestamp,2434,train
20170502095044024.jpg,2,timestamp,2435,train
20170502095138326.jpg,2,timestamp,2436,train
20170502095651084.jpg,2,timestamp,2437,train
20170502112049025.jpg,2,timestamp,2438,val
20170502112049508.jpg,2,timestamp,2439,test
20170502140919286.jpg,2,timestamp,2440,train
20170502140921479.jpg,2,timestamp,2441,test
20170502144544291.jpg,2,timestamp,2442,train
20170502160448139.jpg,2,timestamp,2443,train
20170502160448258.jpg,2,timestamp,2444,train
20170502160732440.jpg,2,timestamp,2445,train
20170502160732595.jpg,2,timestamp,2446,val
20170502161755715.jpg,2,timestamp,2447,train
20170502204843387.jpg,2,timestamp,2448,train
20170503083257799.jpg,2,timestamp,2449,train
20170503085747511.jpg,2,timestamp,2450,val
20170503090306902.jpg,2,timestamp,2451,test
20170503090730660.jpg,2,timestamp,2452,train
20170503090730862.jpg,2,timestamp,2453,train
20170503093503991.jpg,2,timestamp,2454,train
20170503093529661.jpg,2,timestamp,2455,test
20170503093557128.jpg,2,timestamp,2456,train
20170503160817592.jpg,2,timestamp,2457,train
20170503161012969.jpg,2,timestamp,2458,train
20170503161702100.jpg,2,timestamp,2459,val
20170503161702278.jpg,2,timestamp,2460,train
20170503161821878.jpg,2,timestamp,2461,train
20170503161821997.jpg,2,timestamp,2462,train
20170503172654258.jpg,2,timestamp,2463,test
20170503192804965.jpg,2,timestamp,2464,train
20170504094058352.jpg,2,timestamp,2465,train
20170504101454178.jpg,2,timestamp,2466,train
20170504102303706.jpg,2,timestamp,2467,val
20170504113211152.jpg,2,timestamp,2468,test
20170504113211634.jpg,2,timestamp,2469,train
20170504152654027.jpg,2,timestamp,2470,train
20170504152732434.jpg,2,timestamp,2471,train
20170504152807089.jpg,2,timestamp,2472,train
20170504154837541.jpg,2,timestamp,2473,train
20170504165902335.jpg,2,timestamp,2474,val
20170504192518164.jpg,2,timestamp,2475,train
20170504201513545.jpg,2,timestamp,2476,train
20170504211026647.jpg,2,timestamp,2477,test
20170504235109239.jpg,2,timestamp,2478,train
20170505093903390.jpg,2,timestamp,2479,train
20170505094751770.jpg,2,timestamp,2480,train
20170505094752269.jpg,2,timestamp,2481,train
20170505100939670.jpg,2,timestamp,2482,train
20170505100940129.jpg,2,timestamp,2483,train
20170505113156680.jpg,2,timestamp,2484,test
20170505142933410.jpg,2,timestamp,2485,val
20170505142937028.jpg,2,timestamp,2486,train
20170505143012060.jpg,2,timestamp,2487,train
20170505143145689.jpg,2,timestamp,2488,val
20170505143535911.jpg,2,timestamp,2489,train
20170505155403883.jpg,2,timestamp,2490,train
20170505161143089.jpg,2,timestamp,2491,test
20170505163758832.jpg,2,timestamp,2492,train
20170505181200498.jpg,2,timestamp,2493,val
20170506084439766.jpg,2,timestamp,2494,train
20170506084444579.jpg,2,timestamp,2495,train
20170506084941627.jpg,2,timestamp,2496,train
20170506085734414.jpg,2,timestamp,2497,train
20170506090015091.jpg,2,timestamp,2498,test
20170506090019590.jpg,2,timestamp,2499,val
20170506102441386.jpg,2,timestamp,2500,train
20170506144601373.jpg,2,timestamp,2501,train
20170506144904972.jpg,2,timestamp,2502,train
20170506145433804.jpg,2,timestamp,2503,train
20170506145800094.jpg,2,timestamp,2504,test
20170506154237008.jpg,2,timestamp,2505,train
20170508080706321.jpg,2,timestamp,2506,train
20170508093934243.jpg,2,timestamp,2507,train
20170508100004333.jpg,2,timestamp,2508,train
20170508100748104.jpg,2,timestamp,2509,train
20170508100750271.jpg,2,timestamp,2510,train
20170508101047342.jpg,2,timestamp,2511,val
20170508101232838.jpg,2,timestamp,2512,train
20170508101423579.jpg,2,timestamp,2513,test
20170508101717694.jpg,2,timestamp,2514,val
20170508102507631.jpg,2,timestamp,2515,test
20170508102511803.jpg,2,timestamp,2516,train
20170508105008458.jpg,2,timestamp,2517,train
20170508162307395.jpg,2,timestamp,2518,train
20170508162614605.jpg,2,timestamp,2519,train
20170508162844076.jpg,2,timestamp,2520,train
20170508163653358.jpg,2,timestamp,2521,val
20170508165808866.jpg,2,timestamp,2522,train
20170508222445492.jpg,2,timestamp,2523,train
20170508222739885.jpg,2,timestamp,2524,train
20170508224540384.jpg,2,timestamp,2525,train
20170509080348495.jpg,2,timestamp,2526,train
20170509081746415.jpg,2,timestamp,2527,test
20170509090228769.jpg,2,timestamp,2528,train
20170509092532699.jpg,2,timestamp,2529,train
20170509092533246.jpg,2,timestamp,2530,train
20170509100155767.jpg,2,timestamp,2531,val
20170509100157978.jpg,2,timestamp,2532,test
20170509110625480.jpg,2,timestamp,2533,train
20170509113000522.jpg,2,timestamp,2534,train
20170509155323919.jpg,2,timestamp,2535,val
20170509155324396.jpg,2,timestamp,2536,train
20170509155418870.jpg,2,timestamp,2537,train
20170509162056178.jpg,2,timestamp,2538,train
20170509162056348.jpg,2,timestamp,2539,test
20170509163628483.jpg,2,timestamp,2540,train
20170509163628989.jpg,2,timestamp,2541,train
20170510083555432.jpg,2,timestamp,2542,train
20170510084311756.jpg,2,timestamp,2543,train
20170510100244835.jpg,2,timestamp,2544,train
20170510113149711.jpg,2,timestamp,2545,train
20170510143620749.jpg,2,timestamp,2546,test
20170510143849590.jpg,2,timestamp,2547,train
20170510144008679.jpg,2,timestamp,2548,val
20170510144009153.jpg,2,timestamp,2549,train
20170510151953869.jpg,2,timestamp,2550,val
20170510152714859.jpg,2,timestamp,2551,train
20170510152714920.jpg,2,timestamp,2552,train
20170510164850027.jpg,2,timestamp,2553,train
20170510182408334.jpg,2,timestamp,2554,train
20170511082348044.jpg,2,timestamp,2555,train
20170511082348807.jpg,2,timestamp,2556,test
20170511083029837.jpg,2,timestamp,2557,train
20170511104731904.jpg,2,timestamp,2558,train
20170511113811780.jpg,2,timestamp,2559,test
20170511141336893.jpg,2,timestamp,2560,train
20170511145007873.jpg,2,timestamp,2561,val
20170511145023915.jpg,2,timestamp,2562,train
20170511151338540.jpg,2,timestamp,2563,train
20170511152606497.jpg,2,timestamp,2564,train
20170511152728021.jpg,2,timestamp,2565,val
20170511154953819.jpg,2,timestamp,2566,train
20170511160517775.jpg,2,timestamp,2567,test
20170511160523116.jpg,2,timestamp,2568,train
20170511162520718.jpg,2,timestamp,2569,train
20170511162525215.jpg,2,timestamp,2570,val
20170511164336476.jpg,2,timestamp,2571,train
20170511164438689.jpg,2,timestamp,2572,train
20170511165131868.jpg,2,timestamp,2573,test
20170511170843008.jpg,2,timestamp,2574,train
20170511173525601.jpg,2,timestamp,2575,train
20170511173940961.jpg,2,timestamp,2576,val
20170511181619710.jpg,2,timestamp,2577,train
20170511181632501.jpg,2,timestamp,2578,train
20170511191633744.jpg,2,timestamp,2579,train
20170511194004638.jpg,2,timestamp,2580,train
20170511205005408.jpg,2,timestamp,2581,test
20170511205922006.jpg,2,timestamp,2582,train
20170511224838938.jpg,2,timestamp,2583,train
20170511224846523.jpg,2,timestamp,2584,train
20170511225831900.jpg,2,timestamp,2585,train
20170512102006829.jpg,2,timestamp,2586,val
20170512113613493.jpg,2,timestamp,2587,train
20170512113631251.jpg,2,timestamp,2588,train
20170512113633462.jpg,2,timestamp,2589,train
20170512113813694.jpg,2,timestamp,2590,test
20170512114146575.jpg,2,timestamp,2591,train
20170512114321485.jpg,2,timestamp,2592,train
20170512114815356.jpg,2,timestamp,2593,train
20170512120618922.jpg,2,timestamp,2594,val
20170512123420362.jpg,2,timestamp,2595,test
20170512123426558.jpg,2,timestamp,2596,train
20170512131430223.jpg,2,timestamp,2597,train
20170512134214478.jpg,2,timestamp,2598,train
20170512160521256.jpg,2,timestamp,2599,train
20170512164041374.jpg,2,timestamp,2600,train
20170512164458754.jpg,2,timestamp,2601,val
20170512224117149.jpg,2,timestamp,2602,train
20170512225813757.jpg,2,timestamp,2603,train
20170512230424862.jpg,2,timestamp,2604,train
20170512230427333.jpg,2,timestamp,2605,train
20170512230840743.jpg,2,timestamp,2606,train
20170512231011621.jpg,2,timestamp,2607,val
20170514222048149.jpg,2,timestamp,2608,test
20170514222246265.jpg,2,timestamp,2609,train
20170514222421801.jpg,2,timestamp,2610,train
20170514222515286.jpg,2,timestamp,2611,train
20170515092404420.jpg,2,timestamp,2612,test
20170515124124226.jpg,2,timestamp,2613,val
20170515125523780.jpg,2,timestamp,2614,train
20170515153131779.jpg,2,timestamp,2615,train
20170515154652425.jpg,2,timestamp,2616,train
20170515161313257.jpg,2,timestamp,2617,train
20170515164700647.jpg,2,timestamp,2618,test
20170515164713160.jpg,2,timestamp,2619,train
20170515164805618.jpg,2,timestamp,2620,train
20170515172130361.jpg,2,timestamp,2621,train
20170515172441069.jpg,2,timestamp,2622,train
20170515172948684.jpg,2,timestamp,2623,test
20170515172948707.jpg,2,timestamp,2624,val
20170515204056119.jpg,2,timestamp,2625,train
20170516092409004.jpg,2,timestamp,2626,train
20170516095102020.jpg,2,timestamp,2627,train
20170516095250066.jpg,2,timestamp,2628,train
20170516095416106.jpg,2,timestamp,2629,train
20170516103917519.jpg,2,timestamp,2630,val
20170516105337859.jpg,2,timestamp,2631,train
20170516150503170.jpg,2,timestamp,2632,test
20170516163623154.jpg,2,timestamp,2633,train
20170516171812075.jpg,2,timestamp,2634,train
20170516201510046.jpg,2,timestamp,2635,train
20170517092841210.jpg,2,timestamp,2636,train
20170517093220898.jpg,2,timestamp,2637,val
20170517093712832.jpg,2,timestamp,2638,test
20170517093748842.jpg,2,timestamp,2639,train
20170517100810954.jpg,2,timestamp,2640,train
20170517104347160.jpg,2,timestamp,2641,train
20170517104426637.jpg,2,timestamp,2642,train
20170517104642882.jpg,2,timestamp,2643,val
20170517105302723.jpg,2,timestamp,2644,train
20170517112902745.jpg,2,timestamp,2645,test
20170517121103651.jpg,2,timestamp,2646,train
20170517144601364.jpg,2,timestamp,2647,train
20170517151003748.jpg,2,timestamp,2648,train
20170517153024404.jpg,2,timestamp,2649,test
20170517153118932.jpg,2,timestamp,2650,train
20170517153223360.jpg,2,timestamp,2651,train
20170517163701949.jpg,2,timestamp,2652,val
20170517163822454.jpg,2,timestamp,2653,train
20170517171348722.jpg,2,timestamp,2654,train
20170517171357632.jpg,2,timestamp,2655,train
20170517172209323.jpg,2,timestamp,2656,train
20170517172217788.jpg,2,timestamp,2657,val
20170518092011904.jpg,2,timestamp,2658,test
20170518092223117.jpg,2,timestamp,2659,train
20170518092605842.jpg,2,timestamp,2660,train
20170518093625661.jpg,2,timestamp,2661,train
20170518101531126.jpg,2,timestamp,2662,train
20170518102353294.jpg,2,timestamp,2663,train
20170518102353782.jpg,2,timestamp,2664,train
20170518104749112.jpg,2,timestamp,2665,train
20170518104749319.jpg,2,timestamp,2666,val
20170518111418648.jpg,2,timestamp,2667,test
20170518112134637.jpg,2,timestamp,2668,train
20170518112220847.jpg,2,timestamp,2669,train
20170518140513017.jpg,2,timestamp,2670,train
20170518142454730.jpg,2,timestamp,2671,train
20170518144431952.jpg,2,timestamp,2672,val
20170518144500812.jpg,2,timestamp,2673,train
20170518144607066.jpg,2,timestamp,2674,train
20170518150304317.jpg,2,timestamp,2675,test
20170518151053908.jpg,2,timestamp,2676,train
20170518151338862.jpg,2,timestamp,2677,train
20170518153036606.jpg,2,timestamp,2678,val
20170518162231306.jpg,2,timestamp,2679,test
20170518171334338.jpg,2,timestamp,2680,train
20170518171420306.jpg,2,timestamp,2681,train
20170518174145634.jpg,2,timestamp,2682,train
20170518174429918.jpg,2,timestamp,2683,train
20170518193957507.jpg,2,timestamp,2684,train
20170518194046765.jpg,2,timestamp,2685,train
20170519093607335.jpg,2,timestamp,2686,test
20170519144026204.jpg,2,timestamp,2687,val
20170519154024233.jpg,2,timestamp,2688,train
20170519163314722.jpg,2,timestamp,2689,train
20170519180821875.jpg,2,timestamp,2690,train
20170520100604296.jpg,2,timestamp,2691,train
20170520101042385.jpg,2,timestamp,2692,train
20170521005524099.jpg,2,timestamp,2693,val
20170521091223320.jpg,2,timestamp,2694,train
20170521091719687.jpg,2,timestamp,2695,train
20170521093200024.jpg,2,timestamp,2696,test
20170521093504075.jpg,2,timestamp,2697,train
20170521093537739.jpg,2,timestamp,2698,train
20170521094743135.jpg,2,timestamp,2699,train
20170521094745902.jpg,2,timestamp,2700,val
20170521094825975.jpg,2,timestamp,2701,train
20170521095107589.jpg,2,timestamp,2702,test
20170521095717085.jpg,2,timestamp,2703,train
20170521102316532.jpg,2,timestamp,2704,train
20170522090404675.jpg,2,timestamp,2705,train
20170522091641009.jpg,2,timestamp,2706,train
20170522091729801.jpg,2,timestamp,2707,train
20170522095812915.jpg,2,timestamp,2708,test
20170522100335384.jpg,2,timestamp,2709,train
20170522100404106.jpg,2,timestamp,2710,val
20170522100405220.jpg,2,timestamp,2711,train
20170522102550409.jpg,2,timestamp,2712,train
20170522102610360.jpg,2,timestamp,2713,train
20170522103325925.jpg,2,timestamp,2714,train
20170522104819596.jpg,2,timestamp,2715,val
20170522105641915.jpg,2,timestamp,2716,train
20170522105704981.jpg,2,timestamp,2717,train
20170522111746822.jpg,2,timestamp,2718,test
20170522113613703.jpg,2,timestamp,2719,train
20170522113746982.jpg,2,timestamp,2720,train
20170522152308494.jpg,2,timestamp,2721,val
20170522163803152.jpg,2,timestamp,2722,train
20170522165315963.jpg,2,timestamp,2723,train
20170522165607630.jpg,2,timestamp,2724,train
20170522165643363.jpg,2,timestamp,2725,test
20170522165643535.jpg,2,timestamp,2726,train
20170522165833385.jpg,2,timestamp,2727,train
20170522172409179.jpg,2,timestamp,2728,train
20170522172835243.jpg,2,timestamp,2729,train
20170522172835446.jpg,2,timestamp,2730,train
20170523080135207.jpg,2,timestamp,2731,val
20170523084030451.jpg,2,timestamp,2732,train
20170523085431841.jpg,2,timestamp,2733,train
20170523085504368.jpg,2,timestamp,2734,train
20170523093010553.jpg,2,timestamp,2735,train
20170523093258225.jpg,2,timestamp,2736,test
20170523101901691.jpg,2,timestamp,2737,train
20170523115949867.jpg,2,timestamp,2738,test
20170523165729685.jpg,2,timestamp,2739,test
20170524083940499.jpg,2,timestamp,2740,train
20170524083942475.jpg,2,timestamp,2741,val
20170524084048326.jpg,2,timestamp,2742,train
20170524090124948.jpg,2,timestamp,2743,val
20170524091341142.jpg,2,timestamp,2744,train
20170524091746187.jpg,2,timestamp,2745,train
20170524092705845.jpg,2,timestamp,2746,train
20170524102406516.jpg,2,timestamp,2747,train
20170524102406908.jpg,2,timestamp,2748,train
20170524102444337.jpg,2,timestamp,2749,train
20170524102444449.jpg,2,timestamp,2750,train
20170524103038485.jpg,2,timestamp,2751,train
20170524104642726.jpg,2,timestamp,2752,train
20170524105439342.jpg,2,timestamp,2753,val
20170524110421849.jpg,2,timestamp,2754,test
20170524111318098.jpg,2,timestamp,2755,val
20170524111318149.jpg,2,timestamp,2756,test
20170524111453035.jpg,2,timestamp,2757,train
20170524111743769.jpg,2,timestamp,2758,train
20170524112244605.jpg,2,timestamp,2759,train
20170524112245527.jpg,2,timestamp,2760,train
20170524135826866.jpg,2,timestamp,2761,test
20170524140637130.jpg,2,timestamp,2762,train
20170524140638977.jpg,2,timestamp,2763,train
20170524161859109.jpg,2,timestamp,2764,train
20170524161955652.jpg,2,timestamp,2765,train
20170524161955670.jpg,2,timestamp,2766,val
20170524181209695.jpg,2,timestamp,2767,train
20170524182857618.jpg,2,timestamp,2768,train
20170524182902113.jpg,2,timestamp,2769,train
20170524182956093.jpg,2,timestamp,2770,train
20170525085819918.jpg,2,timestamp,2771,train
20170525085823355.jpg,2,timestamp,2772,train
20170525085857949.jpg,2,timestamp,2773,test
20170525085947099.jpg,2,timestamp,2774,train
20170525090043404.jpg,2,timestamp,2775,val
20170525090044498.jpg,2,timestamp,2776,train
20170525091431523.jpg,2,timestamp,2777,val
20170525091431970.jpg,2,timestamp,2778,train
20170525100049684.jpg,2,timestamp,2779,test
20170525100055762.jpg,2,timestamp,2780,train
20170525110328035.jpg,2,timestamp,2781,train
20170525110437479.jpg,2,timestamp,2782,train
20170525110925926.jpg,2,timestamp,2783,train
20170525111826224.jpg,2,timestamp,2784,train
20170525151457369.jpg,2,timestamp,2785,train
20170525152509382.jpg,2,timestamp,2786,val
20170525152628421.jpg,2,timestamp,2787,train
20170525153631578.jpg,2,timestamp,2788,test
20170525171854504.jpg,2,timestamp,2789,train
20170525181244148.jpg,2,timestamp,2790,train
20170525190118720.jpg,2,timestamp,2791,train
20170525194410592.jpg,2,timestamp,2792,val
20170525194632164.jpg,2,timestamp,2793,test
20170526094916030.jpg,2,timestamp,2794,train
20170526151625969.jpg,2,timestamp,2795,train
20170526155433935.jpg,2,timestamp,2796,train
20170526155744277.jpg,2,timestamp,2797,train
20170526155853592.jpg,2,timestamp,2798,train
20170526162358967.jpg,2,timestamp,2799,train
20170526162453148.jpg,2,timestamp,2800,test
20170526162553477.jpg,2,timestamp,2801,val
20170526174103361.jpg,2,timestamp,2802,train
20170526174208743.jpg,2,timestamp,2803,train
20170526185211817.jpg,2,timestamp,2804,train
20170526214931052.jpg,2,timestamp,2805,val
20170527081710847.jpg,2,timestamp,2806,train
20170527082211125.jpg,2,timestamp,2807,train
20170527082328968.jpg,2,timestamp,2808,test
20170527111710016.jpg,2,timestamp,2809,train
20170527112129224.jpg,2,timestamp,2810,train
20170527112252624.jpg,2,timestamp,2811,train
20170527154255479.jpg,2,timestamp,2812,val
20170527182337850.jpg,2,timestamp,2813,train
20170527182346815.jpg,2,timestamp,2814,test
20170527183231475.jpg,2,timestamp,2815,train
20170527183427611.jpg,2,timestamp,2816,train
20170527183435821.jpg,2,timestamp,2817,train
20170527183642236.jpg,2,timestamp,2818,train
20170528112424899.jpg,2,timestamp,2819,train
20170528112436989.jpg,2,timestamp,2820,test
20170528112913242.jpg,2,timestamp,2821,val
20170528112927320.jpg,2,timestamp,2822,train
20170528173533746.jpg,2,timestamp,2823,train
20170528174134309.jpg,2,timestamp,2824,train
20170528180525740.jpg,2,timestamp,2825,train
20170528182051276.jpg,2,timestamp,2826,train
20170528211438926.jpg,2,timestamp,2827,train
20170529050427690.jpg,2,timestamp,2828,val
20170529115523319.jpg,2,timestamp,2829,test
20170529120226041.jpg,2,timestamp,2830,test
20170530104857438.jpg,2,timestamp,2831,train
20170531092103690.jpg,2,timestamp,2832,train
20170531092305622.jpg,2,timestamp,2833,train
20170531093300130.jpg,2,timestamp,2834,train
20170531140735053.jpg,2,timestamp,2835,test
20170531140926195.jpg,2,timestamp,2836,train
20170531142132051.jpg,2,timestamp,2837,val
20170531142247656.jpg,2,timestamp,2838,test
20170531150831935.jpg,2,timestamp,2839,train
20170531165114278.jpg,2,timestamp,2840,train
20170531165149058.jpg,2,timestamp,2841,test
20170531173340758.jpg,2,timestamp,2842,train
20170601083342050.jpg,2,timestamp,2843,val
20170601084241159.jpg,2,timestamp,2844,train
20170601084514660.jpg,2,timestamp,2845,train
20170601084914808.jpg,2,timestamp,2846,train
20170601152455773.jpg,2,timestamp,2847,train
20170601163945952.jpg,2,timestamp,2848,val
20170601164355691.jpg,2,timestamp,2849,train
20170601164357337.jpg,2,timestamp,2850,train
20170601172733736.jpg,2,timestamp,2851,train
20170602083055029.jpg,2,timestamp,2852,test
20170602084403248.jpg,2,timestamp,2853,train
20170602084503140.jpg,2,timestamp,2854,train
20170602084503181.jpg,2,timestamp,2855,train
20170602085038408.jpg,2,timestamp,2856,train
20170602085131467.jpg,2,timestamp,2857,test
20170602090325676.jpg,2,timestamp,2858,val
20170602093104027.jpg,2,timestamp,2859,train
20170602102648655.jpg,2,timestamp,2860,train
20170602105045854.jpg,2,timestamp,2861,train
20170602114824224.jpg,2,timestamp,2862,val
20170602115547410.jpg,2,timestamp,2863,train
20170602115729294.jpg,2,timestamp,2864,test
20170602115729351.jpg,2,timestamp,2865,train
20170602120015765.jpg,2,timestamp,2866,train
20170602141806366.jpg,2,timestamp,2867,train
20170602155135982.jpg,2,timestamp,2868,test
20170602155247616.jpg,2,timestamp,2869,train
20170603193634107.jpg,2,timestamp,2870,train
20170605093311807.jpg,2,timestamp,2871,val
20170605093750075.jpg,2,timestamp,2872,train
20170605093750559.jpg,2,timestamp,2873,train
20170605144339809.jpg,2,timestamp,2874,train
20170605152611082.jpg,2,timestamp,2875,train
20170605152650869.jpg,2,timestamp,2876,train
20170605152653676.jpg,2,timestamp,2877,val
20170605153408762.jpg,2,timestamp,2878,train
20170605153408818.jpg,2,timestamp,2879,test
20170605162315736.jpg,2,timestamp,2880,train
20170605163041513.jpg,2,timestamp,2881,train
20170605163124228.jpg,2,timestamp,2882,val
20170605163201114.jpg,2,timestamp,2883,train
20170605164035106.jpg,2,timestamp,2884,train
20170605171348909.jpg,2,timestamp,2885,test
20170606095011086.jpg,2,timestamp,2886,train
20170606104243761.jpg,2,timestamp,2887,train
20170606104244150.jpg,2,timestamp,2888,test
20170606111430082.jpg,2,timestamp,2889,train
20170606142725101.jpg,2,timestamp,2890,train
20170606145347421.jpg,2,timestamp,2891,train
20170606164240191.jpg,2,timestamp,2892,train
20170606165241723.jpg,2,timestamp,2893,val
20170606191332677.jpg,2,timestamp,2894,train
20170607075514595.jpg,2,timestamp,2895,train
20170607082814304.jpg,2,timestamp,2896,train
20170607082814913.jpg,2,timestamp,2897,train
20170607082954012.jpg,2,timestamp,2898,train
20170607084253263.jpg,2,timestamp,2899,test
20170607084253712.jpg,2,timestamp,2900,val
20170607085935786.jpg,2,timestamp,2901,train
20170607085936158.jpg,2,timestamp,2902,train
20170607101208782.jpg,2,timestamp,2903,train
20170607102121722.jpg,2,timestamp,2904,train
20170607104407295.jpg,2,timestamp,2905,train
20170607104408052.jpg,2,timestamp,2906,test
20170607104433180.jpg,2,timestamp,2907,val
20170607110412679.jpg,2,timestamp,2908,train
20170607153524517.jpg,2,timestamp,2909,train
20170607153633977.jpg,2,timestamp,2910,train
20170607161021590.jpg,2,timestamp,2911,train
20170607170331573.jpg,2,timestamp,2912,train
20170607175753557.jpg,2,timestamp,2913,test
20170608084935221.jpg,2,timestamp,2914,train
20170608091627445.jpg,2,timestamp,2915,val
20170608094633722.jpg,2,timestamp,2916,train
20170608105346349.jpg,2,timestamp,2917,train
20170608112323203.jpg,2,timestamp,2918,train
20170608112844110.jpg,2,timestamp,2919,val
20170608112856878.jpg,2,timestamp,2920,train
20170608114025106.jpg,2,timestamp,2921,test
20170608114027362.jpg,2,timestamp,2922,train
20170608133136376.jpg,2,timestamp,2923,train
20170608133302015.jpg,2,timestamp,2924,train
20170608143417670.jpg,2,timestamp,2925,train
20170608152446688.jpg,2,timestamp,2926,train
20170608153147229.jpg,2,timestamp,2927,test
20170608153659715.jpg,2,timestamp,2928,train
20170608154212145.jpg,2,timestamp,2929,train
20170608154225606.jpg,2,timestamp,2930,val
20170608164802570.jpg,2,timestamp,2931,train
20170608165114512.jpg,2,timestamp,2932,train
20170608171332841.jpg,2,timestamp,2933,test
20170608171337567.jpg,2,timestamp,2934,train
20170608174654273.jpg,2,timestamp,2935,val
20170608192135800.jpg,2,timestamp,2936,train
20170608192954869.jpg,2,timestamp,2937,train
20170608192955912.jpg,2,timestamp,2938,train
20170608194027190.jpg,2,timestamp,2939,train
20170608194027881.jpg,2,timestamp,2940,train
20170608194346914.jpg,2,timestamp,2941,train
20170608194347632.jpg,2,timestamp,2942,val
20170608194510438.jpg,2,timestamp,2943,test
20170608194754738.jpg,2,timestamp,2944,train
20170608194755725.jpg,2,timestamp,2945,train
20170608195109377.jpg,2,timestamp,2946,train
20170608195154945.jpg,2,timestamp,2947,train
20170608195253535.jpg,2,timestamp,2948,val
20170608195740490.jpg,2,timestamp,2949,train
20170608195844549.jpg,2,timestamp,2950,train
20170608201438739.jpg,2,timestamp,2951,val
20170608212715972.jpg,2,timestamp,2952,test
20170608212719065.jpg,2,timestamp,2953,train
20170608214612392.jpg,2,timestamp,2954,train
20170608215511768.jpg,2,timestamp,2955,train
20170608220738626.jpg,2,timestamp,2956,test
20170609083431717.jpg,2,timestamp,2957,train
20170609091134141.jpg,2,timestamp,2958,train
20170609091528048.jpg,2,timestamp,2959,train
20170609091529362.jpg,2,timestamp,2960,train
20170609091623855.jpg,2,timestamp,2961,val
20170609091703811.jpg,2,timestamp,2962,train
20170609091741078.jpg,2,timestamp,2963,test
20170609091757285.jpg,2,timestamp,2964,val
20170609091816747.jpg,2,timestamp,2965,train
20170609092004226.jpg,2,timestamp,2966,train
20170609092004574.jpg,2,timestamp,2967,train
20170609093702728.jpg,2,timestamp,2968,val
20170609094519942.jpg,2,timestamp,2969,train
20170609100254948.jpg,2,timestamp,2970,train
20170609100255400.jpg,2,timestamp,2971,train
20170609101204463.jpg,2,timestamp,2972,train
20170609102229501.jpg,2,timestamp,2973,test
20170609151840685.jpg,2,timestamp,2974,test
20170609151913237.jpg,2,timestamp,2975,train
20170609152127546.jpg,2,timestamp,2976,train
20170609152450896.jpg,2,timestamp,2977,train
20170609152452421.jpg,2,timestamp,2978,train
20170609152615062.jpg,2,timestamp,2979,val
20170609154826618.jpg,2,timestamp,2980,train
20170609162100510.jpg,2,timestamp,2981,train
20170609164025211.jpg,2,timestamp,2982,test
20170609164600463.jpg,2,timestamp,2983,train
20170609165633187.jpg,2,timestamp,2984,train
20170609165742369.jpg,2,timestamp,2985,val
20170609170844868.jpg,2,timestamp,2986,train
20170609171350373.jpg,2,timestamp,2987,train
20170609171911261.jpg,2,timestamp,2988,train
20170609172109111.jpg,2,timestamp,2989,train
20170609174510289.jpg,2,timestamp,2990,val
20170609174510784.jpg,2,timestamp,2990,val
20170609175027838.jpg,2,timestamp,2991,train
20170609175028376.jpg,2,timestamp,2992,train
20170609180538403.jpg,2,timestamp,2993,train
20170609181337462.jpg,2,timestamp,2994,train
20170609184126256.jpg,2,timestamp,2995,train
20170609184224697.jpg,2,timestamp,2996,val
20170609184225517.jpg,2,timestamp,2997,test
20170609190028430.jpg,2,timestamp,2998,train
20170609193335986.jpg,2,timestamp,2999,val
20170609193904870.jpg,2,timestamp,3000,train
20170609233207210.jpg,2,timestamp,3001,test
20170610095059838.jpg,2,timestamp,3002,train
20170610095525712.jpg,2,timestamp,3003,train
20170610144321884.jpg,2,timestamp,3004,train
20170611090108481.jpg,2,timestamp,3005,train
20170611090344012.jpg,2,timestamp,3006,train
20170611090346213.jpg,2,timestamp,3007,test
20170611090415806.jpg,2,timestamp,3008,train
20170611090418050.jpg,2,timestamp,3009,train
20170611090521276.jpg,2,timestamp,3010,train
20170611090524022.jpg,2,timestamp,3011,test
20170611091117657.jpg,2,timestamp,3012,train
20170611092920726.jpg,2,timestamp,3013,val
20170611110836296.jpg,2,timestamp,3014,train
20170611110841815.jpg,2,timestamp,3015,train
20170612000344635.jpg,2,timestamp,3016,train
20170612083632767.jpg,2,timestamp,3017,train
20170612084520577.jpg,2,timestamp,3018,train
20170612085457865.jpg,2,timestamp,3019,test
20170612085458211.jpg,2,timestamp,3020,val
20170612085653906.jpg,2,timestamp,3021,val
20170612085716651.jpg,2,timestamp,3022,train
20170612085727554.jpg,2,timestamp,3023,train
20170612090043234.jpg,2,timestamp,3024,train
20170612090644805.jpg,2,timestamp,3025,train
20170612094201671.jpg,2,timestamp,3026,test
20170612105012787.jpg,2,timestamp,3027,train
20170612110215174.jpg,2,timestamp,3028,train
20170612114622857.jpg,2,timestamp,3029,train
20170612115247828.jpg,2,timestamp,3030,train
20170612115910188.jpg,2,timestamp,3031,train
20170612134815390.jpg,2,timestamp,3032,train
20170612134821900.jpg,2,timestamp,3033,train
20170612141756744.jpg,2,timestamp,3034,val
20170612142011722.jpg,2,timestamp,3035,test
20170612142012308.jpg,2,timestamp,3036,train
20170612142737909.jpg,2,timestamp,3037,train
20170612144724662.jpg,2,timestamp,3038,train
20170612144725880.jpg,2,timestamp,3039,train
20170612162850921.jpg,2,timestamp,3040,train
20170612163235784.jpg,2,timestamp,3041,test
20170612205028509.jpg,2,timestamp,3042,val
20170612205100506.jpg,2,timestamp,3043,train
20170612210504839.jpg,2,timestamp,3044,train
20170612211133532.jpg,2,timestamp,3045,train
20170612233612380.jpg,2,timestamp,3046,train
20170612233619184.jpg,2,timestamp,3047,test
20170613084729625.jpg,2,timestamp,3048,val
20170613085627431.jpg,2,timestamp,3049,train
20170613091004709.jpg,2,timestamp,3050,train
20170613091436744.jpg,2,timestamp,3051,train
20170613092147899.jpg,2,timestamp,3052,train
20170613095553327.jpg,2,timestamp,3053,train
20170613114347795.jpg,2,timestamp,3054,val
20170613122140972.jpg,2,timestamp,3055,test
20170613144410261.jpg,2,timestamp,3056,train
20170613152259694.jpg,2,timestamp,3057,train
20170613152423477.jpg,2,timestamp,3058,train
20170613153734776.jpg,2,timestamp,3059,train
20170613162156848.jpg,2,timestamp,3060,train
20170613163045778.jpg,2,timestamp,3061,val
20170613163546036.jpg,2,timestamp,3062,train
20170613164132693.jpg,2,timestamp,3063,test
20170613165742699.jpg,2,timestamp,3064,train
20170613165746020.jpg,2,timestamp,3065,train
20170613170118036.jpg,2,timestamp,3066,train
20170613170119673.jpg,2,timestamp,3067,train
20170613191530891.jpg,2,timestamp,3068,test
20170613191713985.jpg,2,timestamp,3069,train
20170613191722915.jpg,2,timestamp,3070,train
20170613195835309.jpg,2,timestamp,3071,val
20170614081004288.jpg,2,timestamp,3072,train
20170614092235283.jpg,2,timestamp,3073,train
20170614092306031.jpg,2,timestamp,3074,train
20170614092425898.jpg,2,timestamp,3075,test
20170614092603290.jpg,2,timestamp,3076,train
20170614092847535.jpg,2,timestamp,3077,train
20170614092927284.jpg,2,timestamp,3078,val
20170614093151112.jpg,2,timestamp,3079,train
20170614093235797.jpg,2,timestamp,3080,train
20170614094320129.jpg,2,timestamp,3081,train
20170614094320595.jpg,2,timestamp,3082,test
20170614104010267.jpg,2,timestamp,3083,train
20170614104010691.jpg,2,timestamp,3084,val
20170614105125658.jpg,2,timestamp,3085,train
20170614105711288.jpg,2,timestamp,3086,train
20170614105733106.jpg,2,timestamp,3087,train
20170614143123716.jpg,2,timestamp,3088,train
20170614143124196.jpg,2,timestamp,3089,train
20170614151122850.jpg,2,timestamp,3090,val
20170614152351572.jpg,2,timestamp,3091,test
20170614163103403.jpg,2,timestamp,3092,train
20170614163110064.jpg,2,timestamp,3093,train
20170615084024946.jpg,2,timestamp,3094,train
20170615084535865.jpg,2,timestamp,3095,train
20170615095849817.jpg,2,timestamp,3096,val
20170615104443012.jpg,2,timestamp,3097,train
20170615104443473.jpg,2,timestamp,3098,train
20170615110631899.jpg,2,timestamp,3099,test
20170615110729147.jpg,2,timestamp,3100,train
20170615110902621.jpg,2,timestamp,3101,train
20170615110926051.jpg,2,timestamp,3102,train
20170615112054786.jpg,2,timestamp,3103,val
20170615112223659.jpg,2,timestamp,3104,test
20170615112339862.jpg,2,timestamp,3105,train
20170615112340349.jpg,2,timestamp,3106,train
20170615112624140.jpg,2,timestamp,3107,train
20170615112649677.jpg,2,timestamp,3108,train
20170615121449076.jpg,2,timestamp,3109,train
20170615143207262.jpg,2,timestamp,3110,train
20170615155127636.jpg,2,timestamp,3111,test
20170615160742027.jpg,2,timestamp,3112,val
20170615172258125.jpg,2,timestamp,3113,train
20170616082139360.jpg,2,timestamp,3114,train
20170616083847518.jpg,2,timestamp,3115,train
20170616084113893.jpg,2,timestamp,3116,train
20170616084701902.jpg,2,timestamp,3117,test
20170616085018659.jpg,2,timestamp,3118,train
20170616085451671.jpg,2,timestamp,3119,train
20170616085515857.jpg,2,timestamp,3120,val
20170616085516129.jpg,2,timestamp,3121,train
20170616085816780.jpg,2,timestamp,3122,train
20170616085940941.jpg,2,timestamp,3123,train
20170616090014998.jpg,2,timestamp,3124,train
20170616090616415.jpg,2,timestamp,3125,train
20170616090736049.jpg,2,timestamp,3126,train
20170616090802344.jpg,2,timestamp,3127,test
20170616090804231.jpg,2,timestamp,3128,train
20170616090841491.jpg,2,timestamp,3129,val
20170616090932566.jpg,2,timestamp,3130,train
20170616112523766.jpg,2,timestamp,3131,train
20170616112827825.jpg,2,timestamp,3132,test
20170616121547366.jpg,2,timestamp,3133,val
20170616125215801.jpg,2,timestamp,3134,train
20170616130013868.jpg,2,timestamp,3135,train
20170616131320547.jpg,2,timestamp,3136,test
20170616173230875.jpg,2,timestamp,3137,train
20170616195729126.jpg,2,timestamp,3138,train
20170616195925713.jpg,2,timestamp,3139,val
20170616200138019.jpg,2,timestamp,3140,train
20170616200843840.jpg,2,timestamp,3141,train
20170616200941453.jpg,2,timestamp,3142,train
20170616200941802.jpg,2,timestamp,3143,train
20170616201007747.jpg,2,timestamp,3144,train
20170617204317559.jpg,2,timestamp,3145,test
20170617210321383.jpg,2,timestamp,3146,train
20170617210958623.jpg,2,timestamp,3147,train
20170617211409886.jpg,2,timestamp,3148,train
20170617214243173.jpg,2,timestamp,3149,val
20170617215208261.jpg,2,timestamp,3150,train
20170617215514839.jpg,2,timestamp,3151,train
20170618085027145.jpg,2,timestamp,3152,val
20170618100223607.jpg,2,timestamp,3153,train
20170618112704744.jpg,2,timestamp,3154,train
20170618194224123.jpg,2,timestamp,3155,test
20170618200550477.jpg,2,timestamp,3156,train
20170618201009834.jpg,2,timestamp,3157,train
20170618201103423.jpg,2,timestamp,3158,train
20170618202042689.jpg,2,timestamp,3159,test
20170618202047811.jpg,2,timestamp,3160,val
20170618204640005.jpg,2,timestamp,3161,train
20170618220930445.jpg,2,timestamp,3162,train
20170618220954015.jpg,2,timestamp,3163,train
20170618220954488.jpg,2,timestamp,3164,train
20170618221202386.jpg,2,timestamp,3165,test
20170618221203188.jpg,2,timestamp,3166,train
20170618221338793.jpg,2,timestamp,3167,train
20170618221557104.jpg,2,timestamp,3168,train
20170618221747607.jpg,2,timestamp,3169,train
20170618221814651.jpg,2,timestamp,3170,val
20170619081749422.jpg,2,timestamp,3171,train
20170619081749834.jpg,2,timestamp,3172,val
20170619083600088.jpg,2,timestamp,3173,train
20170619085700907.jpg,2,timestamp,3174,train
20170619085833727.jpg,2,timestamp,3175,train
20170619085859679.jpg,2,timestamp,3176,test
20170619085859977.jpg,2,timestamp,3177,train
20170619102743501.jpg,2,timestamp,3178,train
20170619102930911.jpg,2,timestamp,3179,train
20170619110259422.jpg,2,timestamp,3180,val
20170619150616243.jpg,2,timestamp,3181,test
20170619152223858.jpg,2,timestamp,3182,train
20170619153536164.jpg,2,timestamp,3183,train
20170619190000614.jpg,2,timestamp,3184,train
20170619192052705.jpg,2,timestamp,3185,train
20170620001050014.jpg,2,timestamp,3186,train
20170620003041751.jpg,2,timestamp,3187,train
20170620003156672.jpg,2,timestamp,3188,test
20170620003233436.jpg,2,timestamp,3189,train
20170620090217756.jpg,2,timestamp,3190,val
20170620090332437.jpg,2,timestamp,3191,train
20170620091659658.jpg,2,timestamp,3192,train
20170620091659974.jpg,2,timestamp,3193,test
20170620091948888.jpg,2,timestamp,3194,train
20170620092120382.jpg,2,timestamp,3195,train
20170620102404697.jpg,2,timestamp,3196,val
20170620113410955.jpg,2,timestamp,3197,train
20170620113631654.jpg,2,timestamp,3198,train
20170620185826890.jpg,2,timestamp,3199,train
20170620191353945.jpg,2,timestamp,3200,train
20170620191909590.jpg,2,timestamp,3201,train
20170620191949057.jpg,2,timestamp,3202,train
20170620192226934.jpg,2,timestamp,3203,train
20170620192247605.jpg,2,timestamp,3204,test
20170620193521303.jpg,2,timestamp,3205,val
20170621082611317.jpg,2,timestamp,3206,train
20170621084037980.jpg,2,timestamp,3207,train
20170621084106703.jpg,2,timestamp,3208,train
20170621084634804.jpg,2,timestamp,3209,train
20170621091420028.jpg,2,timestamp,3210,test
20170621091420149.jpg,2,timestamp,3211,train
20170621093253834.jpg,2,timestamp,3212,val
20170621094653452.jpg,2,timestamp,3213,train
20170621094919972.jpg,2,timestamp,3214,train
20170621102941401.jpg,2,timestamp,3215,train
20170621111314473.jpg,2,timestamp,3216,train
20170621111316351.jpg,2,timestamp,3217,test
20170621140230477.jpg,2,timestamp,3218,val
20170621140503365.jpg,2,timestamp,3219,train
20170621140621348.jpg,2,timestamp,3220,train
20170621140654111.jpg,2,timestamp,3221,train
20170621141614441.jpg,2,timestamp,3222,test
20170621143513349.jpg,2,timestamp,3223,train
20170621144139026.jpg,2,timestamp,3224,train
20170621145620516.jpg,2,timestamp,3225,train
20170621150030683.jpg,2,timestamp,3226,train
20170621151923199.jpg,2,timestamp,3227,train
20170621163946605.jpg,2,timestamp,3228,val
20170621165236074.jpg,2,timestamp,3229,train
20170621165342675.jpg,2,timestamp,3230,test
20170621172217764.jpg,2,timestamp,3231,train
20170621193546988.jpg,2,timestamp,3232,val
20170621194627771.jpg,2,timestamp,3233,train
20170622080754353.jpg,2,timestamp,3234,test
20170622080754772.jpg,2,timestamp,3235,train
20170622080815230.jpg,2,timestamp,3236,train
20170622080837404.jpg,2,timestamp,3237,val
20170622080902439.jpg,2,timestamp,3238,train
20170622084121832.jpg,2,timestamp,3239,train
20170622084151355.jpg,2,timestamp,3240,train
20170622084331077.jpg,2,timestamp,3241,train
20170622084616268.jpg,2,timestamp,3242,test
20170622084904371.jpg,2,timestamp,3243,train
20170622085448687.jpg,2,timestamp,3244,train
20170622094954398.jpg,2,timestamp,3245,train
20170622105116686.jpg,2,timestamp,3246,val
20170622140812130.jpg,2,timestamp,3247,train
20170622150842958.jpg,2,timestamp,3248,train
20170622165310431.jpg,2,timestamp,3249,test
20170622165310591.jpg,2,timestamp,3250,train
20170622165441318.jpg,2,timestamp,3251,train
20170622165648529.jpg,2,timestamp,3252,train
20170622165648655.jpg,2,timestamp,3253,val
20170622170936068.jpg,2,timestamp,3254,test
20170622192843551.jpg,2,timestamp,3255,train
20170622194345227.jpg,2,timestamp,3256,train
20170622194523915.jpg,2,timestamp,3257,train
20170623150218158.jpg,2,timestamp,3258,train
20170623150218614.jpg,2,timestamp,3259,train
20170623153653891.jpg,2,timestamp,3260,val
20170623161022467.jpg,2,timestamp,3261,train
20170624110627093.jpg,2,timestamp,3262,train
20170624195339158.jpg,2,timestamp,3263,train
20170624202756757.jpg,2,timestamp,3264,train
20170625205421758.jpg,2,timestamp,3265,train
20170625205520357.jpg,2,timestamp,3266,test
20170625205527838.jpg,2,timestamp,3267,val
20170626083942052.jpg,2,timestamp,3268,train
20170626093610343.jpg,2,timestamp,3269,train
20170626095324972.jpg,2,timestamp,3270,train
20170626101659610.jpg,2,timestamp,3271,test
20170626102154406.jpg,2,timestamp,3272,train
20170626102904460.jpg,2,timestamp,3273,train
20170626103616982.jpg,2,timestamp,3274,val
20170626145830231.jpg,2,timestamp,3275,train
20170626160504133.jpg,2,timestamp,3276,train
20170626161028160.jpg,2,timestamp,3277,train
20170626161030908.jpg,2,timestamp,3278,train
20170626162141277.jpg,2,timestamp,3279,train
20170626162707159.jpg,2,timestamp,3280,test
20170626162707595.jpg,2,timestamp,3281,train
20170626162845247.jpg,2,timestamp,3282,val
20170626174943225.jpg,2,timestamp,3283,train
20170626180035700.jpg,2,timestamp,3284,train
20170626180309266.jpg,2,timestamp,3285,train
20170627081627610.jpg,2,timestamp,3286,val
20170627090102970.jpg,2,timestamp,3287,train
20170627091345662.jpg,2,timestamp,3288,test
20170627095738172.jpg,2,timestamp,3289,train
20170627101205507.jpg,2,timestamp,3290,train
20170627103212873.jpg,2,timestamp,3291,train
20170627103352693.jpg,2,timestamp,3292,train
20170627104123555.jpg,2,timestamp,3293,test
20170627105002528.jpg,2,timestamp,3294,train
20170627105150563.jpg,2,timestamp,3295,val
20170627105506960.jpg,2,timestamp,3296,train
20170627105547462.jpg,2,timestamp,3297,train
20170627105606385.jpg,2,timestamp,3298,train
20170627110345934.jpg,2,timestamp,3299,test
20170627111252345.jpg,2,timestamp,3300,val
20170627112028245.jpg,2,timestamp,3301,train
20170627112931675.jpg,2,timestamp,3302,train
20170627112932912.jpg,2,timestamp,3303,val
20170627155753585.jpg,2,timestamp,3304,train
20170627160207126.jpg,2,timestamp,3305,train
20170627160210580.jpg,2,timestamp,3306,train
20170627160255711.jpg,2,timestamp,3307,test
20170627160255825.jpg,2,timestamp,3308,train
20170627160330003.jpg,2,timestamp,3309,train
20170627160643234.jpg,2,timestamp,3310,train
20170627170604481.jpg,2,timestamp,3311,train
20170627170606195.jpg,2,timestamp,3312,train
20170627192028701.jpg,2,timestamp,3313,val
20170627195804056.jpg,2,timestamp,3314,test
20170627200907950.jpg,2,timestamp,3315,train
20170628084907615.jpg,2,timestamp,3316,train
20170628103334635.jpg,2,timestamp,3317,train
20170628104207743.jpg,2,timestamp,3318,train
20170628104216955.jpg,2,timestamp,3319,train
20170628114446629.jpg,2,timestamp,3320,test
20170628114456450.jpg,2,timestamp,3321,train
20170628114825603.jpg,2,timestamp,3322,train
20170628125159838.jpg,2,timestamp,3323,val
20170628161619106.jpg,2,timestamp,3324,train
20170628162207585.jpg,2,timestamp,3325,train
20170628162819744.jpg,2,timestamp,3326,train
20170628162852314.jpg,2,timestamp,3327,train
20170628175832531.jpg,2,timestamp,3328,train
20170628180023623.jpg,2,timestamp,3329,test
20170628193929301.jpg,2,timestamp,3330,val
20170628195834114.jpg,2,timestamp,3331,train
20170628195849871.jpg,2,timestamp,3332,train
20170629083334527.jpg,2,timestamp,3333,val
20170629083334829.jpg,2,timestamp,3334,train
20170629091725669.jpg,2,timestamp,3335,test
20170629093110828.jpg,2,timestamp,3336,train
20170629093129101.jpg,2,timestamp,3337,train
20170629093242135.jpg,2,timestamp,3338,train
20170629093242315.jpg,2,timestamp,3339,train
20170629093404959.jpg,2,timestamp,3340,train
20170629112149103.jpg,2,timestamp,3341,train
20170629112225780.jpg,2,timestamp,3342,test
20170629112226249.jpg,2,timestamp,3343,train
20170629112619572.jpg,2,timestamp,3344,train
20170629144625562.jpg,2,timestamp,3345,val
20170629152907028.jpg,2,timestamp,3346,train
20170629153038341.jpg,2,timestamp,3347,train
20170629163508466.jpg,2,timestamp,3348,train
20170629163541385.jpg,2,timestamp,3349,test
20170629163541793.jpg,2,timestamp,3350,train
20170629164127116.jpg,2,timestamp,3351,train
20170629195200847.jpg,2,timestamp,3352,train
20170629195829257.jpg,2,timestamp,3353,val
20170629210118308.jpg,2,timestamp,3354,train
20170629210946501.jpg,2,timestamp,3355,test
20170629212453597.jpg,2,timestamp,3356,train
20170629213222637.jpg,2,timestamp,3357,train
20170630083302555.jpg,2,timestamp,3358,train
20170630084446353.jpg,2,timestamp,3359,val
20170630113125663.jpg,2,timestamp,3360,train
20170630113238842.jpg,2,timestamp,3361,train
20170630124252705.jpg,2,timestamp,3362,train
20170630124326410.jpg,2,timestamp,3363,train
20170630160336716.jpg,2,timestamp,3364,train
20170630161237018.jpg,2,timestamp,3365,train
20170630161237123.jpg,2,timestamp,3366,test
20170630161316044.jpg,2,timestamp,3367,val
20170630161316194.jpg,2,timestamp,3368,train
20170630161546569.jpg,2,timestamp,3369,train
20170630161546674.jpg,2,timestamp,3370,train
20170630162228394.jpg,2,timestamp,3371,test
20170630165124941.jpg,2,timestamp,3372,val
20170630165348383.jpg,2,timestamp,3373,train
007-5988-300.jpg,3,hyphen,3374,train
007-5999-300.jpg,3,hyphen,3375,train
007-6000-300.jpg,3,hyphen,3376,train
007-6002-300.jpg,3,hyphen,3377,val
007-6003-300.jpg,3,hyphen,3378,train
007-6010-300.jpg,3,hyphen,3379,train
007-6011-300.jpg,3,hyphen,3380,train
007-6074-300.jpg,3,hyphen,3381,test
007-6093-300.jpg,3,hyphen,3382,train
007-6094-300.jpg,3,hyphen,3383,train
007-6102-300.jpg,3,hyphen,3384,val
007-6142-300.jpg,3,hyphen,3385,test
007-6148-300.jpg,3,hyphen,3386,train
007-6160-300.jpg,3,hyphen,3387,train
007-6164-300.jpg,3,hyphen,3388,train
007-6213-300.jpg,3,hyphen,3389,train
007-6214-300.jpg,3,hyphen,3390,train
007-6226-300.jpg,3,hyphen,3391,val
007-6230-300.jpg,3,hyphen,3392,test
007-6239-300.jpg,3,hyphen,3393,train
007-6244-300.jpg,3,hyphen,3394,train
007-6254-300.jpg,3,hyphen,3395,train
007-6276-300.jpg,3,hyphen,3396,train
007-6391-400.jpg,3,hyphen,3397,train
007-6410-400.jpg,3,hyphen,3398,train
007-6453-400.jpg,3,hyphen,3399,train
007-6556-400.jpg,3,hyphen,3400,test
007-6607-400.jpg,3,hyphen,3401,val
007-6703-400.jpg,3,hyphen,3402,train
007-7012-400.jpg,3,hyphen,3403,train
20170502095403278.jpg,3,timestamp,3404,train
20170502103235986.jpg,3,timestamp,3405,train
20170502103242684.jpg,3,timestamp,3406,train
20170502112002456.jpg,3,timestamp,3407,test
20170504152806899.jpg,3,timestamp,3408,val
20170507222419171.jpg,3,timestamp,3409,train
20170510111425409.jpg,3,timestamp,3410,train
20170512151304597.jpg,3,timestamp,3411,train
20170512231007763.jpg,3,timestamp,3412,test
20170514222322175.jpg,3,timestamp,3413,train
20170515195806593.jpg,3,timestamp,3414,val
20170517171512703.jpg,3,timestamp,3415,train
20170519093847278.jpg,3,timestamp,3416,train
20170519153000176.jpg,3,timestamp,3417,train
20170521005529006.jpg,3,timestamp,3418,train
20170522144205431.jpg,3,timestamp,3419,train
20170531173341782.jpg,3,timestamp,3420,train
20170601100334694.jpg,3,timestamp,3421,train
20170601100335324.jpg,3,timestamp,3422,test
20170601160745959.jpg,3,timestamp,3423,train
20170601160747495.jpg,3,timestamp,3424,val
20170602085458708.jpg,3,timestamp,3425,train
20170602155248106.jpg,3,timestamp,3426,train
20170605171346279.jpg,3,timestamp,3427,test
20170606164132548.jpg,3,timestamp,3428,val
20170606164136295.jpg,3,timestamp,3429,train
20170608105641292.jpg,3,timestamp,3430,train
20170608105641569.jpg,3,timestamp,3431,train
20170609095102337.jpg,3,timestamp,3432,train
20170612163236281.jpg,3,timestamp,3433,val
20170614103846161.jpg,3,timestamp,3434,test
20170615104926501.jpg,3,timestamp,3435,train
20170616084703535.jpg,3,timestamp,3436,train
20170616112827989.jpg,3,timestamp,3437,train
20170619165220840.jpg,3,timestamp,3438,train
20170622080837660.jpg,3,timestamp,3439,test
20170626174854486.jpg,3,timestamp,3440,train
20170627103155245.jpg,3,timestamp,3441,val
20170627170651362.jpg,3,timestamp,3442,train
20170627170652393.jpg,3,timestamp,3443,train
20170629163635747.jpg,3,timestamp,3444,train
007-6961-400.jpg,4,hyphen,3445,train
007-6962-400.jpg,4,hyphen,3446,train
007-6963-400.jpg,4,hyphen,3447,test
007-6964-400.jpg,4,hyphen,3448,train
007-6965-400.jpg,4,hyphen,3449,val
007-6966-400.jpg,4,hyphen,3450,train
007-6967-400.jpg,4,hyphen,3451,train
007-6968-400.jpg,4,hyphen,3452,train
007-6969-400.jpg,4,hyphen,3453,train
007-6970-400.jpg,4,hyphen,3454,train
007-6971-400.jpg,4,hyphen,3455,val
007-6972-400.jpg,4,hyphen,3456,train
007-6973-400.jpg,4,hyphen,3457,train
007-6974-400.jpg,4,hyphen,3458,test
007-6975-400.jpg,4,hyphen,3459,train
007-6976-400.jpg,4,hyphen,3460,train
007-6977-400.jpg,4,hyphen,3461,train
007-6978-400.jpg,4,hyphen,3462,val
007-6979-400.jpg,4,hyphen,3463,train
007-6980-400.jpg,4,hyphen,3464,val
007-6981-400.jpg,4,hyphen,3465,test
007-6982-400.jpg,4,hyphen,3466,train
007-6983-400.jpg,4,hyphen,3467,train
007-6984-400.jpg,4,hyphen,3468,train
007-6985-400.jpg,4,hyphen,3469,train
007-6986-400.jpg,4,hyphen,3470,train
007-6987-400.jpg,4,hyphen,3471,test
007-6988-400.jpg,4,hyphen,3472,train
007-6989-400.jpg,4,hyphen,3473,train
007-6990-400.jpg,4,hyphen,3474,train
007-6991-400.jpg,4,hyphen,3475,train
007-6992-400.jpg,4,hyphen,3476,val
007-6993-400.jpg,4,hyphen,3477,train
007-6994-400.jpg,4,hyphen,3478,test
007-6995-400.jpg,4,hyphen,3479,train
007-6997-400.jpg,4,hyphen,3480,train
007-6998-400.jpg,4,hyphen,3481,train
007-6999-400.jpg,4,hyphen,3482,val
007-7000-400.jpg,4,hyphen,3483,train
007-7001-400.jpg,4,hyphen,3484,train
007-7002-400.jpg,4,hyphen,3485,test
007-7003-400.jpg,4,hyphen,3486,train
007-7004-400.jpg,4,hyphen,3487,train
007-7005-400.jpg,4,hyphen,3488,train
007-7006-400.jpg,4,hyphen,3489,train
007-7007-400.jpg,4,hyphen,3490,val
007-7008-400.jpg,4,hyphen,3491,test
007-7009-400.jpg,4,hyphen,3492,train
007-7010-400.jpg,4,hyphen,3493,train
007-7011-400.jpg,4,hyphen,3494,train
007-7013-400.jpg,4,hyphen,3495,train
007-7014-400.jpg,4,hyphen,3496,test
007-7015-400.jpg,4,hyphen,3497,val
007-7016-400.jpg,4,hyphen,3498,train
007-7017-400.jpg,4,hyphen,3499,train
007-7018-400.jpg,4,hyphen,3500,train
007-7019-400.jpg,4,hyphen,3501,train
007-7020-400.jpg,4,hyphen,3502,train
007-7021-400.jpg,4,hyphen,3503,val
007-7022-400.jpg,4,hyphen,3504,test
007-7023-400.jpg,4,hyphen,3505,train
007-7024-400.jpg,4,hyphen,3506,train
007-7025-400.jpg,4,hyphen,3507,train
007-7026-400.jpg,4,hyphen,3508,train
007-7027-400.jpg,4,hyphen,3509,train
007-7028-400.jpg,4,hyphen,3510,val
007-7029-400.jpg,4,hyphen,3511,train
007-7030-400.jpg,4,hyphen,3512,test
007-7031-400.jpg,4,hyphen,3513,train
007-7032-400.jpg,4,hyphen,3514,train
007-7033-400.jpg,4,hyphen,3515,train
007-7034-400.jpg,4,hyphen,3516,train
007-7035-400.jpg,4,hyphen,3517,val
007-7036-400.jpg,4,hyphen,3518,train
007-7037-400.jpg,4,hyphen,3519,test
007-7038-400.jpg,4,hyphen,3520,train
007-7039-400.jpg,4,hyphen,3521,train
007-7040-400.jpg,4,hyphen,3522,train
007-7041-400.jpg,4,hyphen,3523,test
007-7042-400.jpg,4,hyphen,3524,train
007-7043-400.jpg,4,hyphen,3525,train
007-7044-400.jpg,4,hyphen,3526,train
007-7045-400.jpg,4,hyphen,3527,train
007-7046-400.jpg,4,hyphen,3528,train
007-7047-400.jpg,4,hyphen,3529,val
007-7048-400.jpg,4,hyphen,3530,train
007-7049-400.jpg,4,hyphen,3531,test
007-7050-400.jpg,4,hyphen,3532,train
007-7052-400.jpg,4,hyphen,3533,train
007-7055-400.jpg,4,hyphen,3534,train
007-7056-400.jpg,4,hyphen,3535,val
007-7058-400.jpg,4,hyphen,3536,train
007-7059-400.jpg,4,hyphen,3537,train
007-7060-400.jpg,4,hyphen,3538,train
007-7061-400.jpg,4,hyphen,3539,val
007-7100-400.jpg,4,hyphen,3540,train
007-7102-400.jpg,4,hyphen,3541,test
007-7103-400.jpg,4,hyphen,3542,train
007-7104-400.jpg,4,hyphen,3543,train
007-7105-400.jpg,4,hyphen,3544,train
007-7106-400.jpg,4,hyphen,3545,train
007-7107-400.jpg,4,hyphen,3546,test
007-7108-400.jpg,4,hyphen,3547,val
007-7109-400.jpg,4,hyphen,3548,train
007-7110-400.jpg,4,hyphen,3549,train
007-7111-400.jpg,4,hyphen,3550,train
007-7112-400.jpg,4,hyphen,3551,train
007-7113-400.jpg,4,hyphen,3552,train
007-7114-400.jpg,4,hyphen,3553,train
007-7115-400.jpg,4,hyphen,3554,test
007-7116-400.jpg,4,hyphen,3555,val
007-7117-400.jpg,4,hyphen,3556,train
007-7118-400.jpg,4,hyphen,3557,train
007-7119-400.jpg,4,hyphen,3558,train
007-7120-400.jpg,4,hyphen,3559,train
007-7121-400.jpg,4,hyphen,3560,train
007-7122-400.jpg,4,hyphen,3561,test
007-7123-400.jpg,4,hyphen,3562,val
007-7124-400.jpg,4,hyphen,3563,train
007-7125-400.jpg,4,hyphen,3564,train
007-7126-400.jpg,4,hyphen,3565,val
007-7127-400.jpg,4,hyphen,3566,train
007-7128-400.jpg,4,hyphen,3567,train
007-7129-400.jpg,4,hyphen,3568,test
007-7130-400.jpg,4,hyphen,3569,train
007-7131-400.jpg,4,hyphen,3570,train
007-7132-400.jpg,4,hyphen,3571,train
007-7133-400.jpg,4,hyphen,3572,train
007-7134-400.jpg,4,hyphen,3573,train
007-7135-400.jpg,4,hyphen,3574,train
007-7136-400.jpg,4,hyphen,3575,val
007-7137-400.jpg,4,hyphen,3576,train
007-7138-400.jpg,4,hyphen,3577,train
007-7139-400.jpg,4,hyphen,3578,test
007-7140-400.jpg,4,hyphen,3579,train
007-7141-400.jpg,4,hyphen,3580,val
007-7142-400.jpg,4,hyphen,3581,train
007-7143-400.jpg,4,hyphen,3582,train
007-7144-400.jpg,4,hyphen,3583,train
007-7145-400.jpg,4,hyphen,3584,test
007-7146-400.jpg,4,hyphen,3585,train
007-7147-400.jpg,4,hyphen,3586,val
007-7148-400.jpg,4,hyphen,3587,train
007-7149-400.jpg,4,hyphen,3588,train
007-7150-400.jpg,4,hyphen,3589,train
007-7151-400.jpg,4,hyphen,3590,test
007-7152-400.jpg,4,hyphen,3591,train
007-7153-400.jpg,4,hyphen,3592,train
007-7154-400.jpg,4,hyphen,3593,train
007-7155-400.jpg,4,hyphen,3594,train
007-7156-400.jpg,4,hyphen,3595,test
007-7157-400.jpg,4,hyphen,3596,train
007-7158-400.jpg,4,hyphen,3597,val
007-7159-400.jpg,4,hyphen,3598,train
007-7160-400.jpg,4,hyphen,3599,train
007-7161-400.jpg,4,hyphen,3600,train
007-7162-400.jpg,4,hyphen,3601,train
007-7163-400.jpg,4,hyphen,3602,train
007-7164-400.jpg,4,hyphen,3603,val
007-7165-400.jpg,4,hyphen,3604,train
007-7166-400.jpg,4,hyphen,3605,train
007-7167-400.jpg,4,hyphen,3606,train
007-7168-400.jpg,4,hyphen,3607,test
007-7169-400.jpg,4,hyphen,3608,val
007-7170-400.jpg,4,hyphen,3609,train
007-7171-400.jpg,4,hyphen,3610,test
007-7172-400.jpg,4,hyphen,3611,train
007-7173-400.jpg,4,hyphen,3612,train
007-7174-400.jpg,4,hyphen,3613,train
007-7175-400.jpg,4,hyphen,3614,train
007-7176-400.jpg,4,hyphen,3615,train
007-7177-400.jpg,4,hyphen,3616,train
007-7178-400.jpg,4,hyphen,3617,test
007-7179-400.jpg,4,hyphen,3618,train
007-7180-400.jpg,4,hyphen,3619,test
007-7181-400.jpg,4,hyphen,3620,train
007-7182-400.jpg,4,hyphen,3621,val
007-7183-400.jpg,4,hyphen,3622,train
007-7184-400.jpg,4,hyphen,3623,train
007-7185-400.jpg,4,hyphen,3624,train
007-7186-400.jpg,4,hyphen,3625,val
007-7187-400.jpg,4,hyphen,3626,train
007-7188-400.jpg,4,hyphen,3627,train
007-7189-400.jpg,4,hyphen,3628,train
007-7190-400.jpg,4,hyphen,3629,train
007-7191-400.jpg,4,hyphen,3630,train
007-7192-400.jpg,4,hyphen,3631,train
007-7193-400.jpg,4,hyphen,3632,val
007-7194-400.jpg,4,hyphen,3633,test
007-7195-400.jpg,4,hyphen,3634,train
007-7196-400.jpg,4,hyphen,3635,train
007-7197-400.jpg,4,hyphen,3636,train
007-7198-400.jpg,4,hyphen,3637,train
007-7199-400.jpg,4,hyphen,3638,test
007-7202-400.jpg,4,hyphen,3639,train
007-7203-400.jpg,4,hyphen,3640,train
007-7205-400.jpg,4,hyphen,3641,train
007-7206-400.jpg,4,hyphen,3642,val
007-7207-400.jpg,4,hyphen,3643,train
007-7208-400.jpg,4,hyphen,3644,test
007-7209-400.jpg,4,hyphen,3645,val
007-7210-400.jpg,4,hyphen,3646,train
007-7211-400.jpg,4,hyphen,3647,train
007-7212-400.jpg,4,hyphen,3648,train
007-7213-400.jpg,4,hyphen,3649,train
007-7214-400.jpg,4,hyphen,3650,train
007-7215-400.jpg,4,hyphen,3651,train
007-7216-400.jpg,4,hyphen,3652,train
007-7217-400.jpg,4,hyphen,3653,val
007-7218-400.jpg,4,hyphen,3654,train
007-7219-400.jpg,4,hyphen,3655,test
007-7220-400.jpg,4,hyphen,3656,train
007-7221-400.jpg,4,hyphen,3657,train
007-7222-400.jpg,4,hyphen,3658,val
007-7223-400.jpg,4,hyphen,3659,train
007-7224-400.jpg,4,hyphen,3660,test
007-7225-400.jpg,4,hyphen,3661,train
007-7226-400.jpg,4,hyphen,3662,train
007-7227-400.jpg,4,hyphen,3663,train
007-7229-400.jpg,4,hyphen,3664,train
007-7230-400.jpg,4,hyphen,3665,test
007-7231-400.jpg,4,hyphen,3666,train
007-7232-400.jpg,4,hyphen,3667,train
007-7233-400.jpg,4,hyphen,3668,val
007-7234-400.jpg,4,hyphen,3669,train
007-7235-400.jpg,4,hyphen,3670,train
007-7236-400.jpg,4,hyphen,3671,train
007-7237-400.jpg,4,hyphen,3672,test
007-7238-400.jpg,4,hyphen,3673,train
007-7239-400.jpg,4,hyphen,3674,val
007-7240-400.jpg,4,hyphen,3675,train
007-7241-400.jpg,4,hyphen,3676,train
007-7242-400.jpg,4,hyphen,3677,train
007-7243-400.jpg,4,hyphen,3678,train
007-7244-400.jpg,4,hyphen,3679,train
007-7245-400.jpg,4,hyphen,3680,val
007-7246-400.jpg,4,hyphen,3681,test
007-7247-400.jpg,4,hyphen,3682,train
007-7248-400.jpg,4,hyphen,3683,train
007-7249-400.jpg,4,hyphen,3684,val
007-7250-400.jpg,4,hyphen,3685,train
007-7251-400.jpg,4,hyphen,3686,train
007-7252-400.jpg,4,hyphen,3687,test
007-7253-400.jpg,4,hyphen,3688,train
007-7254-400.jpg,4,hyphen,3689,train
007-7255-400.jpg,4,hyphen,3690,train
007-7256-400.jpg,4,hyphen,3691,train
007-7257-400.jpg,4,hyphen,3692,train
007-7258-400.jpg,4,hyphen,3693,test
007-7259-400.jpg,4,hyphen,3694,train
007-7260-400.jpg,4,hyphen,3695,train
007-7261-400.jpg,4,hyphen,3696,val
007-7262-400.jpg,4,hyphen,3697,train
007-7263-400.jpg,4,hyphen,3698,train
007-7264-400.jpg,4,hyphen,3699,train
007-7265-400.jpg,4,hyphen,3700,test
007-7266-400.jpg,4,hyphen,3701,train
007-7267-400.jpg,4,hyphen,3702,train
007-7283-601.jpg,4,hyphen,3703,val
007-7560-601.jpg,4,hyphen,3704,train
007-7561-601.jpg,4,hyphen,3705,train
007-7568-601.jpg,4,hyphen,3706,train
007-7581-601.jpg,4,hyphen,3707,train
007-7683-601.jpg,4,hyphen,3708,train
007-7763-601.jpg,4,hyphen,3709,test
007-7831-601.jpg,4,hyphen,3710,train
007-8527-604.jpg,4,hyphen,3711,val
007-8689-605.jpg,4,hyphen,3712,train
007-8728-605.jpg,4,hyphen,3713,train
007-8805-605.jpg,4,hyphen,3714,test
007-8809-605.jpg,4,hyphen,3715,train
007-8820-605.jpg,4,hyphen,3716,train
007-8842-605.jpg,4,hyphen,3717,val
007-8859-605.jpg,4,hyphen,3718,train
20170514222317943.jpg,4,timestamp,3719,train
20170323093705822.jpg,0,timestamp,3720,train
20170323093707381.jpg,0,timestamp,3721,test
20170323093821503.jpg,0,timestamp,3722,train
20170323093944125.jpg,0,timestamp,3723,val
20170323093945725.jpg,0,timestamp,3724,train
20170323094333366.jpg,0,timestamp,3725,train
20170323094334954.jpg,0,timestamp,3726,train
20170323094433433.jpg,0,timestamp,3727,train
20170323094832144.jpg,0,timestamp,3728,train
20170323094905895.jpg,0,timestamp,3729,test
20170323094906953.jpg,0,timestamp,3730,train
20170323095042818.jpg,0,timestamp,3731,train
20170323095138379.jpg,0,timestamp,3732,val
20170323095139979.jpg,0,timestamp,3733,train
20170323095325734.jpg,0,timestamp,3734,train
20170323095327323.jpg,0,timestamp,3735,test
20170323095950738.jpg,0,timestamp,3736,train
20170323095952352.jpg,0,timestamp,3737,train
20170323101411151.jpg,0,timestamp,3738,train
20170323101805685.jpg,0,timestamp,3739,val
20170323101844209.jpg,0,timestamp,3740,train
20170323102532714.jpg,0,timestamp,3741,train
20170323103303961.jpg,0,timestamp,3742,train
20170323103305543.jpg,0,timestamp,3743,train
20170323104718939.jpg,0,timestamp,3744,test
20170323110334357.jpg,0,timestamp,3745,train
20170323110340307.jpg,0,timestamp,3746,val
20170323110608547.jpg,0,timestamp,3747,train
20170323110609014.jpg,0,timestamp,3748,train
20170323114802884.jpg,0,timestamp,3749,test
20170323114805847.jpg,0,timestamp,3750,train
20170323114856047.jpg,0,timestamp,3751,train
20170323114953915.jpg,0,timestamp,3752,train
20170323130204055.jpg,0,timestamp,3753,val
20170323130205239.jpg,0,timestamp,3754,train
20170323130338822.jpg,0,timestamp,3755,train
20170323130340134.jpg,0,timestamp,3756,test
20170323130757983.jpg,0,timestamp,3757,train
20170323130758448.jpg,0,timestamp,3758,train
20170323130834970.jpg,0,timestamp,3759,train
20170323130835496.jpg,0,timestamp,3760,train
20170323130911479.jpg,0,timestamp,3761,test
20170323131021773.jpg,0,timestamp,3762,train
20170323140209715.jpg,0,timestamp,3763,val
20170323140215836.jpg,0,timestamp,3764,train
20170323140256043.jpg,0,timestamp,3765,train
20170323140301229.jpg,0,timestamp,3766,train
20170323141149360.jpg,0,timestamp,3767,train
20170323141155955.jpg,0,timestamp,3768,val
20170323141507129.jpg,0,timestamp,3769,train
20170323141914278.jpg,0,timestamp,3770,train
20170323142918454.jpg,0,timestamp,3771,train
20170323152656323.jpg,0,timestamp,3772,train
20170323153113302.jpg,0,timestamp,3773,test
20170323153825474.jpg,0,timestamp,3774,train
20170323162112796.jpg,0,timestamp,3775,train
20170323162238639.jpg,0,timestamp,3776,val
20170323162238925.jpg,0,timestamp,3777,train
20170323162415135.jpg,0,timestamp,3778,train
20170323162415464.jpg,0,timestamp,3779,test
20170323172129117.jpg,0,timestamp,3780,train
20170323172134956.jpg,0,timestamp,3781,train
20170323172228668.jpg,0,timestamp,3782,train
20170324074015232.jpg,0,timestamp,3728,train
20170324074536077.jpg,0,timestamp,3783,train
20170324074957283.jpg,0,timestamp,3784,val
20170324075158165.jpg,0,timestamp,3785,test
20170324075346975.jpg,0,timestamp,3786,train
20170324075348523.jpg,0,timestamp,3787,train
20170324075706591.jpg,0,timestamp,3788,train
20170324075708136.jpg,0,timestamp,3789,val
20170324080421980.jpg,0,timestamp,3790,train
20170324080423631.jpg,0,timestamp,3791,train
20170324080703043.jpg,0,timestamp,3792,train
20170324080704607.jpg,0,timestamp,3793,test
20170324080917203.jpg,0,timestamp,3794,train
20170324080918804.jpg,0,timestamp,3795,train
20170324081121248.jpg,0,timestamp,3796,train
20170324081122857.jpg,0,timestamp,3797,train
20170324081733358.jpg,0,timestamp,3798,test
20170324082030082.jpg,0,timestamp,3799,train
20170324082251139.jpg,0,timestamp,3800,train
20170324082252731.jpg,0,timestamp,3801,val
20170324082847204.jpg,0,timestamp,3802,train
20170324082848774.jpg,0,timestamp,3803,val
20170324083212839.jpg,0,timestamp,3804,train
20170324083513388.jpg,0,timestamp,3805,train
20170324083515012.jpg,0,timestamp,3806,val
20170324083758293.jpg,0,timestamp,3807,test
20170324083949673.jpg,0,timestamp,3808,train
20170324084144836.jpg,0,timestamp,3809,train
20170324084357218.jpg,0,timestamp,3810,train
20170324084426937.jpg,0,timestamp,3811,train
20170324084838993.jpg,0,timestamp,3812,train
20170324084840579.jpg,0,timestamp,3813,train
20170324085147957.jpg,0,timestamp,3814,test
20170324085149565.jpg,0,timestamp,3815,val
20170324085456190.jpg,0,timestamp,3816,train
20170324085722015.jpg,0,timestamp,3817,train
20170324085929970.jpg,0,timestamp,3818,train
20170324085931557.jpg,0,timestamp,3819,val
20170324090522483.jpg,0,timestamp,3820,train
20170324090524051.jpg,0,timestamp,3821,test
20170324091045547.jpg,0,timestamp,3822,train
20170324091221882.jpg,0,timestamp,3823,train
20170324091224883.jpg,0,timestamp,3824,train
20170324091347852.jpg,0,timestamp,3825,train
20170324091537897.jpg,0,timestamp,3826,train
20170324091539449.jpg,0,timestamp,3827,test
20170324091734239.jpg,0,timestamp,3828,train
20170324091735788.jpg,0,timestamp,3829,train
20170324091958147.jpg,0,timestamp,3830,train
20170324091959765.jpg,0,timestamp,3831,val
20170324092207111.jpg,0,timestamp,3832,train
20170324092423588.jpg,0,timestamp,3833,train
20170324092425163.jpg,0,timestamp,3834,test
20170324092621974.jpg,0,timestamp,3835,train
20170324092623566.jpg,0,timestamp,3836,train
20170324092825264.jpg,0,timestamp,3837,val
20170324093012531.jpg,0,timestamp,3838,train
20170324093012821.jpg,0,timestamp,3839,train
20170324093107776.jpg,0,timestamp,3840,train
20170324093109343.jpg,0,timestamp,3841,test
20170324093303394.jpg,0,timestamp,3842,val
20170324093304975.jpg,0,timestamp,3843,train
20170324093728577.jpg,0,timestamp,3844,train
20170324094019439.jpg,0,timestamp,3845,train
20170324094021003.jpg,0,timestamp,3846,train
20170324094410750.jpg,0,timestamp,3847,train
20170324094647604.jpg,0,timestamp,3848,train
20170324094649192.jpg,0,timestamp,3849,test
20170324094841624.jpg,0,timestamp,3850,train
20170324095036327.jpg,0,timestamp,3851,val
20170324095037893.jpg,0,timestamp,3852,train
20170324095301169.jpg,0,timestamp,3853,train
20170324095302762.jpg,0,timestamp,3854,train
20170324095312870.jpg,0,timestamp,3855,train
20170324095528097.jpg,0,timestamp,3856,test
20170324095529660.jpg,0,timestamp,3857,val
20170324095907957.jpg,0,timestamp,3858,train
20170324100528998.jpg,0,timestamp,3859,test
20170324101034222.jpg,0,timestamp,3860,train
20170324101738972.jpg,0,timestamp,3861,train
20170324101740531.jpg,0,timestamp,3862,train
20170324102541915.jpg,0,timestamp,3863,train
20170324103347095.jpg,0,timestamp,3864,train
20170324103349937.jpg,0,timestamp,3865,val
20170324103451027.jpg,0,timestamp,3866,train
20170324103452611.jpg,0,timestamp,3867,val
20170324104428221.jpg,0,timestamp,3868,test
20170324104839547.jpg,0,timestamp,3869,train
20170324104915088.jpg,0,timestamp,3870,train
20170324110301615.jpg,0,timestamp,3871,train
20170324110307341.jpg,0,timestamp,3872,train
20170324111244129.jpg,0,timestamp,3873,train
20170324112237946.jpg,0,timestamp,3874,train
20170324112314257.jpg,0,timestamp,3875,train
20170324112320019.jpg,0,timestamp,3876,train
20170324112557007.jpg,0,timestamp,3877,test
20170324112903585.jpg,0,timestamp,3878,train
20170324112909191.jpg,0,timestamp,3879,val
20170324135324545.jpg,0,timestamp,3880,train
20170324140135441.jpg,0,timestamp,3881,train
20170324140208565.jpg,0,timestamp,3882,train
20170324140209599.jpg,0,timestamp,3883,train
20170324140245887.jpg,0,timestamp,3884,train
20170324140645615.jpg,0,timestamp,3885,test
20170324140648051.jpg,0,timestamp,3886,train
20170324140847654.jpg,0,timestamp,3887,val
20170324140849407.jpg,0,timestamp,3888,train
20170324143921857.jpg,0,timestamp,3889,train
20170324144131476.jpg,0,timestamp,3890,train
20170324144203455.jpg,0,timestamp,3891,test
20170324144203614.jpg,0,timestamp,3892,train
20170324144240446.jpg,0,timestamp,3893,train
20170324144241048.jpg,0,timestamp,3894,val
20170324144304719.jpg,0,timestamp,3895,train
20170324150600534.jpg,0,timestamp,3896,train
20170326075840285.jpg,0,timestamp,3897,test
20170326080809380.jpg,0,timestamp,3898,train
20170326080816565.jpg,0,timestamp,3899,train
20170326081646277.jpg,0,timestamp,3900,train
20170326081652962.jpg,0,timestamp,3901,test
20170326082221994.jpg,0,timestamp,3902,val
20170326082228400.jpg,0,timestamp,3903,test
20170326085552768.jpg,0,timestamp,3904,train
20170326090056897.jpg,0,timestamp,3905,train
20170326090501956.jpg,0,timestamp,3906,train
20170326091619636.jpg,0,timestamp,3907,train
20170326091625665.jpg,0,timestamp,3908,train
20170326091858070.jpg,0,timestamp,3909,val
20170326091904327.jpg,0,timestamp,3910,train
20170326092329336.jpg,0,timestamp,3911,train
20170326092747892.jpg,0,timestamp,3912,train
20170326093023147.jpg,0,timestamp,3913,train
20170326093029051.jpg,0,timestamp,3914,train
20170326093333813.jpg,0,timestamp,3915,train
20170326093340254.jpg,0,timestamp,3916,val
20170326093743368.jpg,0,timestamp,3917,train
20170326094731919.jpg,0,timestamp,3918,train
20170326094738452.jpg,0,timestamp,3919,train
20170326095038980.jpg,0,timestamp,3920,test
20170326095045439.jpg,0,timestamp,3921,train
20170326095729604.jpg,0,timestamp,3922,train
20170326095737386.jpg,0,timestamp,3923,val
20170326100016067.jpg,0,timestamp,3924,train
20170326100026531.jpg,0,timestamp,3925,train
20170326100838085.jpg,0,timestamp,3926,test
20170326100843964.jpg,0,timestamp,3927,train
20170326101139893.jpg,0,timestamp,3928,val
20170326104627144.jpg,0,timestamp,3929,train
20170326104628428.jpg,0,timestamp,3930,train
20170326104842424.jpg,0,timestamp,3931,val
20170326104849119.jpg,0,timestamp,3932,train
20170326104849419.jpg,0,timestamp,3933,train
20170326104919990.jpg,0,timestamp,3934,train
20170326105022553.jpg,0,timestamp,3935,train
20170327075318134.jpg,0,timestamp,3936,test
20170327075319486.jpg,0,timestamp,3937,train
20170327075631732.jpg,0,timestamp,3938,val
20170327075633088.jpg,0,timestamp,3939,train
20170327080743745.jpg,0,timestamp,3940,train
20170327081937492.jpg,0,timestamp,3941,test
20170327081938871.jpg,0,timestamp,3942,train
20170327082612907.jpg,0,timestamp,3943,val
20170327082614262.jpg,0,timestamp,3944,train
20170327083655755.jpg,0,timestamp,3945,train
20170327084037780.jpg,0,timestamp,3946,train
20170327084039129.jpg,0,timestamp,3947,train
20170327084459458.jpg,0,timestamp,3948,test
20170327084500823.jpg,0,timestamp,3949,train
20170327084919035.jpg,0,timestamp,3950,train
20170327084920414.jpg,0,timestamp,3951,val
20170327085031887.jpg,0,timestamp,3952,train
20170327085656497.jpg,0,timestamp,3953,train
20170327090617334.jpg,0,timestamp,3954,train
20170327090618698.jpg,0,timestamp,3955,train
20170327091023750.jpg,0,timestamp,3956,test
20170327091025156.jpg,0,timestamp,3957,val
20170327091508081.jpg,0,timestamp,3958,train
20170327091508471.jpg,0,timestamp,3959,train
20170327092530674.jpg,0,timestamp,3960,train
20170327092929948.jpg,0,timestamp,3961,train
20170327093219784.jpg,0,timestamp,3962,train
20170327093221196.jpg,0,timestamp,3963,train
20170327094324636.jpg,0,timestamp,3964,test
20170327094326044.jpg,0,timestamp,3965,val
20170327094656820.jpg,0,timestamp,3966,train
20170327094658211.jpg,0,timestamp,3967,train
20170327094724718.jpg,0,timestamp,3968,train
20170327094915462.jpg,0,timestamp,3969,test
20170327095113002.jpg,0,timestamp,3970,train
20170327095114395.jpg,0,timestamp,3971,train
20170327100623481.jpg,0,timestamp,3972,val
20170327100837150.jpg,0,timestamp,3973,train
20170327100838638.jpg,0,timestamp,3974,train
20170327101529137.jpg,0,timestamp,3975,train
20170327101530578.jpg,0,timestamp,3976,val
20170327101756551.jpg,0,timestamp,3977,train
20170327101757957.jpg,0,timestamp,3978,train
20170327102219037.jpg,0,timestamp,3979,test
20170327102220440.jpg,0,timestamp,3980,train
20170327102429259.jpg,0,timestamp,3981,train
20170327102430632.jpg,0,timestamp,3982,train
20170327102502414.jpg,0,timestamp,3983,train
20170327103033609.jpg,0,timestamp,3984,test
20170327103257324.jpg,0,timestamp,3985,train
20170327103258723.jpg,0,timestamp,3986,val
20170327103406775.jpg,0,timestamp,3987,train
20170327103408202.jpg,0,timestamp,3988,train
20170327103504990.jpg,0,timestamp,3989,test
20170327103522951.jpg,0,timestamp,3990,train
20170327103524390.jpg,0,timestamp,3991,train
20170327103629041.jpg,0,timestamp,3992,train
20170327103629372.jpg,0,timestamp,3993,train
20170327103857079.jpg,0,timestamp,3994,train
20170327103858459.jpg,0,timestamp,3995,train
20170327104153766.jpg,0,timestamp,3996,train
20170327104159249.jpg,0,timestamp,3997,val
20170327104333816.jpg,0,timestamp,3998,test
20170327104857725.jpg,0,timestamp,3999,train
20170327105311474.jpg,0,timestamp,4000,train
20170327105552936.jpg,0,timestamp,4001,train
20170327105554324.jpg,0,timestamp,4002,val
20170327105802214.jpg,0,timestamp,4003,train
20170327105803591.jpg,0,timestamp,4004,train
20170327110400321.jpg,0,timestamp,4005,test
20170327110707781.jpg,0,timestamp,4006,train
20170327110724437.jpg,0,timestamp,4007,train
20170327110930156.jpg,0,timestamp,4008,train
20170327110931523.jpg,0,timestamp,4009,train
20170327111056730.jpg,0,timestamp,4010,val
20170327111056792.jpg,0,timestamp,4011,test
20170327111243014.jpg,0,timestamp,4012,train
20170327111244402.jpg,0,timestamp,4013,train
20170327111304850.jpg,0,timestamp,4014,train
20170327111316876.jpg,0,timestamp,4015,train
20170327111335498.jpg,0,timestamp,4016,train
20170327111337500.jpg,0,timestamp,4017,val
20170327111444452.jpg,0,timestamp,4018,train
20170327111445864.jpg,0,timestamp,4019,train
20170327111703450.jpg,0,timestamp,4020,test
20170327111704847.jpg,0,timestamp,4021,train
20170327111710412.jpg,0,timestamp,3983,train
20170327111945310.jpg,0,timestamp,4022,train
20170327111955443.jpg,0,timestamp,4023,val
20170327111957345.jpg,0,timestamp,4024,train
20170327112220088.jpg,0,timestamp,4025,test
20170327112501066.jpg,0,timestamp,4026,train
20170327112656972.jpg,0,timestamp,4027,train
20170327112658379.jpg,0,timestamp,4028,train
20170327112844313.jpg,0,timestamp,4029,val
20170327112847938.jpg,0,timestamp,4030,train
20170327112955216.jpg,0,timestamp,4031,train
20170327112956651.jpg,0,timestamp,4032,train
20170327113237351.jpg,0,timestamp,4033,test
20170327113516236.jpg,0,timestamp,4034,train
20170327114655583.jpg,0,timestamp,4035,val
20170327114657010.jpg,0,timestamp,4036,train
20170327132738501.jpg,0,timestamp,4037,train
20170327132740881.jpg,0,timestamp,4038,test
20170327134056100.jpg,0,timestamp,4039,train
20170327134206136.jpg,0,timestamp,4040,train
20170327134214648.jpg,0,timestamp,4041,train
20170327135922650.jpg,0,timestamp,4042,train
20170327140038034.jpg,0,timestamp,4043,train
20170327140112310.jpg,0,timestamp,4044,train
20170327140304750.jpg,0,timestamp,4045,val
20170327140346524.jpg,0,timestamp,4046,train
20170327140346704.jpg,0,timestamp,4047,train
20170327140449047.jpg,0,timestamp,4048,train
20170327140449496.jpg,0,timestamp,4049,train
20170327140523113.jpg,0,timestamp,4050,val
20170327140552407.jpg,0,timestamp,4051,test
20170327140646337.jpg,0,timestamp,4052,train
20170327140647856.jpg,0,timestamp,4053,train
20170327140718220.jpg,0,timestamp,4054,train
20170327140819321.jpg,0,timestamp,4055,test
20170327140819667.jpg,0,timestamp,4056,train
20170327150751478.jpg,0,timestamp,4057,train
20170327160209161.jpg,0,timestamp,4058,val
20170327160227390.jpg,0,timestamp,4059,train
20170327160649463.jpg,0,timestamp,4060,train
20170327160654598.jpg,0,timestamp,4061,train
20170327160904680.jpg,0,timestamp,4062,test
20170327161538508.jpg,0,timestamp,4063,train
20170327161710463.jpg,0,timestamp,4064,train
20170327164504071.jpg,0,timestamp,4065,train
20170327164504431.jpg,0,timestamp,4066,train
20170327170916823.jpg,0,timestamp,4067,val
20170327170922593.jpg,0,timestamp,4068,train
20170327173128689.jpg,0,timestamp,4069,test
20170328074511689.jpg,0,timestamp,4070,train
20170328075745352.jpg,0,timestamp,4071,train
20170328080647093.jpg,0,timestamp,4072,train
20170328080648455.jpg,0,timestamp,4073,train
20170328081015016.jpg,0,timestamp,4074,val
20170328081016390.jpg,0,timestamp,4075,train
20170328081449974.jpg,0,timestamp,4076,train
20170328081827114.jpg,0,timestamp,4077,test
20170328081828478.jpg,0,timestamp,4078,train
20170328082101747.jpg,0,timestamp,4079,train
20170328082103134.jpg,0,timestamp,4080,train
20170328082333730.jpg,0,timestamp,4081,train
20170328083012701.jpg,0,timestamp,4082,val
20170328083212413.jpg,0,timestamp,4083,train
20170328084549088.jpg,0,timestamp,4084,train
20170328084550454.jpg,0,timestamp,4085,test
20170328085234524.jpg,0,timestamp,4086,train
20170328090806043.jpg,0,timestamp,4087,train
20170328090806503.jpg,0,timestamp,4088,val
20170328091056768.jpg,0,timestamp,4089,train
20170328091057123.jpg,0,timestamp,4090,test
20170328091105511.jpg,0,timestamp,4091,train
20170328091106960.jpg,0,timestamp,4092,train
20170328091227668.jpg,0,timestamp,4093,val
20170328091440431.jpg,0,timestamp,4094,train
20170328091708971.jpg,0,timestamp,4095,train
20170328092058692.jpg,0,timestamp,4096,train
20170328092752103.jpg,0,timestamp,4097,test
20170328093140718.jpg,0,timestamp,4098,train
20170328093142139.jpg,0,timestamp,4099,val
20170328094247861.jpg,0,timestamp,4100,test
20170328094249296.jpg,0,timestamp,4101,train
20170328094305699.jpg,0,timestamp,4102,train
20170328094455218.jpg,0,timestamp,4103,train
20170328094456638.jpg,0,timestamp,4104,train
20170328094732211.jpg,0,timestamp,4105,train
20170328094733654.jpg,0,timestamp,4106,val
20170328095522661.jpg,0,timestamp,4107,train
20170328095524113.jpg,0,timestamp,4108,train
20170328101014928.jpg,0,timestamp,4109,train
20170328101706536.jpg,0,timestamp,4110,test
20170328101707998.jpg,0,timestamp,4111,train
20170328102344330.jpg,0,timestamp,4112,train
20170328105351300.jpg,0,timestamp,4113,val
20170328105401273.jpg,0,timestamp,4114,train
20170328110649522.jpg,0,timestamp,4115,train
20170328110810910.jpg,0,timestamp,4116,train
20170328114714967.jpg,0,timestamp,4117,train
20170328142532871.jpg,0,timestamp,4118,train
20170328145702906.jpg,0,timestamp,4119,test
20170328145703859.jpg,0,timestamp,4120,train
20170328145739032.jpg,0,timestamp,4121,val
20170328145803149.jpg,0,timestamp,4122,train
20170328145935050.jpg,0,timestamp,4123,train
20170328145935366.jpg,0,timestamp,4124,train
20170328150001001.jpg,0,timestamp,4125,test
20170328150153573.jpg,0,timestamp,4126,train
20170328150153923.jpg,0,timestamp,4127,train
20170328150218576.jpg,0,timestamp,4128,train
20170328150218913.jpg,0,timestamp,4129,train
20170328150336549.jpg,0,timestamp,4130,train
20170328150336683.jpg,0,timestamp,4131,val
20170328153647268.jpg,0,timestamp,4132,test
20170328153746074.jpg,0,timestamp,4133,train
20170328153751497.jpg,0,timestamp,4134,train
20170328153758019.jpg,0,timestamp,4135,train
20170328154905325.jpg,0,timestamp,4136,train
20170328164726799.jpg,0,timestamp,4137,test
20170328180141830.jpg,0,timestamp,4138,val
20170328180147668.jpg,0,timestamp,4139,train
20170329074906288.jpg,0,timestamp,4140,train
20170329074911528.jpg,0,timestamp,4141,train
20170329075721626.jpg,0,timestamp,4142,train
20170329075722980.jpg,0,timestamp,4143,train
20170329080832977.jpg,0,timestamp,4144,val
20170329080834348.jpg,0,timestamp,4145,train
20170329081334925.jpg,0,timestamp,4146,train
20170329081513269.jpg,0,timestamp,4147,test
20170329081514631.jpg,0,timestamp,4148,val
20170329082259803.jpg,0,timestamp,4149,train
20170329082301186.jpg,0,timestamp,4150,train
20170329082424201.jpg,0,timestamp,4151,test
20170329082547301.jpg,0,timestamp,4152,test
20170329082548692.jpg,0,timestamp,4153,train
20170329082649775.jpg,0,timestamp,4154,train
20170329082807396.jpg,0,timestamp,4155,train
20170329082818262.jpg,0,timestamp,4156,train
20170329082946600.jpg,0,timestamp,4157,train
20170329082947964.jpg,0,timestamp,4158,train
20170329083202294.jpg,0,timestamp,4159,train
20170329083203668.jpg,0,timestamp,4160,train
20170329083553293.jpg,0,timestamp,4161,val
20170329083705661.jpg,0,timestamp,4162,train
20170329083802588.jpg,0,timestamp,4163,train
20170329083804001.jpg,0,timestamp,4164,train
20170329084151044.jpg,0,timestamp,4165,test
20170329084152423.jpg,0,timestamp,4166,train
20170329084401502.jpg,0,timestamp,4167,val
20170329084624677.jpg,0,timestamp,4168,train
20170329085346073.jpg,0,timestamp,4169,train
20170329085831428.jpg,0,timestamp,4170,train
20170329091201472.jpg,0,timestamp,4171,train
20170329091202868.jpg,0,timestamp,4172,train
20170329091727794.jpg,0,timestamp,4173,train
20170329091959859.jpg,0,timestamp,4174,test
20170329093012953.jpg,0,timestamp,4175,val
20170329093248244.jpg,0,timestamp,4176,train
20170329093248613.jpg,0,timestamp,4177,train
20170329093727070.jpg,0,timestamp,4178,train
20170329093954690.jpg,0,timestamp,4179,train
20170329094415086.jpg,0,timestamp,4180,test
20170329094415243.jpg,0,timestamp,4181,train
20170329094455007.jpg,0,timestamp,4182,train
20170329094456105.jpg,0,timestamp,4183,val
20170329094643301.jpg,0,timestamp,4184,train
20170329095340255.jpg,0,timestamp,4185,train
20170329095905784.jpg,0,timestamp,4186,val
20170329095907382.jpg,0,timestamp,4187,test
20170329100248874.jpg,0,timestamp,4188,train
20170329100341322.jpg,0,timestamp,4189,val
20170329100341777.jpg,0,timestamp,4190,train
20170329100407573.jpg,0,timestamp,4191,train
20170329101332040.jpg,0,timestamp,4192,train
20170329102416314.jpg,0,timestamp,4193,train
20170329102417753.jpg,0,timestamp,4194,train
20170329134945032.jpg,0,timestamp,4195,test
20170329140026539.jpg,0,timestamp,4196,train
20170329140458837.jpg,0,timestamp,4197,val
20170329140505128.jpg,0,timestamp,4198,train
20170329140648564.jpg,0,timestamp,4199,train
20170329140733147.jpg,0,timestamp,4200,test
20170329140824088.jpg,0,timestamp,4201,train
20170329140824603.jpg,0,timestamp,4202,train
20170329141305620.jpg,0,timestamp,4203,val
20170329141311752.jpg,0,timestamp,4204,val
20170329141353743.jpg,0,timestamp,4205,train
20170329141551261.jpg,0,timestamp,4206,train
20170329141621593.jpg,0,timestamp,4207,train
20170329141627712.jpg,0,timestamp,4208,train
20170329143137553.jpg,0,timestamp,3881,train
20170329143208143.jpg,0,timestamp,3882,train
20170329143208193.jpg,0,timestamp,3883,train
20170329143238497.jpg,0,timestamp,3884,train
20170329143453583.jpg,0,timestamp,3886,train
20170329143545705.jpg,0,timestamp,3887,val
20170329143545777.jpg,0,timestamp,3888,train
20170329144505192.jpg,0,timestamp,4209,test
20170329162303823.jpg,0,timestamp,4210,train
20170329162304252.jpg,0,timestamp,4211,train
20170329163054469.jpg,0,timestamp,4212,train
20170330074236068.jpg,0,timestamp,4213,test
20170330074626951.jpg,0,timestamp,4214,train
20170330075043628.jpg,0,timestamp,4215,train
20170330080003070.jpg,0,timestamp,4216,train
20170330080004528.jpg,0,timestamp,4217,train
20170330080415884.jpg,0,timestamp,4218,val
20170330081019995.jpg,0,timestamp,4219,train
20170330081632470.jpg,0,timestamp,4220,train
20170330082033255.jpg,0,timestamp,4221,train
20170330082321518.jpg,0,timestamp,4222,test
20170330083459373.jpg,0,timestamp,4223,val
20170330083717316.jpg,0,timestamp,4224,train
20170330085147771.jpg,0,timestamp,4225,train
20170330085148201.jpg,0,timestamp,4226,train
20170330085308054.jpg,0,timestamp,4227,train
20170330085309517.jpg,0,timestamp,4228,val
20170330085440333.jpg,0,timestamp,4229,train
20170330085537655.jpg,0,timestamp,4230,test
20170330085539114.jpg,0,timestamp,4231,train
20170330085955483.jpg,0,timestamp,4232,train
20170330085956922.jpg,0,timestamp,4233,train
20170330090546051.jpg,0,timestamp,4234,train
20170330095646213.jpg,0,timestamp,4235,train
20170330095646694.jpg,0,timestamp,4236,train
20170330095751105.jpg,0,timestamp,4237,val
20170330095927587.jpg,0,timestamp,4238,test
20170330100132948.jpg,0,timestamp,4239,train
20170330105403355.jpg,0,timestamp,4240,train
20170330110502359.jpg,0,timestamp,4241,train
20170330111144486.jpg,0,timestamp,4242,train
20170330111147398.jpg,0,timestamp,4243,test
20170330120141655.jpg,0,timestamp,4244,train
20170330134444958.jpg,0,timestamp,4245,train
20170330140118618.jpg,0,timestamp,4246,val
20170330140920632.jpg,0,timestamp,4247,train
20170330141200858.jpg,0,timestamp,4248,train
20170330141323901.jpg,0,timestamp,4249,train
20170330151213043.jpg,0,timestamp,4250,train
20170330152314231.jpg,0,timestamp,4251,test
20170330152319803.jpg,0,timestamp,4252,val
20170330152413194.jpg,0,timestamp,4253,train
20170330152418842.jpg,0,timestamp,4254,train
20170330153037252.jpg,0,timestamp,4255,train
20170330153038937.jpg,0,timestamp,4256,train
20170330153112650.jpg,0,timestamp,4257,train
20170330153216510.jpg,0,timestamp,4258,train
20170330153329311.jpg,0,timestamp,4259,test
20170330153330865.jpg,0,timestamp,4260,val
20170330153359627.jpg,0,timestamp,4261,train
20170330153401334.jpg,0,timestamp,4262,train
20170330153519213.jpg,0,timestamp,4263,train
20170330153520843.jpg,0,timestamp,4264,test
20170330153640872.jpg,0,timestamp,4265,train
20170330153711496.jpg,0,timestamp,4266,train
20170330163249573.jpg,0,timestamp,4267,train
20170330163327593.jpg,0,timestamp,4268,val
20170330164642689.jpg,0,timestamp,4269,train
20170330165025106.jpg,0,timestamp,4270,train
20170330165025462.jpg,0,timestamp,4271,train
20170330213316497.jpg,0,timestamp,4272,train
20170330220158270.jpg,0,timestamp,4273,train
20170330222014438.jpg,0,timestamp,4274,test
20170330222644867.jpg,0,timestamp,4275,train
20170330223645351.jpg,0,timestamp,4276,train
20170331075147582.jpg,0,timestamp,4277,val
20170331075148942.jpg,0,timestamp,4278,train
20170331075821770.jpg,0,timestamp,4279,test
20170331082121975.jpg,0,timestamp,4280,train
20170331082123432.jpg,0,timestamp,4281,test
20170331082357273.jpg,0,timestamp,4282,val
20170331082621105.jpg,0,timestamp,4283,train
20170331082622590.jpg,0,timestamp,4284,train
20170331082942953.jpg,0,timestamp,4285,train
20170331082944429.jpg,0,timestamp,4286,train
20170331083148951.jpg,0,timestamp,4287,train
20170331083150455.jpg,0,timestamp,4288,val
20170331083849323.jpg,0,timestamp,4289,train
20170331083850808.jpg,0,timestamp,4290,train
20170331085031265.jpg,0,timestamp,4291,train
20170331085032737.jpg,0,timestamp,4292,train
20170331085316650.jpg,0,timestamp,4293,train
20170331085318134.jpg,0,timestamp,4294,val
20170331085538677.jpg,0,timestamp,4295,train
20170331085540124.jpg,0,timestamp,4296,test
20170331085833777.jpg,0,timestamp,4297,train
20170331085939812.jpg,0,timestamp,4298,train
20170331090025956.jpg,0,timestamp,4299,train
20170331090026449.jpg,0,timestamp,4300,test
20170331090247765.jpg,0,timestamp,4301,train
20170331091707695.jpg,0,timestamp,4302,train
20170331091709152.jpg,0,timestamp,4303,val
20170331092136468.jpg,0,timestamp,4304,train
20170331092345763.jpg,0,timestamp,4305,train
20170331092347263.jpg,0,timestamp,4306,train
20170331093312956.jpg,0,timestamp,4307,train
20170331093314461.jpg,0,timestamp,4308,test
20170331093706264.jpg,0,timestamp,4309,train
20170331093707737.jpg,0,timestamp,4310,train
20170331093914206.jpg,0,timestamp,4311,val
20170331093915680.jpg,0,timestamp,4312,train
20170331094019944.jpg,0,timestamp,4313,train
20170331094024479.jpg,0,timestamp,4314,test
20170331094110729.jpg,0,timestamp,4315,train
20170331094112192.jpg,0,timestamp,4316,val
20170331094327694.jpg,0,timestamp,4317,train
20170331094614184.jpg,0,timestamp,4318,train
20170331094615661.jpg,0,timestamp,4319,train
20170331094944004.jpg,0,timestamp,4320,train
20170331095158526.jpg,0,timestamp,4321,test
20170331095408156.jpg,0,timestamp,4322,train
20170331095409627.jpg,0,timestamp,4323,train
20170331095753603.jpg,0,timestamp,4324,train
20170331095921366.jpg,0,timestamp,4325,train
20170331100227694.jpg,0,timestamp,4326,val
20170331100227894.jpg,0,timestamp,4327,test
20170331100347502.jpg,0,timestamp,4328,train
20170331100616931.jpg,0,timestamp,4329,train
20170331101910013.jpg,0,timestamp,4330,train
20170331101919123.jpg,0,timestamp,4331,train
20170331110249296.jpg,0,timestamp,4332,train
20170331110254863.jpg,0,timestamp,4333,train
20170331112121587.jpg,0,timestamp,4334,train
20170331112228243.jpg,0,timestamp,4335,val
20170331112229792.jpg,0,timestamp,4336,test
20170331112327444.jpg,0,timestamp,4337,train
20170331133736767.jpg,0,timestamp,4338,train
20170331133825966.jpg,0,timestamp,4339,train
20170331133833665.jpg,0,timestamp,4340,val
20170331142753334.jpg,0,timestamp,4341,train
20170331142808935.jpg,0,timestamp,4342,train
20170331144918556.jpg,0,timestamp,4343,val
20170331152748847.jpg,0,timestamp,4344,test
20170331152754549.jpg,0,timestamp,4345,train
20170331162653412.jpg,0,timestamp,4346,train
20170401083336746.jpg,0,timestamp,4347,test
20170401084753588.jpg,0,timestamp,4348,train
20170401085536898.jpg,0,timestamp,4349,train
20170401085538289.jpg,0,timestamp,4350,train
20170401085943596.jpg,0,timestamp,4351,train
20170401085944143.jpg,0,timestamp,4352,val
20170401090053814.jpg,0,timestamp,4353,train
20170401090207262.jpg,0,timestamp,4354,train
20170401090207661.jpg,0,timestamp,4355,train
20170401090508954.jpg,0,timestamp,4354,train
20170401090509347.jpg,0,timestamp,4355,train
20170401091022844.jpg,0,timestamp,4356,test
20170401091024219.jpg,0,timestamp,4357,train
20170401091745945.jpg,0,timestamp,4358,train
20170401091747308.jpg,0,timestamp,4359,train
20170401092743757.jpg,0,timestamp,4360,val
20170401092749059.jpg,0,timestamp,4361,train
20170401092850059.jpg,0,timestamp,4362,train
20170401092855939.jpg,0,timestamp,4363,train
20170401095150739.jpg,0,timestamp,4364,train
20170401095345103.jpg,0,timestamp,4365,test
20170401095608158.jpg,0,timestamp,4366,val
20170401095655999.jpg,0,timestamp,4367,train
20170401100008515.jpg,0,timestamp,4368,train
20170401100837062.jpg,0,timestamp,4369,train
20170401100843713.jpg,0,timestamp,4370,train
20170401140956673.jpg,0,timestamp,4371,train
20170401142156317.jpg,0,timestamp,4372,train
20170401143447280.jpg,0,timestamp,4373,test
20170401170902477.jpg,0,timestamp,4374,train
20170401171141317.jpg,0,timestamp,4375,val
20170401171218039.jpg,0,timestamp,4376,train
20170401171223455.jpg,0,timestamp,4377,test
20170401171316028.jpg,0,timestamp,4378,train
20170401171542995.jpg,0,timestamp,4379,train
20170401171718466.jpg,0,timestamp,4380,val
20170401171723974.jpg,0,timestamp,4381,train
20170401171753533.jpg,0,timestamp,4382,train
20170404144935990.jpg,0,timestamp,4383,test
20170404144939467.jpg,0,timestamp,4384,train
20170404145018838.jpg,0,timestamp,4385,train
20170404145113686.jpg,0,timestamp,4386,val
20170404145601593.jpg,0,timestamp,4387,train
20170404145602957.jpg,0,timestamp,4388,train
20170405082647447.jpg,0,timestamp,4389,train
20170405082720270.jpg,0,timestamp,4390,train
20170405082726248.jpg,0,timestamp,4391,test
20170405083433546.jpg,0,timestamp,4392,train
20170405084158276.jpg,0,timestamp,4393,val
20170405085531228.jpg,0,timestamp,4394,train
20170405085537286.jpg,0,timestamp,4395,train
20170405085630269.jpg,0,timestamp,4396,train
20170405090038424.jpg,0,timestamp,4397,train
20170405090223906.jpg,0,timestamp,4398,test
20170405090519417.jpg,0,timestamp,4399,train
20170405090748710.jpg,0,timestamp,4400,train
20170405090751552.jpg,0,timestamp,4401,val
20170405091133595.jpg,0,timestamp,4402,train
20170405092854949.jpg,0,timestamp,4403,train
20170405093026096.jpg,0,timestamp,4404,train
20170405093547460.jpg,0,timestamp,4405,test
20170405093750535.jpg,0,timestamp,4406,val
20170405094018458.jpg,0,timestamp,4407,train
20170405094341357.jpg,0,timestamp,4408,train
20170405094437613.jpg,0,timestamp,4409,train
20170405101009119.jpg,0,timestamp,4410,train
20170405101325185.jpg,0,timestamp,4411,train
20170405103411936.jpg,0,timestamp,4412,test
20170405103418406.jpg,0,timestamp,4413,train
20170405112448086.jpg,0,timestamp,4414,train
20170405112539372.jpg,0,timestamp,4415,val
20170405114058700.jpg,0,timestamp,4416,train
20170405114257871.jpg,0,timestamp,4417,train
20170405131909802.jpg,0,timestamp,4418,train
20170405131912101.jpg,0,timestamp,4419,train
20170405132019920.jpg,0,timestamp,4420,test
20170405133141232.jpg,0,timestamp,4421,test
20170405133534347.jpg,0,timestamp,4422,train
20170405133620515.jpg,0,timestamp,4423,val
20170405144029792.jpg,0,timestamp,4424,train
20170405144047448.jpg,0,timestamp,4425,train
20170405144225459.jpg,0,timestamp,4426,train
20170405144855161.jpg,0,timestamp,4427,test
20170405172240013.jpg,0,timestamp,4428,train
20170406082351608.jpg,0,timestamp,4402,train
20170406082540495.jpg,0,timestamp,4429,train
20170406082540787.jpg,0,timestamp,4430,train
20170406082610162.jpg,0,timestamp,4398,test
20170406082747949.jpg,0,timestamp,4431,train
20170406082748246.jpg,0,timestamp,4432,val
20170406083853913.jpg,0,timestamp,4433,train
20170406083949109.jpg,0,timestamp,4434,train
20170406083950076.jpg,0,timestamp,4435,train
20170406084018093.jpg,0,timestamp,4436,train
20170406084019942.jpg,0,timestamp,4437,test
20170406084240827.jpg,0,timestamp,4438,train
20170406084303834.jpg,0,timestamp,4439,train
20170406085446520.jpg,0,timestamp,4440,test
20170406085447924.jpg,0,timestamp,4441,val
20170406090732575.jpg,0,timestamp,4442,train
20170406093306267.jpg,0,timestamp,4443,train
20170406093311685.jpg,0,timestamp,4444,train
20170406094448477.jpg,0,timestamp,4445,val
20170406100349832.jpg,0,timestamp,4446,train
20170406100429534.jpg,0,timestamp,4447,train
20170406100526404.jpg,0,timestamp,4448,train
20170406100532629.jpg,0,timestamp,4449,test
20170406100610672.jpg,0,timestamp,4450,train
20170406100646696.jpg,0,timestamp,4451,train
20170406100959075.jpg,0,timestamp,4452,train
20170406101046211.jpg,0,timestamp,4453,val
20170406101226861.jpg,0,timestamp,4454,train
20170406101229009.jpg,0,timestamp,4455,test
20170406101629941.jpg,0,timestamp,4456,train
20170406101631890.jpg,0,timestamp,4457,train
20170406101655006.jpg,0,timestamp,4458,train
20170406101702312.jpg,0,timestamp,4459,train
20170406101723985.jpg,0,timestamp,4460,val
20170406101726148.jpg,0,timestamp,4461,train
20170406102954330.jpg,0,timestamp,4462,test
20170406104028411.jpg,0,timestamp,4463,train
20170406105457211.jpg,0,timestamp,4464,train
20170406105743508.jpg,0,timestamp,4465,train
20170406105928566.jpg,0,timestamp,4466,train
20170406110331629.jpg,0,timestamp,4467,val
20170406112542031.jpg,0,timestamp,4468,train
20170406115000382.jpg,0,timestamp,4469,test
20170406115405680.jpg,0,timestamp,4470,train
20170406115411229.jpg,0,timestamp,4471,train
20170406133140034.jpg,0,timestamp,4472,train
20170406150020134.jpg,0,timestamp,4473,train
20170406153916741.jpg,0,timestamp,4474,val
20170406153924478.jpg,0,timestamp,4475,train
20170406165101998.jpg,0,timestamp,4476,test
20170406165104839.jpg,0,timestamp,4477,train
20170406195436349.jpg,0,timestamp,4478,val
20170406195445058.jpg,0,timestamp,4479,train
20170406195731399.jpg,0,timestamp,4480,train
20170407083344969.jpg,0,timestamp,4481,train
20170407090312790.jpg,0,timestamp,4482,train
20170407091619377.jpg,0,timestamp,4483,test
20170407091918434.jpg,0,timestamp,4484,train
20170407092042980.jpg,0,timestamp,4485,train
20170407092553829.jpg,0,timestamp,4486,train
20170407092714011.jpg,0,timestamp,4487,val
20170407092845768.jpg,0,timestamp,4488,train
20170407092851317.jpg,0,timestamp,4489,train
20170407101150084.jpg,0,timestamp,4490,train
20170407104254352.jpg,0,timestamp,4491,train
20170407105555914.jpg,0,timestamp,4492,train
20170407105559618.jpg,0,timestamp,4493,train
20170407110107133.jpg,0,timestamp,4494,val
20170407110520058.jpg,0,timestamp,4495,test
20170407111631420.jpg,0,timestamp,4496,train
20170407111820218.jpg,0,timestamp,4497,train
20170407111907898.jpg,0,timestamp,4498,train
20170407111908406.jpg,0,timestamp,4499,test
20170407111938734.jpg,0,timestamp,4500,train
20170407112129731.jpg,0,timestamp,4501,train
20170407112130686.jpg,0,timestamp,4502,val
20170407112311119.jpg,0,timestamp,4503,train
20170407130346724.jpg,0,timestamp,4504,train
20170407130352565.jpg,0,timestamp,4505,test
20170407130846505.jpg,0,timestamp,4506,train
20170407130852926.jpg,0,timestamp,4507,train
20170407131109468.jpg,0,timestamp,4508,train
20170407131115699.jpg,0,timestamp,4509,train
20170407142749781.jpg,0,timestamp,4510,test
20170407142759489.jpg,0,timestamp,4511,train
20170407151534840.jpg,0,timestamp,4512,val
20170407151537746.jpg,0,timestamp,4513,train
20170407152218561.jpg,0,timestamp,4514,train
20170407152221777.jpg,0,timestamp,4515,train
20170407152351618.jpg,0,timestamp,4516,train
20170407152501068.jpg,0,timestamp,4517,train
20170407152615503.jpg,0,timestamp,4518,val
20170407155047735.jpg,0,timestamp,4519,train
20170407155054318.jpg,0,timestamp,4520,test
20170407155503268.jpg,0,timestamp,4521,train
20170407155510180.jpg,0,timestamp,4522,train
20170407185843662.jpg,0,timestamp,4523,train
20170407200146765.jpg,0,timestamp,4524,train
20170407200152768.jpg,0,timestamp,4525,val
20170407202440908.jpg,0,timestamp,4526,test
20170407203129547.jpg,0,timestamp,4527,train
20170407203619163.jpg,0,timestamp,4528,train
20170407210511730.jpg,0,timestamp,4529,train
20170407211924407.jpg,0,timestamp,4530,train
20170407212919172.jpg,0,timestamp,4531,train
20170407215111570.jpg,0,timestamp,4532,val
20170407215113346.jpg,0,timestamp,4533,test
20170407215252293.jpg,0,timestamp,4534,train
20170407215253772.jpg,0,timestamp,4535,train
20170407215758488.jpg,0,timestamp,4536,train
20170407215805982.jpg,0,timestamp,4537,train
20170407220503239.jpg,0,timestamp,4538,train
20170407220510910.jpg,0,timestamp,4539,train
20170407221302501.jpg,0,timestamp,4540,val
20170407221413759.jpg,0,timestamp,4541,train
20170407221420858.jpg,0,timestamp,4542,test
20170407221518903.jpg,0,timestamp,4543,train
20170407222105403.jpg,0,timestamp,4544,train
20170407222112733.jpg,0,timestamp,4545,test
20170407222416917.jpg,0,timestamp,4546,train
20170407222424552.jpg,0,timestamp,4547,train
20170407222518823.jpg,0,timestamp,4548,val
20170407222627536.jpg,0,timestamp,4549,train
20170407222635595.jpg,0,timestamp,4550,train
20170407222732099.jpg,0,timestamp,4551,train
20170407222739811.jpg,0,timestamp,4552,train
20170407222835843.jpg,0,timestamp,4553,train
20170407222940908.jpg,0,timestamp,4554,train
20170407223312682.jpg,0,timestamp,4555,val
20170407223435565.jpg,0,timestamp,4556,test
20170407224448321.jpg,0,timestamp,4557,train
20170407224542804.jpg,0,timestamp,4558,train
20170407224656787.jpg,0,timestamp,4559,test
20170407225711491.jpg,0,timestamp,4560,val
20170407225718912.jpg,0,timestamp,4561,train
20170407230059827.jpg,0,timestamp,4562,train
20170407230107596.jpg,0,timestamp,4563,train
20170407230211885.jpg,0,timestamp,4564,train
20170407230219733.jpg,0,timestamp,4565,train
20170407230314139.jpg,0,timestamp,4566,train
20170407230321396.jpg,0,timestamp,4567,val
20170407230558659.jpg,0,timestamp,4568,train
20170407230606423.jpg,0,timestamp,4569,train
20170407231602454.jpg,0,timestamp,4570,test
20170407231610478.jpg,0,timestamp,4571,train
20170407231656714.jpg,0,timestamp,4572,train
20170407231758743.jpg,0,timestamp,4573,train
20170407231958802.jpg,0,timestamp,4574,val
20170407232006137.jpg,0,timestamp,4575,test
20170407232357230.jpg,0,timestamp,4576,train
20170407232456663.jpg,0,timestamp,4577,train
20170407232503900.jpg,0,timestamp,4578,train
20170407232603746.jpg,0,timestamp,4579,train
20170407232611029.jpg,0,timestamp,4580,train
20170407232704224.jpg,0,timestamp,4581,val
20170407232824470.jpg,0,timestamp,4582,test
20170407232929961.jpg,0,timestamp,4583,train
20170407233041055.jpg,0,timestamp,4584,train
20170407234350948.jpg,0,timestamp,4585,train
20170407234358262.jpg,0,timestamp,4586,train
20170407234553882.jpg,0,timestamp,4587,val
20170407234601395.jpg,0,timestamp,4588,train
20170407234751158.jpg,0,timestamp,4589,train
20170407234758642.jpg,0,timestamp,4590,train
20170407234957611.jpg,0,timestamp,4591,train
20170407235248562.jpg,0,timestamp,4592,test
20170407235344647.jpg,0,timestamp,4593,train
20170407235353003.jpg,0,timestamp,4594,train
20170407235449400.jpg,0,timestamp,4595,val
20170407235549433.jpg,0,timestamp,4596,train
20170407235647136.jpg,0,timestamp,4597,test
20170407235654486.jpg,0,timestamp,4598,train
20170407235909043.jpg,0,timestamp,4599,train
20170407235916756.jpg,0,timestamp,4600,train
20170408000114812.jpg,0,timestamp,4601,train
20170408000122401.jpg,0,timestamp,4602,val
20170408075826673.jpg,0,timestamp,4603,train
20170408075831962.jpg,0,timestamp,4604,test
20170408090406755.jpg,0,timestamp,4605,train
20170408092517109.jpg,0,timestamp,4606,train
20170408095250565.jpg,0,timestamp,4607,train
20170408100832823.jpg,0,timestamp,4608,val
20170408211259022.jpg,0,timestamp,4609,train
20170408211306958.jpg,0,timestamp,4610,train
20170408211509455.jpg,0,timestamp,4611,train
20170408211825756.jpg,0,timestamp,4612,test
20170408211833240.jpg,0,timestamp,4613,train
20170408211942531.jpg,0,timestamp,4614,train
20170408212150263.jpg,0,timestamp,4615,val
20170408212157888.jpg,0,timestamp,4616,train
20170408212307947.jpg,0,timestamp,4617,test
20170408212315242.jpg,0,timestamp,4618,train
20170408212405284.jpg,0,timestamp,4619,train
20170408212538144.jpg,0,timestamp,4620,train
20170408212545796.jpg,0,timestamp,4621,test
20170408212826147.jpg,0,timestamp,4622,train
20170408212833502.jpg,0,timestamp,4623,train
20170408212938554.jpg,0,timestamp,4624,val
20170408212945542.jpg,0,timestamp,4625,train
20170408213047699.jpg,0,timestamp,4626,train
20170408213251773.jpg,0,timestamp,4627,train
20170408213413956.jpg,0,timestamp,4628,train
20170408213532057.jpg,0,timestamp,4629,val
20170408213539886.jpg,0,timestamp,4630,train
20170408213629596.jpg,0,timestamp,4631,test
20170408213637046.jpg,0,timestamp,4632,train
20170408215230674.jpg,0,timestamp,4633,train
20170408215237876.jpg,0,timestamp,4634,train
20170408215516624.jpg,0,timestamp,4635,train
20170408215653565.jpg,0,timestamp,4636,train
20170408215701020.jpg,0,timestamp,4637,test
20170408215821373.jpg,0,timestamp,4638,train
20170408215830226.jpg,0,timestamp,4639,train
20170408215933165.jpg,0,timestamp,4640,val
20170408215951874.jpg,0,timestamp,4641,train
20170408220055269.jpg,0,timestamp,4642,train
20170408220102721.jpg,0,timestamp,4643,test
20170408220201964.jpg,0,timestamp,4644,train
20170408220207127.jpg,0,timestamp,4645,train
20170408220307845.jpg,0,timestamp,4646,train
20170408220315153.jpg,0,timestamp,4647,train
20170408220418602.jpg,0,timestamp,4648,train
20170408220426215.jpg,0,timestamp,4649,train
20170408220639838.jpg,0,timestamp,4650,val
20170408220646918.jpg,0,timestamp,4651,val
20170408220806375.jpg,0,timestamp,4652,test
20170408221651429.jpg,0,timestamp,4653,train
20170408221658921.jpg,0,timestamp,4654,train
20170408221820944.jpg,0,timestamp,4655,test
20170408221828738.jpg,0,timestamp,4656,train
20170408222000348.jpg,0,timestamp,4657,train
20170408222007842.jpg,0,timestamp,4658,train
20170408222102558.jpg,0,timestamp,4659,val
20170408222110964.jpg,0,timestamp,4660,train
20170408222209641.jpg,0,timestamp,4661,train
20170408222307196.jpg,0,timestamp,4662,train
20170408222413387.jpg,0,timestamp,4663,train
20170408222419919.jpg,0,timestamp,4664,train
20170408222505701.jpg,0,timestamp,4665,train
20170408223034264.jpg,0,timestamp,4666,val
20170408223150244.jpg,0,timestamp,4667,train
20170408223157942.jpg,0,timestamp,4668,test
20170408223350574.jpg,0,timestamp,4669,train
20170408223500289.jpg,0,timestamp,4670,test
20170408224031443.jpg,0,timestamp,4671,train
20170408224038809.jpg,0,timestamp,4672,train
20170408224136503.jpg,0,timestamp,4673,train
20170408224204870.jpg,0,timestamp,4674,val
20170408224549139.jpg,0,timestamp,4675,train
20170408224556563.jpg,0,timestamp,4676,train
20170408224652683.jpg,0,timestamp,4677,train
20170408224936063.jpg,0,timestamp,4678,val
20170408225037759.jpg,0,timestamp,4679,train
20170408225045401.jpg,0,timestamp,4680,test
20170408225140550.jpg,0,timestamp,4681,train
20170408225147906.jpg,0,timestamp,4682,train
20170408225242671.jpg,0,timestamp,4683,train
20170408225336425.jpg,0,timestamp,4684,train
20170408225441604.jpg,0,timestamp,4685,train
20170408225541513.jpg,0,timestamp,4686,val
20170408225549028.jpg,0,timestamp,4687,test
20170408225650220.jpg,0,timestamp,4688,train
20170408225801210.jpg,0,timestamp,4689,train
20170408225905445.jpg,0,timestamp,4690,train
20170408230124364.jpg,0,timestamp,4691,train
20170408230824518.jpg,0,timestamp,4692,train
20170408231031484.jpg,0,timestamp,4693,train
20170408231038780.jpg,0,timestamp,4694,val
20170408231134712.jpg,0,timestamp,4695,test
20170408231141817.jpg,0,timestamp,4696,train
20170408231430698.jpg,0,timestamp,4697,train
20170408231438226.jpg,0,timestamp,4698,train
20170408231532801.jpg,0,timestamp,4699,train
20170408231646827.jpg,0,timestamp,4700,train
20170408231654502.jpg,0,timestamp,4701,train
20170408231748422.jpg,0,timestamp,4702,test
20170408231835180.jpg,0,timestamp,4703,train
20170408231843079.jpg,0,timestamp,4704,val
20170408231947575.jpg,0,timestamp,4705,train
20170408232057631.jpg,0,timestamp,4706,val
20170408232105296.jpg,0,timestamp,4707,train
20170408232418287.jpg,0,timestamp,4708,train
20170408232520025.jpg,0,timestamp,4709,test
20170408232528524.jpg,0,timestamp,4710,train
20170408232616805.jpg,0,timestamp,4711,train
20170408232624414.jpg,0,timestamp,4712,val
20170408232708638.jpg,0,timestamp,4713,train
20170408232714912.jpg,0,timestamp,4714,train
20170408232758270.jpg,0,timestamp,4715,train
20170408232857731.jpg,0,timestamp,4716,train
20170408233034773.jpg,0,timestamp,4717,test
20170408233042465.jpg,0,timestamp,4718,train
20170408233133830.jpg,0,timestamp,4719,train
20170408233140422.jpg,0,timestamp,4720,train
20170408233232742.jpg,0,timestamp,4721,train
20170408233240607.jpg,0,timestamp,4722,val
20170408233819816.jpg,0,timestamp,4723,test
20170408233827747.jpg,0,timestamp,4724,train
20170409161444107.jpg,0,timestamp,4725,train
20170409195116125.jpg,0,timestamp,4726,train
20170409195711766.jpg,0,timestamp,4727,train
20170409200135732.jpg,0,timestamp,4728,test
20170409200143081.jpg,0,timestamp,4729,val
20170409200246090.jpg,0,timestamp,4730,train
20170409200748007.jpg,0,timestamp,4731,train
20170409200847372.jpg,0,timestamp,4732,train
20170409200955120.jpg,0,timestamp,4733,train
20170409201115333.jpg,0,timestamp,4734,train
20170409201121783.jpg,0,timestamp,4735,val
20170409201218881.jpg,0,timestamp,4736,train
20170409201225894.jpg,0,timestamp,4737,test
20170409201706285.jpg,0,timestamp,4738,train
20170409201713241.jpg,0,timestamp,4739,train
20170409201932991.jpg,0,timestamp,4740,train
20170409202147097.jpg,0,timestamp,4741,train
20170409204407123.jpg,0,timestamp,4742,train
20170409204413622.jpg,0,timestamp,4743,train
20170409211422237.jpg,0,timestamp,4744,test
20170409211902734.jpg,0,timestamp,4745,train
20170409212618661.jpg,0,timestamp,4746,val
20170410083127380.jpg,0,timestamp,4747,train
20170410084554253.jpg,0,timestamp,4748,train
20170410085956202.jpg,0,timestamp,4749,val
20170410090018363.jpg,0,timestamp,4750,train
20170410091609639.jpg,0,timestamp,4751,train
20170410091839449.jpg,0,timestamp,4752,test
20170410092030015.jpg,0,timestamp,4753,train
20170410092802341.jpg,0,timestamp,4754,train
20170410092817707.jpg,0,timestamp,4755,train
20170410093004711.jpg,0,timestamp,4756,val
20170410093006216.jpg,0,timestamp,4757,train
20170410093232105.jpg,0,timestamp,4758,test
20170410093233575.jpg,0,timestamp,4759,train
20170410093934395.jpg,0,timestamp,4760,train
20170410094712940.jpg,0,timestamp,4761,train
20170410094715869.jpg,0,timestamp,4762,train
20170410094900438.jpg,0,timestamp,4763,train
20170410095006512.jpg,0,timestamp,4764,val
20170410095228806.jpg,0,timestamp,4765,train
20170410095639511.jpg,0,timestamp,4766,train
20170410100020530.jpg,0,timestamp,4767,train
20170410100151239.jpg,0,timestamp,4768,test
20170410100312572.jpg,0,timestamp,4769,train
20170410100435784.jpg,0,timestamp,4770,train
20170410100437235.jpg,0,timestamp,4771,val
20170410100652796.jpg,0,timestamp,4772,train
20170410100654309.jpg,0,timestamp,4773,train
20170410101007742.jpg,0,timestamp,4774,test
20170410103559297.jpg,0,timestamp,4775,train
20170410110133449.jpg,0,timestamp,4776,train
20170410110440627.jpg,0,timestamp,4777,train
20170410110905034.jpg,0,timestamp,4778,train
20170410111317874.jpg,0,timestamp,4779,test
20170410111947588.jpg,0,timestamp,4780,val
20170410120121151.jpg,0,timestamp,4781,train
20170410120234740.jpg,0,timestamp,4782,train
20170410120320427.jpg,0,timestamp,4783,train
20170410133949207.jpg,0,timestamp,4784,train
20170410135203932.jpg,0,timestamp,4785,train
20170410135518663.jpg,0,timestamp,4786,train
20170410135524275.jpg,0,timestamp,4787,train
20170410142137901.jpg,0,timestamp,4788,train
20170410142337498.jpg,0,timestamp,4789,train
20170410142337982.jpg,0,timestamp,4790,test
20170410143233144.jpg,0,timestamp,4791,val
20170410143235530.jpg,0,timestamp,4792,train
20170410143245452.jpg,0,timestamp,4793,train
20170410143909882.jpg,0,timestamp,4794,val
20170410143917185.jpg,0,timestamp,4795,test
20170410144112680.jpg,0,timestamp,4796,train
20170410144117670.jpg,0,timestamp,4797,train
20170410144249143.jpg,0,timestamp,4798,val
20170410144559008.jpg,0,timestamp,4799,train
20170410151418655.jpg,0,timestamp,4800,test
20170410151420397.jpg,0,timestamp,4801,train
20170410153212741.jpg,0,timestamp,4802,train
20170410153215997.jpg,0,timestamp,4803,train
20170410161302089.jpg,0,timestamp,4804,train
20170410161452132.jpg,0,timestamp,4805,test
20170410161458922.jpg,0,timestamp,4806,train
20170410161931292.jpg,0,timestamp,4807,test
20170410161938592.jpg,0,timestamp,4808,train
20170410162034639.jpg,0,timestamp,4809,val
20170410163822909.jpg,0,timestamp,4810,train
20170411084048148.jpg,0,timestamp,4811,train
20170411084057965.jpg,0,timestamp,4812,train
20170411085021368.jpg,0,timestamp,4813,train
20170411085120763.jpg,0,timestamp,4814,val
20170411085448701.jpg,0,timestamp,4815,train
20170411085449115.jpg,0,timestamp,4816,train
20170411091427661.jpg,0,timestamp,4817,val
20170411091553591.jpg,0,timestamp,4818,train
20170411092022304.jpg,0,timestamp,4819,train
20170411092023785.jpg,0,timestamp,4820,train
20170411092319101.jpg,0,timestamp,4821,train
20170411092321966.jpg,0,timestamp,4822,train
20170411094512999.jpg,0,timestamp,4823,test
20170411094654395.jpg,0,timestamp,4824,train
20170411094654805.jpg,0,timestamp,4825,train
20170411095212766.jpg,0,timestamp,4826,val
20170411095647973.jpg,0,timestamp,4827,test
20170411103305601.jpg,0,timestamp,4828,train
20170411103307026.jpg,0,timestamp,4829,train
20170411103440592.jpg,0,timestamp,4830,train
20170411103501312.jpg,0,timestamp,4831,train
20170411104820443.jpg,0,timestamp,4832,train
20170411104827537.jpg,0,timestamp,4833,train
20170411104853158.jpg,0,timestamp,4834,val
20170411113157251.jpg,0,timestamp,4835,train
20170411113808410.jpg,0,timestamp,4836,train
20170411114306114.jpg,0,timestamp,4837,train
20170411114351412.jpg,0,timestamp,4838,test
20170411114352014.jpg,0,timestamp,4839,train
20170411115000607.jpg,0,timestamp,4840,train
20170411115056986.jpg,0,timestamp,4841,val
20170411115150518.jpg,0,timestamp,4842,train
20170411115343714.jpg,0,timestamp,4843,test
20170411115553358.jpg,0,timestamp,4844,train
20170411115553873.jpg,0,timestamp,4845,train
20170411135935799.jpg,0,timestamp,4846,train
20170411140558742.jpg,0,timestamp,4847,train
20170411141028467.jpg,0,timestamp,4848,train
20170411141340843.jpg,0,timestamp,4849,val
20170411141341504.jpg,0,timestamp,4850,test
20170411141417294.jpg,0,timestamp,4851,train
20170411141418009.jpg,0,timestamp,4852,train
20170411141527445.jpg,0,timestamp,4835,train
20170411141529980.jpg,0,timestamp,4853,val
20170411141555506.jpg,0,timestamp,4854,train
20170411141555881.jpg,0,timestamp,4855,train
20170411141618642.jpg,0,timestamp,4856,test
20170411141618693.jpg,0,timestamp,4857,train
20170411141638796.jpg,0,timestamp,4858,train
20170411141638867.jpg,0,timestamp,4859,train
20170411141647884.jpg,0,timestamp,4860,train
20170411141650393.jpg,0,timestamp,4861,val
20170411141728019.jpg,0,timestamp,4862,test
20170411141738901.jpg,0,timestamp,4863,train
20170411141810989.jpg,0,timestamp,4864,train
20170411143046738.jpg,0,timestamp,4865,train
20170411153854469.jpg,0,timestamp,4866,train
20170411154052709.jpg,0,timestamp,4867,train
20170411154058230.jpg,0,timestamp,4868,val
20170411154151017.jpg,0,timestamp,4869,val
20170411154233229.jpg,0,timestamp,4870,train
20170411204059840.jpg,0,timestamp,4871,train
20170411204216809.jpg,0,timestamp,4872,train
20170411204231266.jpg,0,timestamp,4873,test
20170411204351632.jpg,0,timestamp,4874,train
20170412084504237.jpg,0,timestamp,4875,train
20170412084607669.jpg,0,timestamp,4876,train
20170412084611885.jpg,0,timestamp,4877,train
20170412085130247.jpg,0,timestamp,4878,train
20170412085130636.jpg,0,timestamp,4879,train
20170412085139692.jpg,0,timestamp,4880,test
20170412085423431.jpg,0,timestamp,4881,train
20170412090143066.jpg,0,timestamp,4882,train
20170412091847055.jpg,0,timestamp,4883,val
20170412091847743.jpg,0,timestamp,4884,test
20170412093126547.jpg,0,timestamp,4885,train
20170412093127006.jpg,0,timestamp,4886,train
20170412093600138.jpg,0,timestamp,4887,train
20170412093605779.jpg,0,timestamp,4888,train
20170412101211088.jpg,0,timestamp,4889,train
20170412101850963.jpg,0,timestamp,4890,val
20170412102222060.jpg,0,timestamp,4891,train
20170412102253763.jpg,0,timestamp,4892,test
20170412102256852.jpg,0,timestamp,4893,train
20170412102327984.jpg,0,timestamp,4894,train
20170412102330295.jpg,0,timestamp,4895,train
20170412103150457.jpg,0,timestamp,4896,train
20170412103625063.jpg,0,timestamp,4897,test
20170412103630403.jpg,0,timestamp,4898,train
20170412105203855.jpg,0,timestamp,4899,train
20170412105204865.jpg,0,timestamp,4900,train
20170412105556320.jpg,0,timestamp,4901,val
20170412105557985.jpg,0,timestamp,4902,train
20170412110006298.jpg,0,timestamp,4903,train
20170412110630281.jpg,0,timestamp,4904,test
20170412110652874.jpg,0,timestamp,4905,train
20170412110844402.jpg,0,timestamp,4906,val
20170412112454107.jpg,0,timestamp,4907,train
20170412112455588.jpg,0,timestamp,4908,train
20170412112930040.jpg,0,timestamp,4909,train
20170412112936704.jpg,0,timestamp,4910,train
20170412113023076.jpg,0,timestamp,4911,train
20170412113135134.jpg,0,timestamp,4912,train
20170412113143166.jpg,0,timestamp,4913,train
20170412113239202.jpg,0,timestamp,4914,test
20170412113333910.jpg,0,timestamp,4915,train
20170412135309189.jpg,0,timestamp,4916,val
20170412135314676.jpg,0,timestamp,4917,val
20170412135441966.jpg,0,timestamp,4918,train
20170412135448206.jpg,0,timestamp,4919,train
20170412141420309.jpg,0,timestamp,4920,train
20170412152604310.jpg,0,timestamp,4921,test
20170412162233043.jpg,0,timestamp,4922,train
20170412174014430.jpg,0,timestamp,4923,train
20170412185752595.jpg,0,timestamp,4924,test
20170412191552082.jpg,0,timestamp,4925,train
20170412193325622.jpg,0,timestamp,4926,train
20170412193714113.jpg,0,timestamp,4927,val
20170412194611479.jpg,0,timestamp,4928,train
20170412195928065.jpg,0,timestamp,4929,train
20170412202015432.jpg,0,timestamp,4930,train
20170412202452024.jpg,0,timestamp,4931,train
20170412202800866.jpg,0,timestamp,4932,train
20170412203735568.jpg,0,timestamp,4933,test
20170412203741013.jpg,0,timestamp,4934,val
20170413080721568.jpg,0,timestamp,4935,train
20170413081228371.jpg,0,timestamp,4936,train
20170413081230591.jpg,0,timestamp,4937,train
20170413081317045.jpg,0,timestamp,4938,train
20170413081319152.jpg,0,timestamp,4939,train
20170413081650531.jpg,0,timestamp,4940,train
20170413083557675.jpg,0,timestamp,4941,test
20170413083558002.jpg,0,timestamp,4942,train
20170413084028675.jpg,0,timestamp,4943,val
20170413085016334.jpg,0,timestamp,4944,train
20170413085017776.jpg,0,timestamp,4945,train
20170413085306463.jpg,0,timestamp,51,train
20170413085623125.jpg,0,timestamp,4946,val
20170413085651460.jpg,0,timestamp,4947,train
20170413085729775.jpg,0,timestamp,54,train
20170413085749781.jpg,0,timestamp,55,train
20170413091535584.jpg,0,timestamp,4948,train
20170413093237889.jpg,0,timestamp,4949,train
20170413094421610.jpg,0,timestamp,4950,train
20170413094422086.jpg,0,timestamp,4951,test
20170413095233566.jpg,0,timestamp,4952,train
20170413101305552.jpg,0,timestamp,4953,train
20170413101311265.jpg,0,timestamp,4954,train
20170413101424496.jpg,0,timestamp,4955,val
007-2489-100.jpg,1,hyphen,4956,test
007-2492-100.jpg,1,hyphen,4957,train
007-2497-100.jpg,1,hyphen,4958,train
007-2498-100.jpg,1,hyphen,4959,train
007-2500-100.jpg,1,hyphen,4960,train
007-2501-100.jpg,1,hyphen,4961,train
007-2503-100.jpg,1,hyphen,4962,train
007-2504-100.jpg,1,hyphen,4963,test
007-2505-100.jpg,1,hyphen,4964,val
007-2508-100.jpg,1,hyphen,4965,train
007-2518-100.jpg,1,hyphen,4966,train
007-2519-100.jpg,1,hyphen,4967,train
007-2520-100.jpg,1,hyphen,4968,val
007-2523-100.jpg,1,hyphen,4969,train
007-2532-100.jpg,1,hyphen,4970,train
007-2533-100.jpg,1,hyphen,4971,test
007-2539-100.jpg,1,hyphen,4972,train
007-2540-100.jpg,1,hyphen,4973,train
007-2543-100.jpg,1,hyphen,4974,val
007-2546-100.jpg,1,hyphen,4975,test
007-2549-100.jpg,1,hyphen,4976,train
007-2550-100.jpg,1,hyphen,4977,train
007-2551-100.jpg,1,hyphen,4978,train
007-2553-100.jpg,1,hyphen,4979,train
007-2554-100.jpg,1,hyphen,4980,train
007-2557-100.jpg,1,hyphen,4981,train
007-2566-100.jpg,1,hyphen,4982,val
007-2567-100.jpg,1,hyphen,4983,val
007-2568-100.jpg,1,hyphen,4984,train
007-2575-100.jpg,1,hyphen,4985,test
007-2578-100.jpg,1,hyphen,4986,train
007-2581-100.jpg,1,hyphen,4987,train
007-2587-100.jpg,1,hyphen,4988,train
007-2588-100.jpg,1,hyphen,4989,train
007-2595-100.jpg,1,hyphen,4990,test
007-2596-100.jpg,1,hyphen,4991,train
007-2599-100.jpg,1,hyphen,4992,train
007-2600-100.jpg,1,hyphen,4993,train
007-2602-100.jpg,1,hyphen,4994,train
007-2607-100.jpg,1,hyphen,4995,train
007-2617-100.jpg,1,hyphen,4996,val
007-2619-100.jpg,1,hyphen,4997,train
007-2621-100.jpg,1,hyphen,4998,train
007-2622-100.jpg,1,hyphen,4999,train
007-2623-100.jpg,1,hyphen,5000,train
007-2625-100.jpg,1,hyphen,5001,test
007-2626-100.jpg,1,hyphen,5002,val
007-2629-100.jpg,1,hyphen,5003,train
007-2630-100.jpg,1,hyphen,5004,test
007-2632-100.jpg,1,hyphen,5005,train
007-2633-100.jpg,1,hyphen,5006,train
007-2636-100.jpg,1,hyphen,5007,train
007-2637-100.jpg,1,hyphen,5008,train
007-2639-100.jpg,1,hyphen,5009,val
007-2647-100.jpg,1,hyphen,5010,train
007-2648-100.jpg,1,hyphen,5011,test
007-2650-100.jpg,1,hyphen,5012,train
007-2665-100.jpg,1,hyphen,5013,train
007-2666-100.jpg,1,hyphen,5014,train
007-2669-100.jpg,1,hyphen,5015,train
007-2670-100.jpg,1,hyphen,5016,train
007-2672-100.jpg,1,hyphen,5017,train
007-2674-100.jpg,1,hyphen,5018,train
007-2677-100.jpg,1,hyphen,5019,val
007-2681-100.jpg,1,hyphen,5020,train
007-2682-100.jpg,1,hyphen,5021,train
007-2683-100.jpg,1,hyphen,5022,test
007-2684-100.jpg,1,hyphen,5023,train
007-2685-100.jpg,1,hyphen,5024,val
007-2689-100.jpg,1,hyphen,5025,test
007-2691-100.jpg,1,hyphen,5026,train
007-2692-100.jpg,1,hyphen,5027,train
007-2694-100.jpg,1,hyphen,5028,train
007-2695-100.jpg,1,hyphen,5029,train
007-2696-100.jpg,1,hyphen,5030,train
007-2697-100.jpg,1,hyphen,5031,train
007-2700-100.jpg,1,hyphen,5032,train
007-2702-100.jpg,1,hyphen,5033,val
007-2703-100.jpg,1,hyphen,5034,test
007-2704-100.jpg,1,hyphen,5035,train
007-2705-100.jpg,1,hyphen,5036,train
007-2706-100.jpg,1,hyphen,5037,train
007-2707-100.jpg,1,hyphen,5038,val
007-2710-100.jpg,1,hyphen,5039,train
007-2711-100.jpg,1,hyphen,5040,train
007-2712-100.jpg,1,hyphen,5041,test
007-2715-100.jpg,1,hyphen,5042,train
007-2717-100.jpg,1,hyphen,5043,train
007-2720-100.jpg,1,hyphen,5044,train
007-2722-100.jpg,1,hyphen,5045,train
007-2723-100.jpg,1,hyphen,5046,train
007-2725-100.jpg,1,hyphen,5047,train
007-2726-100.jpg,1,hyphen,5048,val
007-2728-100.jpg,1,hyphen,5049,train
007-2731-100.jpg,1,hyphen,5050,test
007-2733-100.jpg,1,hyphen,5051,train
007-2734-100.jpg,1,hyphen,5052,val
007-2738-100.jpg,1,hyphen,5053,train
007-2740-100.jpg,1,hyphen,5054,test
007-2743-100.jpg,1,hyphen,5055,train
007-2744-100.jpg,1,hyphen,5056,train
007-2750-100.jpg,1,hyphen,5057,train
007-2751-100.jpg,1,hyphen,5058,train
007-2752-100.jpg,1,hyphen,5059,train
007-2756-100.jpg,1,hyphen,5060,train
007-2757-100.jpg,1,hyphen,5061,test
007-2761-100.jpg,1,hyphen,5062,val
007-2764-100.jpg,1,hyphen,5063,train
007-2768-100.jpg,1,hyphen,5064,train
007-2769-100.jpg,1,hyphen,5065,val
007-2770-100.jpg,1,hyphen,5066,train
007-2771-100.jpg,1,hyphen,5067,train
007-2772-100.jpg,1,hyphen,5068,test
007-2776-100.jpg,1,hyphen,5069,train
007-2781-100.jpg,1,hyphen,5070,train
007-2782-100.jpg,1,hyphen,5071,train
007-2785-100.jpg,1,hyphen,5072,train
007-2786-100.jpg,1,hyphen,5073,train
007-2787-100.jpg,1,hyphen,5074,val
007-2788-100.jpg,1,hyphen,5075,train
007-2790-100.jpg,1,hyphen,5076,test
007-2795-100.jpg,1,hyphen,5077,train
007-2798-100.jpg,1,hyphen,5078,train
007-2802-100.jpg,1,hyphen,5079,test
007-2805-100.jpg,1,hyphen,5080,train
007-2808-100.jpg,1,hyphen,5081,val
007-4930-300.jpg,2,hyphen,5082,train
007-4931-300.jpg,2,hyphen,5083,train
007-4932-300.jpg,2,hyphen,5084,train
007-4933-300.jpg,2,hyphen,5085,train
007-4934-300.jpg,2,hyphen,5086,val
007-4935-300.jpg,2,hyphen,5087,train
007-4936-300.jpg,2,hyphen,5088,train
007-4937-300.jpg,2,hyphen,5089,test
007-4938-300.jpg,2,hyphen,5090,train
007-4939-300.jpg,2,hyphen,5091,train
007-4940-300.jpg,2,hyphen,5092,train
007-4941-300.jpg,2,hyphen,5093,val
007-4942-300.jpg,2,hyphen,5094,train
007-4943-300.jpg,2,hyphen,5095,train
007-4944-300.jpg,2,hyphen,5096,train
007-4945-300.jpg,2,hyphen,5097,val
007-4946-300.jpg,2,hyphen,5098,train
007-4947-300.jpg,2,hyphen,5099,test
007-4948-300.jpg,2,hyphen,5100,train
007-4949-300.jpg,2,hyphen,5101,train
007-4950-300.jpg,2,hyphen,5102,train
007-4951-300.jpg,2,hyphen,5103,train
007-4952-300.jpg,2,hyphen,5104,train
007-4953-300.jpg,2,hyphen,5105,train
007-4954-300.jpg,2,hyphen,5106,test
007-4955-300.jpg,2,hyphen,5107,train
007-4956-300.jpg,2,hyphen,5108,val
007-4957-300.jpg,2,hyphen,5109,train
007-4958-300.jpg,2,hyphen,5110,train
007-4959-300.jpg,2,hyphen,5111,train
007-4960-300.jpg,2,hyphen,5112,train
007-4961-300.jpg,2,hyphen,5113,train
007-4962-300.jpg,2,hyphen,5114,train
007-4964-300.jpg,2,hyphen,5115,test
007-4965-300.jpg,2,hyphen,5116,val
007-4966-300.jpg,2,hyphen,5117,train
007-4967-300.jpg,2,hyphen,5118,train
007-4968-300.jpg,2,hyphen,5119,train
007-4969-300.jpg,2,hyphen,5120,test
007-4970-300.jpg,2,hyphen,5121,val
007-4971-300.jpg,2,hyphen,5122,train
007-4972-300.jpg,2,hyphen,5123,train
007-4973-300.jpg,2,hyphen,5124,train
007-4974-300.jpg,2,hyphen,5125,train
007-4976-300.jpg,2,hyphen,5126,train
007-4977-300.jpg,2,hyphen,5127,train
007-4978-300.jpg,2,hyphen,5128,test
007-4979-300.jpg,2,hyphen,5129,val
007-4980-300.jpg,2,hyphen,5130,train
007-4982-300.jpg,2,hyphen,5131,train
007-4983-300.jpg,2,hyphen,5132,train
007-4984-300.jpg,2,hyphen,5133,train
007-4985-300.jpg,2,hyphen,5134,train
007-4986-300.jpg,2,hyphen,5135,train
007-4987-300.jpg,2,hyphen,5136,train
007-4988-300.jpg,2,hyphen,5137,test
007-4989-300.jpg,2,hyphen,5138,val
007-4990-300.jpg,2,hyphen,5139,train
007-4993-300.jpg,2,hyphen,5140,train
007-4994-300.jpg,2,hyphen,5141,val
007-4995-300.jpg,2,hyphen,5142,train
007-4996-300.jpg,2,hyphen,5143,train
007-4997-300.jpg,2,hyphen,5144,test
007-4998-300.jpg,2,hyphen,5145,train
007-4999-300.jpg,2,hyphen,5146,train
007-5000-300.jpg,2,hyphen,5147,train
007-5001-300.jpg,2,hyphen,5148,val
007-5002-300.jpg,2,hyphen,5149,test
007-5003-300.jpg,2,hyphen,5150,train
007-5004-300.jpg,2,hyphen,5151,train
007-5005-300.jpg,2,hyphen,5152,train
007-5006-300.jpg,2,hyphen,5153,train
007-5007-300.jpg,2,hyphen,5154,train
007-5008-300.jpg,2,hyphen,5155,train
007-5009-300.jpg,2,hyphen,5156,train
007-5010-300.jpg,2,hyphen,5157,train
007-5011-300.jpg,2,hyphen,5158,train
007-5012-300.jpg,2,hyphen,5159,test
007-5013-300.jpg,2,hyphen,5160,train
007-5014-300.jpg,2,hyphen,5161,train
007-5015-300.jpg,2,hyphen,5162,train
007-5016-300.jpg,2,hyphen,5163,test
007-5017-300.jpg,2,hyphen,5164,train
007-5018-300.jpg,2,hyphen,5165,val
007-5019-300.jpg,2,hyphen,5166,val
007-5020-300.jpg,2,hyphen,5167,train
007-5022-300.jpg,2,hyphen,5168,train
007-5023-300.jpg,2,hyphen,5169,train
007-5024-300.jpg,2,hyphen,5170,train
007-5025-300.jpg,2,hyphen,5171,test
007-5026-300.jpg,2,hyphen,5172,train
007-5027-300.jpg,2,hyphen,5173,val
007-5028-300.jpg,2,hyphen,5174,train
007-5029-300.jpg,2,hyphen,5175,train
007-5030-300.jpg,2,hyphen,5176,train
007-5031-300.jpg,2,hyphen,5177,test
007-5032-300.jpg,2,hyphen,5178,train
007-5033-300.jpg,2,hyphen,5179,train
007-5034-300.jpg,2,hyphen,5180,val
007-5035-300.jpg,2,hyphen,5181,train
007-5036-300.jpg,2,hyphen,5182,val
007-5037-300.jpg,2,hyphen,5183,train
007-5038-300.jpg,2,hyphen,5184,train
007-5039-300.jpg,2,hyphen,5185,train
007-5040-300.jpg,2,hyphen,5186,test
007-5041-300.jpg,2,hyphen,5187,train
007-5042-300.jpg,2,hyphen,5188,train
007-5043-300.jpg,2,hyphen,5189,test
007-5044-300.jpg,2,hyphen,5190,train
007-5045-300.jpg,2,hyphen,5191,train
007-5047-300.jpg,2,hyphen,5192,val
007-5048-300.jpg,2,hyphen,5193,train
007-5049-300.jpg,2,hyphen,5194,train
007-5050-300.jpg,2,hyphen,5195,test
007-5051-300.jpg,2,hyphen,5196,train
007-5053-300.jpg,2,hyphen,5197,train
007-5054-300.jpg,2,hyphen,5198,train
007-5055-300.jpg,2,hyphen,5199,val
007-5056-300.jpg,2,hyphen,5200,train
007-5057-300.jpg,2,hyphen,5201,train
007-5058-300.jpg,2,hyphen,5202,train
007-5059-300.jpg,2,hyphen,5203,train
007-5060-300.jpg,2,hyphen,5204,test
007-5061-300.jpg,2,hyphen,5205,train
007-5062-300.jpg,2,hyphen,5206,val
007-5063-300.jpg,2,hyphen,5207,train
007-5064-300.jpg,2,hyphen,5208,train
007-5065-300.jpg,2,hyphen,5209,train
007-5066-300.jpg,2,hyphen,5210,train
007-5068-300.jpg,2,hyphen,5211,train
007-5069-300.jpg,2,hyphen,5212,test
007-5070-300.jpg,2,hyphen,5213,val
007-5071-300.jpg,2,hyphen,5214,train
007-5072-300.jpg,2,hyphen,5215,train
007-5073-300.jpg,2,hyphen,5216,train
007-5074-300.jpg,2,hyphen,5217,train
007-5075-300.jpg,2,hyphen,5218,test
007-5077-300.jpg,2,hyphen,5219,train
007-5078-300.jpg,2,hyphen,5220,val
007-5079-300.jpg,2,hyphen,5221,train
007-5080-300.jpg,2,hyphen,5222,train
007-5081-300.jpg,2,hyphen,5223,train
007-5082-300.jpg,2,hyphen,5224,train
007-5083-300.jpg,2,hyphen,5225,test
007-5084-300.jpg,2,hyphen,5226,val
007-5086-300.jpg,2,hyphen,5227,train
007-5087-300.jpg,2,hyphen,5228,train
007-5088-300.jpg,2,hyphen,5229,train
007-5089-300.jpg,2,hyphen,5230,train
007-5090-300.jpg,2,hyphen,5231,train
007-5091-300.jpg,2,hyphen,5232,test
007-5092-300.jpg,2,hyphen,5233,val
007-5093-300.jpg,2,hyphen,5234,train
007-5094-300.jpg,2,hyphen,5235,train
007-5095-300.jpg,2,hyphen,5236,train
007-5096-300.jpg,2,hyphen,5237,train
007-5097-300.jpg,2,hyphen,5238,test
007-5098-300.jpg,2,hyphen,5239,train
007-5099-300.jpg,2,hyphen,5240,val
007-5100-300.jpg,2,hyphen,5241,train
007-5101-300.jpg,2,hyphen,5242,train
007-5102-300.jpg,2,hyphen,5243,train
007-5103-300.jpg,2,hyphen,5244,test
007-5104-300.jpg,2,hyphen,5245,train
007-5105-300.jpg,2,hyphen,5246,train
007-5106-300.jpg,2,hyphen,5247,train
007-5107-300.jpg,2,hyphen,5248,train
007-5108-300.jpg,2,hyphen,5228,train
007-5109-300.jpg,2,hyphen,5249,train
007-5110-300.jpg,2,hyphen,5250,train
007-5111-300.jpg,2,hyphen,5251,val
007-5112-300.jpg,2,hyphen,5252,test
007-5113-300.jpg,2,hyphen,5253,train
007-5114-300.jpg,2,hyphen,5254,train
007-5117-300.jpg,2,hyphen,5255,train
007-5118-300.jpg,2,hyphen,5256,val
007-5119-300.jpg,2,hyphen,5257,val
007-5120-300.jpg,2,hyphen,5258,test
007-5121-300.jpg,2,hyphen,5259,train
007-5123-300.jpg,2,hyphen,5260,train
007-5124-300.jpg,2,hyphen,5261,train
007-5125-300.jpg,2,hyphen,5262,train
007-5126-300.jpg,2,hyphen,5263,val
007-5127-300.jpg,2,hyphen,5264,test
007-5128-300.jpg,2,hyphen,5265,train
007-5129-300.jpg,2,hyphen,5266,train
007-5130-300.jpg,2,hyphen,5267,train
007-5131-300.jpg,2,hyphen,5268,train
007-5132-300.jpg,2,hyphen,5269,val
007-5133-300.jpg,2,hyphen,5270,test
007-5134-300.jpg,2,hyphen,5271,train
007-5135-300.jpg,2,hyphen,5272,train
007-5136-300.jpg,2,hyphen,5273,train
007-5137-300.jpg,2,hyphen,5274,train
007-5138-300.jpg,2,hyphen,5275,train
007-5139-300.jpg,2,hyphen,5276,train
007-5141-300.jpg,2,hyphen,5277,train
007-5142-300.jpg,2,hyphen,5278,train
007-5143-300.jpg,2,hyphen,5279,val
007-5144-300.jpg,2,hyphen,5280,train
007-5145-300.jpg,2,hyphen,5281,test
007-5146-300.jpg,2,hyphen,5282,train
007-5147-300.jpg,2,hyphen,5283,val
007-5148-300.jpg,2,hyphen,5284,train
007-5149-300.jpg,2,hyphen,5285,train
007-5150-300.jpg,2,hyphen,5286,train
007-5151-300.jpg,2,hyphen,5287,train
007-5152-300.jpg,2,hyphen,5288,test
007-5153-300.jpg,2,hyphen,5289,train
007-5154-300.jpg,2,hyphen,5290,train
007-5155-300.jpg,2,hyphen,5291,val
007-5156-300.jpg,2,hyphen,5292,train
007-5157-300.jpg,2,hyphen,5293,train
007-5158-300.jpg,2,hyphen,5294,val
007-5159-300.jpg,2,hyphen,5295,train
007-5160-300.jpg,2,hyphen,5296,train
007-5161-300.jpg,2,hyphen,5297,train
007-5162-300.jpg,2,hyphen,5298,test
007-5163-300.jpg,2,hyphen,5299,train
007-5164-300.jpg,2,hyphen,5300,train
007-5165-300.jpg,2,hyphen,5301,train
007-5166-300.jpg,2,hyphen,5302,train
007-5168-300.jpg,2,hyphen,5303,test
007-5170-300.jpg,2,hyphen,5304,val
007-5171-300.jpg,2,hyphen,5305,train
007-5174-300.jpg,2,hyphen,5306,train
007-5175-300.jpg,2,hyphen,5307,train
007-5176-300.jpg,2,hyphen,5308,train
007-5177-300.jpg,2,hyphen,5309,train
007-5178-300.jpg,2,hyphen,5310,val
007-5180-300.jpg,2,hyphen,5311,train
007-5181-300.jpg,2,hyphen,5312,train
007-5182-300.jpg,2,hyphen,5313,train
007-5183-300.jpg,2,hyphen,5314,test
007-5184-300.jpg,2,hyphen,5315,train
007-5185-300.jpg,2,hyphen,5316,test
007-5187-300.jpg,2,hyphen,5317,train
007-5188-300.jpg,2,hyphen,5318,train
007-5189-300.jpg,2,hyphen,5319,val
007-5191-300.jpg,2,hyphen,5320,train
007-5192-300.jpg,2,hyphen,5321,train
007-5193-300.jpg,2,hyphen,5322,train
007-5194-300.jpg,2,hyphen,5323,train
007-5195-300.jpg,2,hyphen,5324,test
007-5196-300.jpg,2,hyphen,5325,val
007-5197-300.jpg,2,hyphen,5326,train
007-5198-300.jpg,2,hyphen,5327,train
007-5199-300.jpg,2,hyphen,5328,train
007-5201-300.jpg,2,hyphen,5329,test
007-5202-300.jpg,2,hyphen,5330,train
007-5203-300.jpg,2,hyphen,5331,train
007-5204-300.jpg,2,hyphen,5332,val
007-5205-300.jpg,2,hyphen,5333,train
007-5206-300.jpg,2,hyphen,5334,train
007-5209-300.jpg,2,hyphen,5335,train
007-5210-300.jpg,2,hyphen,5336,test
007-5211-300.jpg,2,hyphen,5337,train
007-5212-300.jpg,2,hyphen,5338,train
007-5213-300.jpg,2,hyphen,5339,train
007-5214-300.jpg,2,hyphen,5340,val
007-5215-300.jpg,2,hyphen,5341,train
007-5216-300.jpg,2,hyphen,5342,train
007-5217-300.jpg,2,hyphen,5343,val
007-5218-300.jpg,2,hyphen,5344,train
007-5219-300.jpg,2,hyphen,5345,train
007-5220-300.jpg,2,hyphen,5346,test
007-5221-300.jpg,2,hyphen,5347,train
007-5222-300.jpg,2,hyphen,5348,train
007-5224-300.jpg,2,hyphen,5349,train
007-5225-300.jpg,2,hyphen,5350,test
007-5226-300.jpg,2,hyphen,5351,train
007-5227-300.jpg,2,hyphen,5352,train
007-5228-300.jpg,2,hyphen,5353,val
007-5229-300.jpg,2,hyphen,5354,train
007-5230-300.jpg,2,hyphen,5355,train
007-5231-300.jpg,2,hyphen,5356,train
007-5232-300.jpg,2,hyphen,5357,train
007-5233-300.jpg,2,hyphen,5358,train
007-5234-300.jpg,2,hyphen,5359,train
007-5235-300.jpg,2,hyphen,5360,test
007-5236-300.jpg,2,hyphen,5361,val
007-5237-300.jpg,2,hyphen,5362,train
007-5238-300.jpg,2,hyphen,5363,train
007-5239-300.jpg,2,hyphen,5364,train
007-5240-300.jpg,2,hyphen,5365,test
007-5241-300.jpg,2,hyphen,5366,train
007-5242-300.jpg,2,hyphen,5367,val
007-5243-300.jpg,2,hyphen,5368,train
007-5244-300.jpg,2,hyphen,5369,train
007-5245-300.jpg,2,hyphen,5370,train
007-5246-300.jpg,2,hyphen,5371,train
007-5247-300.jpg,2,hyphen,5372,test
007-5248-300.jpg,2,hyphen,5373,train
007-5249-300.jpg,2,hyphen,5374,val
007-5250-300.jpg,2,hyphen,5375,train
007-5251-300.jpg,2,hyphen,5376,train
007-5252-300.jpg,2,hyphen,5377,train
007-5253-300.jpg,2,hyphen,5378,train
007-5254-300.jpg,2,hyphen,5379,test
007-5255-300.jpg,2,hyphen,5380,val
007-5256-300.jpg,2,hyphen,5381,train
007-5257-300.jpg,2,hyphen,5382,train
007-5258-300.jpg,2,hyphen,5383,train
007-5260-300.jpg,2,hyphen,5384,train
007-5261-300.jpg,2,hyphen,5385,train
007-5262-300.jpg,2,hyphen,5386,train
007-5263-300.jpg,2,hyphen,5387,test
007-5264-300.jpg,2,hyphen,5388,val
007-5265-300.jpg,2,hyphen,5389,train
007-5266-300.jpg,2,hyphen,5390,train
007-5267-300.jpg,2,hyphen,5391,train
007-5268-300.jpg,2,hyphen,5392,train
007-5269-300.jpg,2,hyphen,5393,train
007-5270-300.jpg,2,hyphen,5394,test
007-5271-300.jpg,2,hyphen,5395,train
007-5272-300.jpg,2,hyphen,5396,train
007-5273-300.jpg,2,hyphen,5397,val
007-5274-300.jpg,2,hyphen,5398,train
007-5275-300.jpg,2,hyphen,5399,train
007-5276-300.jpg,2,hyphen,5400,train
007-5278-300.jpg,2,hyphen,5401,test
007-5279-300.jpg,2,hyphen,5402,val
007-5280-300.jpg,2,hyphen,5403,train
007-5281-300.jpg,2,hyphen,5404,train
007-5282-300.jpg,2,hyphen,5405,train
007-5283-300.jpg,2,hyphen,5406,train
007-5284-300.jpg,2,hyphen,5407,test
007-5285-300.jpg,2,hyphen,5408,train
007-5286-300.jpg,2,hyphen,5409,train
007-5287-300.jpg,2,hyphen,5410,val
007-5288-300.jpg,2,hyphen,5411,train
007-5289-300.jpg,2,hyphen,5412,train
007-5291-300.jpg,2,hyphen,5413,train
007-5292-300.jpg,2,hyphen,5414,test
007-5293-300.jpg,2,hyphen,5415,train
007-5294-300.jpg,2,hyphen,5416,val
007-5295-300.jpg,2,hyphen,5417,train
007-5296-300.jpg,2,hyphen,5418,train
007-5297-300.jpg,2,hyphen,5419,train
007-5298-300.jpg,2,hyphen,5420,train
007-5299-300.jpg,2,hyphen,5421,val
007-5300-300.jpg,2,hyphen,5422,train
007-5301-300.jpg,2,hyphen,5423,train
007-5302-300.jpg,2,hyphen,5424,train
007-5303-300.jpg,2,hyphen,5425,train
007-5304-300.jpg,2,hyphen,5426,test
007-5305-300.jpg,2,hyphen,5427,train
007-5306-300.jpg,2,hyphen,5428,train
007-5308-300.jpg,2,hyphen,5429,test
007-5309-300.jpg,2,hyphen,5430,train
007-5310-300.jpg,2,hyphen,5431,val
007-5311-300.jpg,2,hyphen,5432,train
007-5312-300.jpg,2,hyphen,5433,train
007-5313-300.jpg,2,hyphen,5434,train
007-5314-300.jpg,2,hyphen,5435,train
007-5315-300.jpg,2,hyphen,5436,train
007-5316-300.jpg,2,hyphen,5437,train
007-5317-300.jpg,2,hyphen,5438,val
007-5318-300.jpg,2,hyphen,5439,train
007-5320-300.jpg,2,hyphen,5440,train
007-5321-300.jpg,2,hyphen,5441,test
007-5322-300.jpg,2,hyphen,5442,train
007-5323-300.jpg,2,hyphen,5443,val
007-5324-300.jpg,2,hyphen,5444,test
007-5325-300.jpg,2,hyphen,5445,train
007-5326-300.jpg,2,hyphen,5446,train
007-5327-300.jpg,2,hyphen,5447,train
007-5328-300.jpg,2,hyphen,5448,train
007-5329-300.jpg,2,hyphen,5449,train
007-5330-300.jpg,2,hyphen,5450,train
007-5331-300.jpg,2,hyphen,5451,test
007-5332-300.jpg,2,hyphen,5452,val
007-5333-300.jpg,2,hyphen,5453,train
007-5335-300.jpg,2,hyphen,5454,train
007-5336-300.jpg,2,hyphen,5455,train
007-5337-300.jpg,2,hyphen,5456,train
007-5338-300.jpg,2,hyphen,5457,test
007-5339-300.jpg,2,hyphen,5458,train
007-5340-300.jpg,2,hyphen,5459,train
007-5341-300.jpg,2,hyphen,5460,val
007-5342-300.jpg,2,hyphen,5461,train
007-5343-300.jpg,2,hyphen,5462,train
007-5344-300.jpg,2,hyphen,5463,train
007-5345-300.jpg,2,hyphen,5464,test
007-5346-300.jpg,2,hyphen,5465,train
007-5347-300.jpg,2,hyphen,5466,val
007-5348-300.jpg,2,hyphen,5467,train
007-5351-300.jpg,2,hyphen,5468,train
007-5352-300.jpg,2,hyphen,5469,train
007-5353-300.jpg,2,hyphen,5470,val
007-5354-300.jpg,2,hyphen,5471,train
007-5355-300.jpg,2,hyphen,5472,test
007-5356-300.jpg,2,hyphen,5473,val
007-5357-300.jpg,2,hyphen,5474,train
007-5358-300.jpg,2,hyphen,5475,train
007-5359-300.jpg,2,hyphen,5476,train
007-5360-300.jpg,2,hyphen,5477,train
007-5362-300.jpg,2,hyphen,5478,train
007-5363-300.jpg,2,hyphen,5479,test
007-5364-300.jpg,2,hyphen,5480,test
007-5365-300.jpg,2,hyphen,5481,train
007-5366-300.jpg,2,hyphen,5482,train
007-5367-300.jpg,2,hyphen,5483,train
007-5368-300.jpg,2,hyphen,5484,train
007-5369-300.jpg,2,hyphen,5485,train
007-5370-300.jpg,2,hyphen,5486,train
007-5371-300.jpg,2,hyphen,5487,val
007-5372-300.jpg,2,hyphen,5488,train
007-5373-300.jpg,2,hyphen,5489,train
007-5375-300.jpg,2,hyphen,5490,train
007-5376-300.jpg,2,hyphen,5491,test
007-5378-300.jpg,2,hyphen,5492,train
007-5379-300.jpg,2,hyphen,5493,test
007-5380-300.jpg,2,hyphen,5494,train
007-5381-300.jpg,2,hyphen,5495,train
007-5382-300.jpg,2,hyphen,5496,val
007-5383-300.jpg,2,hyphen,5497,train
007-5384-300.jpg,2,hyphen,5498,val
007-5385-300.jpg,2,hyphen,5499,train
007-5386-300.jpg,2,hyphen,5500,train
007-5387-300.jpg,2,hyphen,5501,train
007-5388-300.jpg,2,hyphen,5502,train
007-5389-300.jpg,2,hyphen,5503,test
007-5390-300.jpg,2,hyphen,5504,train
007-5391-300.jpg,2,hyphen,5505,train
007-5392-300.jpg,2,hyphen,5506,train
007-5393-300.jpg,2,hyphen,5507,train
007-5394-300.jpg,2,hyphen,5508,val
007-5395-300.jpg,2,hyphen,5509,train
007-5396-300.jpg,2,hyphen,5510,train
007-5397-300.jpg,2,hyphen,5511,train
007-5398-300.jpg,2,hyphen,5512,val
007-5399-300.jpg,2,hyphen,5513,train
007-5400-300.jpg,2,hyphen,5514,test
007-5401-300.jpg,2,hyphen,5515,train
007-5402-300.jpg,2,hyphen,5516,train
007-5403-300.jpg,2,hyphen,5517,train
007-5404-300.jpg,2,hyphen,5518,train
007-5407-300.jpg,2,hyphen,5519,train
007-5408-300.jpg,2,hyphen,5520,train
007-5409-300.jpg,2,hyphen,5521,test
007-5410-300.jpg,2,hyphen,5522,val
007-5411-300.jpg,2,hyphen,5523,train
007-5412-300.jpg,2,hyphen,5524,train
007-5413-300.jpg,2,hyphen,5525,train
007-5415-300.jpg,2,hyphen,5526,train
007-5416-300.jpg,2,hyphen,5527,train
007-5417-300.jpg,2,hyphen,5528,val
007-5418-300.jpg,2,hyphen,5529,train
007-5419-300.jpg,2,hyphen,5530,train
007-5420-300.jpg,2,hyphen,5531,train
007-5421-300.jpg,2,hyphen,5532,train
007-5422-300.jpg,2,hyphen,5533,test
007-5423-300.jpg,2,hyphen,5534,test
007-5424-300.jpg,2,hyphen,5535,train
007-5425-300.jpg,2,hyphen,5536,train
007-5426-300.jpg,2,hyphen,5537,val
007-5427-300.jpg,2,hyphen,5538,train
007-5428-300.jpg,2,hyphen,5539,train
007-5429-300.jpg,2,hyphen,5540,val
007-5431-300.jpg,2,hyphen,5541,train
007-5432-300.jpg,2,hyphen,5542,train
007-5433-300.jpg,2,hyphen,5543,train
007-5434-300.jpg,2,hyphen,5544,test
007-5435-300.jpg,2,hyphen,5545,val
007-5437-300.jpg,2,hyphen,5546,train
007-5439-300.jpg,2,hyphen,5547,train
007-5440-300.jpg,2,hyphen,5548,train
007-5441-300.jpg,2,hyphen,5549,train
007-5442-300.jpg,2,hyphen,5550,train
007-5445-300.jpg,2,hyphen,5551,train
007-5446-300.jpg,2,hyphen,5552,train
007-5447-300.jpg,2,hyphen,5553,val
007-5448-300.jpg,2,hyphen,5554,train
007-5450-300.jpg,2,hyphen,5555,test
007-5453-300.jpg,2,hyphen,5556,train
007-5454-300.jpg,2,hyphen,5557,test
007-5455-300.jpg,2,hyphen,5558,train
007-5456-300.jpg,2,hyphen,5559,train
007-5458-300.jpg,2,hyphen,5560,train
007-5459-300.jpg,2,hyphen,5561,train
007-5460-300.jpg,2,hyphen,5562,train
007-5461-300.jpg,2,hyphen,5563,train
007-5462-300.jpg,2,hyphen,5564,train
007-5463-300.jpg,2,hyphen,5565,val
007-5464-300.jpg,2,hyphen,5566,test
007-5465-300.jpg,2,hyphen,5567,train
007-5466-300.jpg,2,hyphen,5568,train
007-5467-300.jpg,2,hyphen,5569,train
007-5468-300.jpg,2,hyphen,5570,train
007-5469-300.jpg,2,hyphen,5571,train
007-5470-300.jpg,2,hyphen,5572,train
007-5471-300.jpg,2,hyphen,5573,test
007-5472-300.jpg,2,hyphen,5574,train
007-5473-300.jpg,2,hyphen,5575,train
007-5474-300.jpg,2,hyphen,5576,val
007-5475-300.jpg,2,hyphen,5577,train
007-5476-300.jpg,2,hyphen,5578,test
007-5478-300.jpg,2,hyphen,5579,train
007-5479-300.jpg,2,hyphen,5580,train
007-5480-300.jpg,2,hyphen,5581,train
007-5484-300.jpg,2,hyphen,5582,val
007-5485-300.jpg,2,hyphen,5583,val
007-5486-300.jpg,2,hyphen,5584,test
007-5487-300.jpg,2,hyphen,5585,train
007-5488-300.jpg,2,hyphen,5586,train
007-5489-300.jpg,2,hyphen,5587,train
007-5490-300.jpg,2,hyphen,5588,train
007-5491-300.jpg,2,hyphen,5589,train
007-5492-300.jpg,2,hyphen,5590,train
007-5493-300.jpg,2,hyphen,5591,train
007-5494-300.jpg,2,hyphen,5592,test
007-5495-300.jpg,2,hyphen,5593,train
007-5496-300.jpg,2,hyphen,5594,train
007-5497-300.jpg,2,hyphen,5595,val
007-5498-300.jpg,2,hyphen,5596,train
007-5499-300.jpg,2,hyphen,5597,train
007-5500-300.jpg,2,hyphen,5598,train
007-5501-300.jpg,2,hyphen,5599,test
007-5503-300.jpg,2,hyphen,5600,train
007-5504-300.jpg,2,hyphen,5601,val
007-5505-300.jpg,2,hyphen,5602,train
007-5506-300.jpg,2,hyphen,5603,train
007-5507-300.jpg,2,hyphen,5604,train
007-5508-300.jpg,2,hyphen,5605,train
007-5509-300.jpg,2,hyphen,5606,test
007-5510-300.jpg,2,hyphen,5607,train
007-5511-300.jpg,2,hyphen,5608,val
007-5512-300.jpg,2,hyphen,5609,train
007-5513-300.jpg,2,hyphen,5610,train
007-5514-300.jpg,2,hyphen,5611,train
007-5515-300.jpg,2,hyphen,5612,val
007-5516-300.jpg,2,hyphen,5613,test
007-5517-300.jpg,2,hyphen,5614,train
007-5518-300.jpg,2,hyphen,5615,test
007-5519-300.jpg,2,hyphen,5616,train
007-5521-300.jpg,2,hyphen,5617,train
007-5522-300.jpg,2,hyphen,5618,train
007-5526-300.jpg,2,hyphen,5619,train
007-5529-300.jpg,2,hyphen,5620,train
007-5530-300.jpg,2,hyphen,5621,train
007-5531-300.jpg,2,hyphen,5622,val
007-5532-300.jpg,2,hyphen,5623,train
007-5535-300.jpg,2,hyphen,5624,test
007-5537-300.jpg,2,hyphen,5625,train
007-5539-300.jpg,2,hyphen,5626,train
007-5540-300.jpg,2,hyphen,5627,train
007-5541-300.jpg,2,hyphen,5628,train
007-5542-300.jpg,2,hyphen,5629,train
007-5544-300.jpg,2,hyphen,5630,test
007-5545-300.jpg,2,hyphen,5631,val
007-5546-300.jpg,2,hyphen,5632,train
007-5547-300.jpg,2,hyphen,5633,train
007-5548-300.jpg,2,hyphen,5634,train
007-5549-300.jpg,2,hyphen,5635,val
007-5550-300.jpg,2,hyphen,5636,train
007-5551-300.jpg,2,hyphen,5637,train
007-5552-300.jpg,2,hyphen,5638,train
007-5553-300.jpg,2,hyphen,5639,train
007-5554-300.jpg,2,hyphen,5640,train
007-5555-300.jpg,2,hyphen,5641,test
007-5558-300.jpg,2,hyphen,5642,val
007-5559-300.jpg,2,hyphen,5643,train
007-5560-300.jpg,2,hyphen,5644,train
007-5561-300.jpg,2,hyphen,5645,train
007-5562-300.jpg,2,hyphen,5646,test
007-5563-300.jpg,2,hyphen,5647,train
007-5564-300.jpg,2,hyphen,5648,train
007-5565-300.jpg,2,hyphen,5649,train
007-5566-300.jpg,2,hyphen,5650,test
007-5567-300.jpg,2,hyphen,5651,val
007-5568-300.jpg,2,hyphen,5652,train
007-5569-300.jpg,2,hyphen,5653,train
007-5571-300.jpg,2,hyphen,5654,train
007-5572-300.jpg,2,hyphen,5655,train
007-5575-300.jpg,2,hyphen,5656,val
007-5576-300.jpg,2,hyphen,5657,train
007-5577-300.jpg,2,hyphen,5658,test
007-5578-300.jpg,2,hyphen,5659,train
007-5579-300.jpg,2,hyphen,5660,train
007-5580-300.jpg,2,hyphen,5661,train
007-5581-300.jpg,2,hyphen,5662,train
007-5582-300.jpg,2,hyphen,5663,test
007-5583-300.jpg,2,hyphen,5664,train
007-5584-300.jpg,2,hyphen,5665,train
007-5585-300.jpg,2,hyphen,5666,train
007-5586-300.jpg,2,hyphen,5667,val
007-5587-300.jpg,2,hyphen,5668,train
007-5588-300.jpg,2,hyphen,5669,train
007-5589-300.jpg,2,hyphen,5670,test
007-5590-300.jpg,2,hyphen,5671,val
007-5591-300.jpg,2,hyphen,5672,train
007-5592-300.jpg,2,hyphen,5673,train
007-5593-300.jpg,2,hyphen,5674,train
007-5594-300.jpg,2,hyphen,5675,train
007-5595-300.jpg,2,hyphen,5676,train
007-5596-300.jpg,2,hyphen,5677,test
007-5597-300.jpg,2,hyphen,5678,train
007-5598-300.jpg,2,hyphen,5679,train
007-5599-300.jpg,2,hyphen,5680,train
007-5600-300.jpg,2,hyphen,5681,val
007-5601-300.jpg,2,hyphen,5682,test
007-5605-300.jpg,2,hyphen,5683,train
007-5606-300.jpg,2,hyphen,5684,test
007-5607-300.jpg,2,hyphen,5685,train
007-5608-300.jpg,2,hyphen,5686,train
007-5609-300.jpg,2,hyphen,5687,val
007-5610-300.jpg,2,hyphen,5688,train
007-5611-300.jpg,2,hyphen,5689,train
007-5612-300.jpg,2,hyphen,5690,train
007-5613-300.jpg,2,hyphen,5691,train
007-5614-300.jpg,2,hyphen,5692,train
007-5615-300.jpg,2,hyphen,5693,val
007-5616-300.jpg,2,hyphen,5694,train
007-5617-300.jpg,2,hyphen,5695,train
007-5618-300.jpg,2,hyphen,5696,train
007-5620-300.jpg,2,hyphen,5697,test
007-5621-300.jpg,2,hyphen,5698,train
007-5622-300.jpg,2,hyphen,5699,train
007-5623-300.jpg,2,hyphen,5700,train
007-5624-300.jpg,2,hyphen,5701,val
007-5626-300.jpg,2,hyphen,5702,train
007-5627-300.jpg,2,hyphen,5703,train
007-5628-300.jpg,2,hyphen,5704,train
007-5629-300.jpg,2,hyphen,5705,train
007-5630-300.jpg,2,hyphen,5706,train
007-5631-300.jpg,2,hyphen,5707,test
007-5632-300.jpg,2,hyphen,5708,val
007-5633-300.jpg,2,hyphen,5709,train
007-5634-300.jpg,2,hyphen,5710,train
007-5635-300.jpg,2,hyphen,5711,train
007-5636-300.jpg,2,hyphen,5712,train
007-5637-300.jpg,2,hyphen,5713,train
007-5638-300.jpg,2,hyphen,5714,test
007-5639-300.jpg,2,hyphen,5715,val
007-5640-300.jpg,2,hyphen,5716,train
007-5641-300.jpg,2,hyphen,5717,train
007-5642-300.jpg,2,hyphen,5718,train
007-5643-300.jpg,2,hyphen,5719,train
007-5644-300.jpg,2,hyphen,5720,test
007-5645-300.jpg,2,hyphen,5721,train
007-5646-300.jpg,2,hyphen,5722,val
007-5647-300.jpg,2,hyphen,5723,train
007-5648-300.jpg,2,hyphen,5724,train
007-5649-300.jpg,2,hyphen,5725,train
007-5651-300.jpg,2,hyphen,5726,train
007-5653-300.jpg,2,hyphen,5727,test
007-5654-300.jpg,2,hyphen,5728,val
007-5655-300.jpg,2,hyphen,5729,train
007-5656-300.jpg,2,hyphen,5730,val
007-5657-300.jpg,2,hyphen,5731,train
007-5660-300.jpg,2,hyphen,5732,train
007-5662-300.jpg,2,hyphen,5733,train
007-5663-300.jpg,2,hyphen,5734,train
007-5664-300.jpg,2,hyphen,5735,test
007-5665-300.jpg,2,hyphen,5736,train
007-5666-300.jpg,2,hyphen,5737,train
007-5667-300.jpg,2,hyphen,5738,train
007-5668-300.jpg,2,hyphen,5739,train
007-5669-300.jpg,2,hyphen,5740,train
007-5670-300.jpg,2,hyphen,5741,train
007-5671-300.jpg,2,hyphen,5742,test
007-5672-300.jpg,2,hyphen,5743,train
007-5674-300.jpg,2,hyphen,5744,val
007-5675-300.jpg,2,hyphen,5745,val
007-5676-300.jpg,2,hyphen,5746,test
007-5677-300.jpg,2,hyphen,5747,train
007-5680-300.jpg,2,hyphen,5748,train
007-5681-300.jpg,2,hyphen,5749,val
007-5682-300.jpg,2,hyphen,5750,train
007-5686-300.jpg,2,hyphen,5751,train
007-5688-300.jpg,2,hyphen,5752,train
007-5689-300.jpg,2,hyphen,5753,train
007-5690-300.jpg,2,hyphen,5754,train
007-5691-300.jpg,2,hyphen,5755,val
007-5692-300.jpg,2,hyphen,5756,train
007-5694-300.jpg,2,hyphen,5757,test
007-5696-300.jpg,2,hyphen,5758,train
007-5697-300.jpg,2,hyphen,5759,train
007-5699-300.jpg,2,hyphen,5760,val
007-5700-300.jpg,2,hyphen,5761,train
007-5701-300.jpg,2,hyphen,5762,train
007-5702-300.jpg,2,hyphen,5763,train
007-5704-300.jpg,2,hyphen,5764,test
007-5705-300.jpg,2,hyphen,5765,train
007-5707-300.jpg,2,hyphen,5766,val
007-5708-300.jpg,2,hyphen,5767,train
007-5709-300.jpg,2,hyphen,5768,train
007-5711-300.jpg,2,hyphen,5769,train
007-5712-300.jpg,2,hyphen,5770,train
007-5713-300.jpg,2,hyphen,5771,test
007-5714-300.jpg,2,hyphen,5772,train
007-5715-300.jpg,2,hyphen,5773,train
007-5716-300.jpg,2,hyphen,5774,train
007-5717-300.jpg,2,hyphen,5775,train
007-5718-300.jpg,2,hyphen,5776,train
007-5719-300.jpg,2,hyphen,5777,test
007-5720-300.jpg,2,hyphen,5778,train
007-5721-300.jpg,2,hyphen,5779,train
007-5722-300.jpg,2,hyphen,5780,val
007-5723-300.jpg,2,hyphen,5781,train
007-5724-300.jpg,2,hyphen,5782,train
007-5725-300.jpg,2,hyphen,5783,train
007-5726-300.jpg,2,hyphen,5784,test
007-5728-300.jpg,2,hyphen,5785,train
007-5729-300.jpg,2,hyphen,5786,train
007-5730-300.jpg,2,hyphen,5787,val
007-5735-300.jpg,2,hyphen,5788,val
007-5738-300.jpg,2,hyphen,5789,test
007-5740-300.jpg,2,hyphen,5790,train
007-5743-300.jpg,2,hyphen,5791,train
007-5750-300.jpg,2,hyphen,5792,train
007-5751-300.jpg,2,hyphen,5793,train
007-5752-300.jpg,2,hyphen,5794,train
007-5755-300.jpg,2,hyphen,5795,train
007-5756-300.jpg,2,hyphen,5796,train
007-5757-300.jpg,2,hyphen,5797,val
007-5758-300.jpg,2,hyphen,5798,test
007-5759-300.jpg,2,hyphen,5799,train
007-5760-300.jpg,2,hyphen,5800,train
007-5762-300.jpg,2,hyphen,5801,train
007-5764-300.jpg,2,hyphen,5802,train
007-5765-300.jpg,2,hyphen,5803,train
007-5766-300.jpg,2,hyphen,5804,train
007-5767-300.jpg,2,hyphen,5805,test
007-5768-300.jpg,2,hyphen,5806,train
007-5769-300.jpg,2,hyphen,5807,train
007-5770-300.jpg,2,hyphen,5808,val
007-5771-300.jpg,2,hyphen,5809,train
007-5772-300.jpg,2,hyphen,5810,val
007-5773-300.jpg,2,hyphen,5811,train
007-5774-300.jpg,2,hyphen,5812,test
007-5776-300.jpg,2,hyphen,5813,train
007-5777-300.jpg,2,hyphen,5814,train
007-5778-300.jpg,2,hyphen,5815,test
007-5779-300.jpg,2,hyphen,5816,train
007-5780-300.jpg,2,hyphen,5817,train
007-5781-300.jpg,2,hyphen,5818,train
007-5782-300.jpg,2,hyphen,5819,train
007-5783-300.jpg,2,hyphen,5820,train
007-5784-300.jpg,2,hyphen,5821,val
007-5785-300.jpg,2,hyphen,5822,train
007-5786-300.jpg,2,hyphen,5823,train
007-5787-300.jpg,2,hyphen,5824,train
007-5789-300.jpg,2,hyphen,5825,train
007-5790-300.jpg,2,hyphen,5826,test
007-5791-300.jpg,2,hyphen,5827,val
007-5792-300.jpg,2,hyphen,5828,train
007-5793-300.jpg,2,hyphen,5829,train
007-5794-300.jpg,2,hyphen,5830,train
007-5795-300.jpg,2,hyphen,5831,train
007-5796-300.jpg,2,hyphen,5832,train
007-5797-300.jpg,2,hyphen,5833,train
007-5798-300.jpg,2,hyphen,5834,test
007-5799-300.jpg,2,hyphen,5835,train
007-5800-300.jpg,2,hyphen,5836,train
007-5801-300.jpg,2,hyphen,5837,train
007-5802-300.jpg,2,hyphen,5838,val
007-5803-300.jpg,2,hyphen,5839,train
007-5806-300.jpg,2,hyphen,5840,train
007-5807-300.jpg,2,hyphen,5841,test
007-5808-300.jpg,2,hyphen,5842,val
007-5809-300.jpg,2,hyphen,5843,train
007-5810-300.jpg,2,hyphen,5844,train
007-5811-300.jpg,2,hyphen,5845,train
007-5812-300.jpg,2,hyphen,5846,train
007-5813-300.jpg,2,hyphen,5847,train
007-5814-300.jpg,2,hyphen,5848,train
007-5815-300.jpg,2,hyphen,5849,test
007-5816-300.jpg,2,hyphen,5850,train
007-5817-300.jpg,2,hyphen,5851,val
007-5818-300.jpg,2,hyphen,5852,train
007-5819-300.jpg,2,hyphen,5853,train
007-5820-300.jpg,2,hyphen,5854,test
007-5821-300.jpg,2,hyphen,5855,train
007-5823-300.jpg,2,hyphen,5856,train
007-5824-300.jpg,2,hyphen,5857,val
007-5825-300.jpg,2,hyphen,5858,train
007-5826-300.jpg,2,hyphen,5859,train
007-5827-300.jpg,2,hyphen,5860,test
007-5828-300.jpg,2,hyphen,5861,val
007-5829-300.jpg,2,hyphen,5862,train
007-5831-300.jpg,2,hyphen,5863,train
007-5832-300.jpg,2,hyphen,5864,train
007-5833-300.jpg,2,hyphen,5865,train
007-5834-300.jpg,2,hyphen,5866,train
007-5835-300.jpg,2,hyphen,5867,train
007-5836-300.jpg,2,hyphen,5868,test
007-5837-300.jpg,2,hyphen,5869,train
007-5838-300.jpg,2,hyphen,5870,train
007-5839-300.jpg,2,hyphen,5871,train
007-5840-300.jpg,2,hyphen,5872,val
007-5841-300.jpg,2,hyphen,5873,train
007-5842-300.jpg,2,hyphen,5874,train
007-5843-300.jpg,2,hyphen,5875,train
007-5844-300.jpg,2,hyphen,5876,test
007-5845-300.jpg,2,hyphen,5877,train
007-5846-300.jpg,2,hyphen,5878,train
007-5847-300.jpg,2,hyphen,5879,train
007-5848-300.jpg,2,hyphen,5880,val
007-5849-300.jpg,2,hyphen,5881,train
007-5850-300.jpg,2,hyphen,5882,test
007-5851-300.jpg,2,hyphen,5883,train
007-5852-300.jpg,2,hyphen,5884,train
007-5853-300.jpg,2,hyphen,5885,train
007-5854-300.jpg,2,hyphen,5886,test
007-5855-300.jpg,2,hyphen,5887,train
007-5856-300.jpg,2,hyphen,5888,val
007-5857-300.jpg,2,hyphen,5889,train
007-5858-300.jpg,2,hyphen,5890,train
007-5859-300.jpg,2,hyphen,5891,train
007-5860-300.jpg,2,hyphen,5892,train
007-5861-300.jpg,2,hyphen,5893,train
007-5862-300.jpg,2,hyphen,5894,train
007-5863-300.jpg,2,hyphen,5895,val
007-5864-300.jpg,2,hyphen,5896,train
007-5866-300.jpg,2,hyphen,5897,train
007-5867-300.jpg,2,hyphen,5898,train
007-5868-300.jpg,2,hyphen,5899,train
007-5869-300.jpg,2,hyphen,5900,val
007-5870-300.jpg,2,hyphen,5901,test
007-5871-300.jpg,2,hyphen,5902,train
007-5872-300.jpg,2,hyphen,5903,train
007-5873-300.jpg,2,hyphen,5904,train
007-5874-300.jpg,2,hyphen,5905,train
007-5875-300.jpg,2,hyphen,5906,train
007-5876-300.jpg,2,hyphen,5907,test
007-5877-300.jpg,2,hyphen,5908,train
007-5878-300.jpg,2,hyphen,5909,train
007-5879-300.jpg,2,hyphen,5910,val
007-5880-300.jpg,2,hyphen,5911,train
007-5881-300.jpg,2,hyphen,5912,test
007-5882-300.jpg,2,hyphen,5913,train
007-5883-300.jpg,2,hyphen,5914,val
007-5886-300.jpg,2,hyphen,5915,train
007-5887-300.jpg,2,hyphen,5916,train
007-5888-300.jpg,2,hyphen,5917,train
007-5889-300.jpg,2,hyphen,5918,test
007-5890-300.jpg,2,hyphen,5919,train
007-5893-300.jpg,2,hyphen,5920,train
007-5894-300.jpg,2,hyphen,5921,val
007-5896-300.jpg,2,hyphen,5922,train
007-5897-300.jpg,2,hyphen,5923,train
007-5898-300.jpg,2,hyphen,5924,train
007-5899-300.jpg,2,hyphen,5925,train
007-5900-300.jpg,2,hyphen,5926,train
007-5901-300.jpg,2,hyphen,5927,train
007-5902-300.jpg,2,hyphen,5928,val
007-5903-300.jpg,2,hyphen,5929,train
007-5905-300.jpg,2,hyphen,5930,test
007-5906-300.jpg,2,hyphen,5931,train
007-5907-300.jpg,2,hyphen,5932,train
007-5908-300.jpg,2,hyphen,5933,train
007-5909-300.jpg,2,hyphen,5934,train
007-5910-300.jpg,2,hyphen,5935,test
007-5911-300.jpg,2,hyphen,5936,val
007-5912-300.jpg,2,hyphen,5937,train
007-5913-300.jpg,2,hyphen,5938,train
007-5914-300.jpg,2,hyphen,5939,train
007-5915-300.jpg,2,hyphen,5940,train
007-5916-300.jpg,2,hyphen,5941,train
007-5917-300.jpg,2,hyphen,5942,val
007-5918-300.jpg,2,hyphen,5943,train
007-5919-300.jpg,2,hyphen,5944,train
007-5920-300.jpg,2,hyphen,5945,test
007-5921-300.jpg,2,hyphen,5946,train
007-5922-300.jpg,2,hyphen,5947,val
007-5923-300.jpg,2,hyphen,5948,test
007-5924-300.jpg,2,hyphen,5949,train
007-5925-300.jpg,2,hyphen,5950,train
007-5927-300.jpg,2,hyphen,5951,train
007-5928-300.jpg,2,hyphen,5952,train
007-5929-300.jpg,2,hyphen,5953,train
007-5930-300.jpg,2,hyphen,5954,train
007-5931-300.jpg,2,hyphen,5955,test
007-5932-300.jpg,2,hyphen,5956,val
007-5934-300.jpg,2,hyphen,5957,train
007-5935-300.jpg,2,hyphen,5958,train
007-5936-300.jpg,2,hyphen,5959,train
007-5937-300.jpg,2,hyphen,5960,val
007-5938-300.jpg,2,hyphen,5961,train
007-5939-300.jpg,2,hyphen,5962,train
007-5940-300.jpg,2,hyphen,5963,train
007-5941-300.jpg,2,hyphen,5964,train
007-5942-300.jpg,2,hyphen,5965,test
007-5943-300.jpg,2,hyphen,5966,train
007-5944-300.jpg,2,hyphen,5967,train
007-5945-300.jpg,2,hyphen,5968,train
007-5946-300.jpg,2,hyphen,5969,train
007-5947-300.jpg,2,hyphen,5970,train
007-5948-300.jpg,2,hyphen,5971,val
007-5949-300.jpg,2,hyphen,5972,test
007-5950-300.jpg,2,hyphen,5973,val
007-5951-300.jpg,2,hyphen,5974,test
007-5952-300.jpg,2,hyphen,5975,train
007-5520-300.jpg,3,hyphen,5976,train
007-5523-300.jpg,3,hyphen,5977,val
007-5524-300.jpg,3,hyphen,5978,train
007-5525-300.jpg,3,hyphen,5979,val
007-5527-300.jpg,3,hyphen,5980,train
007-5528-300.jpg,3,hyphen,5981,train
007-5556-300.jpg,3,hyphen,5982,train
007-5570-300.jpg,3,hyphen,5983,train
007-5573-300.jpg,3,hyphen,5984,train
007-5574-300.jpg,3,hyphen,5985,test
007-5602-300.jpg,3,hyphen,5986,train
007-5603-300.jpg,3,hyphen,5987,train
007-5604-300.jpg,3,hyphen,5988,train
007-5661-300.jpg,3,hyphen,5989,train
007-5673-300.jpg,3,hyphen,5990,train
007-5678-300.jpg,3,hyphen,5991,train
007-5679-300.jpg,3,hyphen,5992,test
007-5683-300.jpg,3,hyphen,5993,val
007-5684-300.jpg,3,hyphen,5994,train
007-5685-300.jpg,3,hyphen,5995,train
007-5687-300.jpg,3,hyphen,5996,test
007-5693-300.jpg,3,hyphen,5997,train
007-5695-300.jpg,3,hyphen,5998,train
007-5698-300.jpg,3,hyphen,5999,test
007-5703-300.jpg,3,hyphen,6000,train
007-5706-300.jpg,3,hyphen,6001,val
007-5710-300.jpg,3,hyphen,6002,val
007-5727-300.jpg,3,hyphen,6003,train
007-5754-300.jpg,3,hyphen,6004,train
007-5761-300.jpg,3,hyphen,6005,test
007-5763-300.jpg,3,hyphen,6006,train
007-5775-300.jpg,3,hyphen,6007,train
007-5788-300.jpg,3,hyphen,6008,train
007-5804-300.jpg,3,hyphen,6009,train
007-5805-300.jpg,3,hyphen,6010,val
007-5822-300.jpg,3,hyphen,6011,train
007-5830-300.jpg,3,hyphen,6012,train
007-5865-300.jpg,3,hyphen,6013,train
007-5884-300.jpg,3,hyphen,6014,train
007-5885-300.jpg,3,hyphen,6015,test
007-5891-300.jpg,3,hyphen,6016,train
007-5895-300.jpg,3,hyphen,6017,train
007-5904-300.jpg,3,hyphen,6018,train
007-5926-300.jpg,3,hyphen,6019,train
007-5933-300.jpg,3,hyphen,6020,train
007-5963-300.jpg,3,hyphen,6021,val
007-5964-300.jpg,3,hyphen,6022,train
007-6766-400.jpg,4,hyphen,6023,test
007-6767-400.jpg,4,hyphen,6024,train
007-6768-400.jpg,4,hyphen,6025,train
007-6769-400.jpg,4,hyphen,6026,train
007-6770-400.jpg,4,hyphen,6027,train
007-6771-400.jpg,4,hyphen,6028,train
007-6772-400.jpg,4,hyphen,6029,val
007-6773-400.jpg,4,hyphen,6030,train
007-6774-400.jpg,4,hyphen,6031,test
007-6775-400.jpg,4,hyphen,6032,train
007-6776-400.jpg,4,hyphen,6033,val
007-6777-400.jpg,4,hyphen,6034,train
007-6778-400.jpg,4,hyphen,6035,train
007-6779-400.jpg,4,hyphen,6036,train
007-6780-400.jpg,4,hyphen,6037,train
007-6781-400.jpg,4,hyphen,6038,test
007-6782-400.jpg,4,hyphen,6039,train
007-6783-400.jpg,4,hyphen,6040,train
007-6784-400.jpg,4,hyphen,6041,train
007-6785-400.jpg,4,hyphen,6042,val
007-6786-400.jpg,4,hyphen,6043,test
007-6787-400.jpg,4,hyphen,6044,train
007-6788-400.jpg,4,hyphen,6044,train
007-6789-400.jpg,4,hyphen,6045,train
007-6791-400.jpg,4,hyphen,6046,train
007-6792-400.jpg,4,hyphen,6047,train
007-6793-400.jpg,4,hyphen,6048,val
007-6794-400.jpg,4,hyphen,6049,train
007-6795-400.jpg,4,hyphen,6050,train
007-6796-400.jpg,4,hyphen,6051,train
007-6797-400.jpg,4,hyphen,6052,train
007-6798-400.jpg,4,hyphen,6053,test
007-6799-400.jpg,4,hyphen,6054,train
007-6800-400.jpg,4,hyphen,6055,train
007-6801-400.jpg,4,hyphen,6056,test
007-6802-400.jpg,4,hyphen,6057,train
007-6803-400.jpg,4,hyphen,6058,train
007-6804-400.jpg,4,hyphen,6059,val
007-6805-400.jpg,4,hyphen,6060,train
007-6806-400.jpg,4,hyphen,6061,train
007-6807-400.jpg,4,hyphen,6062,test
007-6808-400.jpg,4,hyphen,6063,train
007-6809-400.jpg,4,hyphen,6064,train
007-6810-400.jpg,4,hyphen,6065,train
007-6811-400.jpg,4,hyphen,6066,train
007-6812-400.jpg,4,hyphen,6067,val
007-6813-400.jpg,4,hyphen,6068,train
007-6814-400.jpg,4,hyphen,6069,test
007-6815-400.jpg,4,hyphen,6070,train
007-6816-400.jpg,4,hyphen,6071,train
007-6817-400.jpg,4,hyphen,6072,val
007-6818-400.jpg,4,hyphen,6073,train
007-6819-400.jpg,4,hyphen,6074,train
007-6820-400.jpg,4,hyphen,6075,train
007-6821-400.jpg,4,hyphen,6076,test
007-6822-400.jpg,4,hyphen,6077,train
007-6823-400.jpg,4,hyphen,6078,train
007-6824-400.jpg,4,hyphen,6079,train
007-6825-400.jpg,4,hyphen,6080,val
007-6826-400.jpg,4,hyphen,6081,val
007-6827-400.jpg,4,hyphen,6082,train
007-6828-400.jpg,4,hyphen,6083,test
007-6829-400.jpg,4,hyphen,6084,train
007-6830-400.jpg,4,hyphen,6085,train
007-6831-400.jpg,4,hyphen,6086,train
007-6832-400.jpg,4,hyphen,6087,train
007-6833-400.jpg,4,hyphen,6088,train
007-6834-400.jpg,4,hyphen,6089,train
007-6835-400.jpg,4,hyphen,6090,train
007-6836-400.jpg,4,hyphen,6091,train
007-6837-400.jpg,4,hyphen,6092,train
007-6838-400.jpg,4,hyphen,6093,train
007-6839-400.jpg,4,hyphen,6094,test
007-6840-400.jpg,4,hyphen,6095,val
007-6841-400.jpg,4,hyphen,6096,train
007-6842-400.jpg,4,hyphen,6097,train
007-6843-400.jpg,4,hyphen,6098,train
007-6844-400.jpg,4,hyphen,6099,train
007-6845-400.jpg,4,hyphen,6100,val
007-6846-400.jpg,4,hyphen,6101,test
007-6847-400.jpg,4,hyphen,6102,train
007-6848-400.jpg,4,hyphen,6103,train
007-6849-400.jpg,4,hyphen,6104,train
007-6850-400.jpg,4,hyphen,6105,train
007-6851-400.jpg,4,hyphen,6106,train
007-6852-400.jpg,4,hyphen,6107,test
007-6853-400.jpg,4,hyphen,6108,val
007-6854-400.jpg,4,hyphen,6109,train
007-6855-400.jpg,4,hyphen,6110,train
007-6856-400.jpg,4,hyphen,6111,train
007-6857-400.jpg,4,hyphen,6112,train
007-6858-400.jpg,4,hyphen,6113,train
007-6859-400.jpg,4,hyphen,6114,train
007-6860-400.jpg,4,hyphen,6115,val
007-6861-400.jpg,4,hyphen,6116,train
007-6862-400.jpg,4,hyphen,6117,test
007-6863-400.jpg,4,hyphen,6118,train
007-6864-400.jpg,4,hyphen,6119,train
007-6865-400.jpg,4,hyphen,6120,train
007-6867-400.jpg,4,hyphen,6121,train
007-6868-400.jpg,4,hyphen,6122,test
007-6869-400.jpg,4,hyphen,6123,train
007-6870-400.jpg,4,hyphen,6124,val
007-6871-400.jpg,4,hyphen,6125,train
007-6872-400.jpg,4,hyphen,6126,train
007-6873-400.jpg,4,hyphen,6127,train
007-6874-400.jpg,4,hyphen,6128,train
007-6875-400.jpg,4,hyphen,6129,test
007-6876-400.jpg,4,hyphen,6130,train
007-6877-400.jpg,4,hyphen,6131,val
007-6878-400.jpg,4,hyphen,6132,train
007-6879-400.jpg,4,hyphen,6133,train
007-6880-400.jpg,4,hyphen,6134,train
007-6881-400.jpg,4,hyphen,6135,train
007-6882-400.jpg,4,hyphen,6136,train
007-6883-400.jpg,4,hyphen,6137,test
007-6884-400.jpg,4,hyphen,6138,train
007-6885-400.jpg,4,hyphen,6139,val
007-6886-400.jpg,4,hyphen,6140,train
007-6887-400.jpg,4,hyphen,6141,test
007-6888-400.jpg,4,hyphen,6142,train
007-6889-400.jpg,4,hyphen,6143,train
007-6890-400.jpg,4,hyphen,6144,val
007-6891-400.jpg,4,hyphen,6145,train
007-6892-400.jpg,4,hyphen,6146,train
007-6893-400.jpg,4,hyphen,6147,train
007-6894-400.jpg,4,hyphen,6148,test
007-6895-400.jpg,4,hyphen,6149,train
007-6896-400.jpg,4,hyphen,6150,train
007-6897-400.jpg,4,hyphen,6151,train
007-6898-400.jpg,4,hyphen,6152,train
007-6899-400.jpg,4,hyphen,6153,val
007-6900-400.jpg,4,hyphen,6154,train
007-6901-400.jpg,4,hyphen,6155,train
007-6902-400.jpg,4,hyphen,6156,train
007-6903-400.jpg,4,hyphen,6157,val
007-6904-400.jpg,4,hyphen,6158,test
007-6905-400.jpg,4,hyphen,6159,train
007-6906-400.jpg,4,hyphen,6160,train
007-6908-400.jpg,4,hyphen,6161,train
007-6909-400.jpg,4,hyphen,6162,train
007-6910-400.jpg,4,hyphen,6163,test
007-6912-400.jpg,4,hyphen,6164,train
007-6914-400.jpg,4,hyphen,6165,val
007-6915-400.jpg,4,hyphen,6166,train
007-6917-400.jpg,4,hyphen,6167,train
007-6918-400.jpg,4,hyphen,6168,train
007-6921-400.jpg,4,hyphen,6169,train
007-6922-400.jpg,4,hyphen,6170,test
007-6923-400.jpg,4,hyphen,6171,train
007-6924-400.jpg,4,hyphen,6172,train
007-6925-400.jpg,4,hyphen,6173,val
007-6926-400.jpg,4,hyphen,6174,train
007-6927-400.jpg,4,hyphen,6175,train
007-6928-400.jpg,4,hyphen,6176,test
007-6929-400.jpg,4,hyphen,6177,val
007-6930-400.jpg,4,hyphen,6178,train
007-6931-400.jpg,4,hyphen,6179,train
007-6932-400.jpg,4,hyphen,6180,train
007-6935-400.jpg,4,hyphen,6181,train
007-6936-400.jpg,4,hyphen,6182,train
007-6937-400.jpg,4,hyphen,6183,train
007-6938-400.jpg,4,hyphen,6184,train
007-6939-400.jpg,4,hyphen,6185,val
007-6940-400.jpg,4,hyphen,6186,test
007-6941-400.jpg,4,hyphen,6187,train
007-6942-400.jpg,4,hyphen,6188,train
007-6943-400.jpg,4,hyphen,6189,train
007-6944-400.jpg,4,hyphen,6190,train
007-6945-400.jpg,4,hyphen,6191,train
007-6946-400.jpg,4,hyphen,6192,train
007-6947-400.jpg,4,hyphen,6193,val
007-6948-400.jpg,4,hyphen,6194,test
007-6949-400.jpg,4,hyphen,6195,train
007-6950-400.jpg,4,hyphen,6196,train
007-6951-400.jpg,4,hyphen,6197,train
007-6952-400.jpg,4,hyphen,6198,val
007-6953-400.jpg,4,hyphen,6199,train
007-6956-400.jpg,4,hyphen,6200,test
007-6957-400.jpg,4,hyphen,6201,train
007-6958-400.jpg,4,hyphen,6202,train
007-6959-400.jpg,4,hyphen,6203,train
007-0004-000.jpg,0,hyphen,6204,train
007-0007-000.jpg,0,hyphen,6205,train
007-0008-000.jpg,0,hyphen,6206,test
007-0009-000.jpg,0,hyphen,6207,val
007-0011-000.jpg,0,hyphen,6208,train
007-0013-000.jpg,0,hyphen,6209,train
007-0022-000.jpg,0,hyphen,6210,train
007-0023-000.jpg,0,hyphen,6211,train
007-0024-000.jpg,0,hyphen,6212,train
007-0025-000.jpg,0,hyphen,6213,val
007-0026-000.jpg,0,hyphen,6214,test
007-0028-000.jpg,0,hyphen,6215,train
007-0029-000.jpg,0,hyphen,6216,test
007-0030-000.jpg,0,hyphen,6217,train
007-0031-000.jpg,0,hyphen,6218,train
007-0032-000.jpg,0,hyphen,6219,train
007-0034-000.jpg,0,hyphen,6220,train
007-0035-000.jpg,0,hyphen,6221,val
007-0036-000.jpg,0,hyphen,6222,train
007-0037-000.jpg,0,hyphen,6223,train
007-0038-000.jpg,0,hyphen,6224,train
007-0040-000.jpg,0,hyphen,6225,train
007-0041-000.jpg,0,hyphen,6226,train
007-0042-000.jpg,0,hyphen,6227,val
007-0043-000.jpg,0,hyphen,6228,test
007-0044-000.jpg,0,hyphen,6229,val
007-0046-000.jpg,0,hyphen,6230,train
007-0048-000.jpg,0,hyphen,6231,train
007-0049-000.jpg,0,hyphen,6232,train
007-0050-000.jpg,0,hyphen,6233,train
007-0051-000.jpg,0,hyphen,6234,train
007-0052-000.jpg,0,hyphen,6235,test
007-0053-000.jpg,0,hyphen,6236,train
007-0054-000.jpg,0,hyphen,6237,train
007-0055-000.jpg,0,hyphen,6238,train
007-0056-000.jpg,0,hyphen,6239,train
007-0057-000.jpg,0,hyphen,6240,train
007-0058-000.jpg,0,hyphen,6241,test
007-0059-000.jpg,0,hyphen,6242,val
007-0060-000.jpg,0,hyphen,6243,train
007-0061-000.jpg,0,hyphen,6244,train
007-0062-000.jpg,0,hyphen,6245,train
007-0063-000.jpg,0,hyphen,6246,val
007-0064-000.jpg,0,hyphen,6247,val
007-0065-000.jpg,0,hyphen,6248,train
007-0066-000.jpg,0,hyphen,6249,test
007-0067-000.jpg,0,hyphen,6250,train
007-0068-000.jpg,0,hyphen,6251,train
007-0069-000.jpg,0,hyphen,6252,train
007-0070-000.jpg,0,hyphen,6253,train
007-0071-000.jpg,0,hyphen,6254,train
007-0072-000.jpg,0,hyphen,6255,train
007-0073-000.jpg,0,hyphen,6256,train
007-0074-000.jpg,0,hyphen,6257,test
007-0075-000.jpg,0,hyphen,6258,train
007-0076-000.jpg,0,hyphen,6259,train
007-0077-000.jpg,0,hyphen,6260,val
007-0078-000.jpg,0,hyphen,6261,train
007-0079-000.jpg,0,hyphen,6262,test
007-0080-000.jpg,0,hyphen,6263,train
007-0082-000.jpg,0,hyphen,6264,train
007-0083-000.jpg,0,hyphen,6265,train
007-0084-000.jpg,0,hyphen,6266,train
007-0085-000.jpg,0,hyphen,6267,train
007-0086-000.jpg,0,hyphen,6268,test
007-0087-000.jpg,0,hyphen,6269,train
007-0088-000.jpg,0,hyphen,6270,val
007-0089-000.jpg,0,hyphen,6271,train
007-0090-000.jpg,0,hyphen,6272,val
007-0091-000.jpg,0,hyphen,6273,train
007-0092-000.jpg,0,hyphen,6274,train
007-0094-000.jpg,0,hyphen,6275,train
007-0095-000.jpg,0,hyphen,6276,train
007-0097-000.jpg,0,hyphen,6277,val
007-0098-000.jpg,0,hyphen,6278,train
007-0099-000.jpg,0,hyphen,6279,train
007-0100-000.jpg,0,hyphen,6280,test
007-0101-000.jpg,0,hyphen,6281,train
007-0102-000.jpg,0,hyphen,6282,train
007-0103-000.jpg,0,hyphen,6283,train
007-0104-000.jpg,0,hyphen,6284,train
007-0105-000.jpg,0,hyphen,6285,train
007-0107-000.jpg,0,hyphen,6286,test
007-0108-000.jpg,0,hyphen,6287,train
007-0109-000.jpg,0,hyphen,6288,train
007-0111-000.jpg,0,hyphen,6289,train
007-0112-000.jpg,0,hyphen,6290,train
007-0113-000.jpg,0,hyphen,6291,val
007-0114-000.jpg,0,hyphen,6292,test
007-0115-000.jpg,0,hyphen,6293,val
007-0116-000.jpg,0,hyphen,6294,train
007-0117-000.jpg,0,hyphen,6295,train
007-0118-000.jpg,0,hyphen,6296,train
007-0119-000.jpg,0,hyphen,6297,train
007-0120-000.jpg,0,hyphen,6298,train
007-0121-000.jpg,0,hyphen,6299,train
007-0122-000.jpg,0,hyphen,6300,test
007-0123-000.jpg,0,hyphen,6301,train
007-0126-000.jpg,0,hyphen,6302,train
007-0127-000.jpg,0,hyphen,6303,train
007-0128-000.jpg,0,hyphen,6304,val
007-0129-000.jpg,0,hyphen,6305,train
007-0130-000.jpg,0,hyphen,6306,train
007-0131-000.jpg,0,hyphen,6307,test
007-0132-000.jpg,0,hyphen,6308,train
007-0133-000.jpg,0,hyphen,6309,train
007-0134-000.jpg,0,hyphen,6310,train
007-0136-000.jpg,0,hyphen,6311,train
007-0137-000.jpg,0,hyphen,6312,val
007-0138-000.jpg,0,hyphen,6313,train
007-0140-000.jpg,0,hyphen,6314,train
007-0141-000.jpg,0,hyphen,6315,train
007-0142-000.jpg,0,hyphen,6316,train
007-0143-000.jpg,0,hyphen,6317,test
007-0145-000.jpg,0,hyphen,6318,train
007-0146-000.jpg,0,hyphen,6319,train
007-0147-000.jpg,0,hyphen,6320,val
007-0148-000.jpg,0,hyphen,6321,train
007-0149-000.jpg,0,hyphen,6322,test
007-0150-000.jpg,0,hyphen,6323,train
007-0151-000.jpg,0,hyphen,6324,train
007-0152-000.jpg,0,hyphen,6325,train
007-0153-000.jpg,0,hyphen,6326,val
007-0154-000.jpg,0,hyphen,6327,train
007-0155-000.jpg,0,hyphen,6328,test
007-0157-000.jpg,0,hyphen,6329,train
007-0158-000.jpg,0,hyphen,6330,train
007-0159-000.jpg,0,hyphen,6331,train
007-0160-000.jpg,0,hyphen,6332,val
007-0161-000.jpg,0,hyphen,6333,train
007-0162-000.jpg,0,hyphen,6334,train
007-0163-000.jpg,0,hyphen,6335,train
007-0164-000.jpg,0,hyphen,6336,train
007-0165-000.jpg,0,hyphen,6337,test
007-0166-000.jpg,0,hyphen,6338,train
007-0167-000.jpg,0,hyphen,6339,train
007-0168-000.jpg,0,hyphen,6340,train
007-0169-000.jpg,0,hyphen,6341,train
007-0170-000.jpg,0,hyphen,6342,test
007-0171-000.jpg,0,hyphen,6343,val
007-0172-000.jpg,0,hyphen,6344,train
007-0173-000.jpg,0,hyphen,6345,train
007-0175-000.jpg,0,hyphen,6346,train
007-0176-000.jpg,0,hyphen,6347,val
007-0177-000.jpg,0,hyphen,6348,train
007-0178-000.jpg,0,hyphen,6349,test
007-0179-000.jpg,0,hyphen,6350,train
007-0180-000.jpg,0,hyphen,6351,train
007-0181-000.jpg,0,hyphen,6352,train
007-0182-000.jpg,0,hyphen,6353,train
007-0183-000.jpg,0,hyphen,6354,train
007-0184-000.jpg,0,hyphen,6355,test
007-0186-000.jpg,0,hyphen,6356,train
007-0187-000.jpg,0,hyphen,6357,train
007-0188-000.jpg,0,hyphen,6358,train
007-0189-000.jpg,0,hyphen,6359,val
007-0190-000.jpg,0,hyphen,6360,test
007-0191-000.jpg,0,hyphen,6361,train
007-0192-000.jpg,0,hyphen,6362,test
007-0193-000.jpg,0,hyphen,6363,train
007-0194-000.jpg,0,hyphen,6364,train
007-0195-000.jpg,0,hyphen,6365,val
007-0196-000.jpg,0,hyphen,6366,train
007-0197-000.jpg,0,hyphen,6367,train
007-0198-000.jpg,0,hyphen,6368,train
007-0199-000.jpg,0,hyphen,6369,train
007-0200-000.jpg,0,hyphen,6370,train
007-0201-000.jpg,0,hyphen,6371,train
007-0202-000.jpg,0,hyphen,6372,val
007-0203-000.jpg,0,hyphen,6373,train
007-0204-000.jpg,0,hyphen,6374,test
007-0205-000.jpg,0,hyphen,6375,train
007-0206-000.jpg,0,hyphen,6376,val
007-0207-000.jpg,0,hyphen,6377,train
007-0208-000.jpg,0,hyphen,6378,train
007-0209-000.jpg,0,hyphen,6379,train
007-0210-000.jpg,0,hyphen,6380,train
007-0211-000.jpg,0,hyphen,6381,train
007-0212-000.jpg,0,hyphen,6382,train
007-0213-000.jpg,0,hyphen,6383,train
007-0214-000.jpg,0,hyphen,6384,val
007-0215-000.jpg,0,hyphen,6385,test
007-0216-000.jpg,0,hyphen,6386,train
007-0217-000.jpg,0,hyphen,6387,val
007-0218-000.jpg,0,hyphen,6388,train
007-0219-000.jpg,0,hyphen,6389,train
007-0220-000.jpg,0,hyphen,6390,train
007-0221-000.jpg,0,hyphen,6391,train
007-0222-000.jpg,0,hyphen,6392,train
007-0223-000.jpg,0,hyphen,6393,test
007-0224-000.jpg,0,hyphen,6394,train
007-0225-000.jpg,0,hyphen,6395,train
007-0226-000.jpg,0,hyphen,6396,train
007-0227-000.jpg,0,hyphen,6397,val
007-0229-000.jpg,0,hyphen,6398,train
007-0230-000.jpg,0,hyphen,6399,test
007-0231-000.jpg,0,hyphen,6400,train
007-0232-000.jpg,0,hyphen,6401,train
007-0233-000.jpg,0,hyphen,6402,train
007-0234-000.jpg,0,hyphen,6403,val
007-0235-000.jpg,0,hyphen,6404,train
007-0236-000.jpg,0,hyphen,6405,train
007-0237-000.jpg,0,hyphen,6406,test
007-0238-000.jpg,0,hyphen,6407,train
007-0239-000.jpg,0,hyphen,6408,train
007-0240-000.jpg,0,hyphen,6409,train
007-0241-000.jpg,0,hyphen,6410,train
007-0242-000.jpg,0,hyphen,6411,train
007-0243-000.jpg,0,hyphen,6412,val
007-0244-000.jpg,0,hyphen,6413,test
007-0245-000.jpg,0,hyphen,6414,train
007-0246-000.jpg,0,hyphen,6415,train
007-0248-000.jpg,0,hyphen,6416,val
007-0250-000.jpg,0,hyphen,6417,train
007-0251-000.jpg,0,hyphen,6418,train
007-0252-000.jpg,0,hyphen,6419,test
007-0253-000.jpg,0,hyphen,6420,train
007-0254-000.jpg,0,hyphen,6421,train
007-0255-000.jpg,0,hyphen,6422,train
007-0256-000.jpg,0,hyphen,6423,train
007-0257-000.jpg,0,hyphen,6424,train
007-0258-000.jpg,0,hyphen,6425,val
007-0259-000.jpg,0,hyphen,6426,test
007-0260-000.jpg,0,hyphen,6427,train
007-0261-000.jpg,0,hyphen,6428,train
007-0262-000.jpg,0,hyphen,6429,train
007-0263-000.jpg,0,hyphen,6430,train
007-0264-000.jpg,0,hyphen,6431,val
007-0265-000.jpg,0,hyphen,6432,train
007-0266-000.jpg,0,hyphen,6433,train
007-0267-000.jpg,0,hyphen,6434,train
007-0268-000.jpg,0,hyphen,6435,test
007-0269-000.jpg,0,hyphen,6436,train
007-0270-000.jpg,0,hyphen,6437,train
007-0271-000.jpg,0,hyphen,6438,train
007-0272-000.jpg,0,hyphen,6439,test
007-0273-000.jpg,0,hyphen,6440,train
007-0275-000.jpg,0,hyphen,6441,train
007-0276-000.jpg,0,hyphen,6442,train
007-0277-000.jpg,0,hyphen,6443,train
007-0278-000.jpg,0,hyphen,6444,train
007-0279-000.jpg,0,hyphen,6445,val
007-0280-000.jpg,0,hyphen,6446,train
007-0281-000.jpg,0,hyphen,6447,train
007-0282-000.jpg,0,hyphen,6448,test
007-0283-000.jpg,0,hyphen,6449,val
007-0284-000.jpg,0,hyphen,6450,train
007-0285-000.jpg,0,hyphen,6451,val
007-0286-000.jpg,0,hyphen,6452,train
007-0287-000.jpg,0,hyphen,6453,train
007-0288-000.jpg,0,hyphen,6454,test
007-0289-000.jpg,0,hyphen,6455,train
007-0290-000.jpg,0,hyphen,6456,train
007-0292-000.jpg,0,hyphen,6457,train
007-0293-000.jpg,0,hyphen,6458,test
007-0294-000.jpg,0,hyphen,6459,train
007-0295-000.jpg,0,hyphen,6460,train
007-0296-000.jpg,0,hyphen,6461,train
007-0297-000.jpg,0,hyphen,6462,train
007-0298-000.jpg,0,hyphen,6463,test
007-0299-000.jpg,0,hyphen,6464,val
007-0300-000.jpg,0,hyphen,6465,train
007-0301-000.jpg,0,hyphen,6466,train
007-0302-000.jpg,0,hyphen,6467,train
007-0303-000.jpg,0,hyphen,6468,train
007-0304-000.jpg,0,hyphen,6469,val
007-0305-000.jpg,0,hyphen,6470,train
007-0306-000.jpg,0,hyphen,6471,train
007-0307-000.jpg,0,hyphen,6472,train
007-0308-000.jpg,0,hyphen,6473,train
007-0309-000.jpg,0,hyphen,6474,train
007-0310-000.jpg,0,hyphen,6475,val
007-0311-000.jpg,0,hyphen,6476,test
007-0312-000.jpg,0,hyphen,6477,test
007-0314-000.jpg,0,hyphen,6478,train
007-0315-000.jpg,0,hyphen,6479,train
007-0316-000.jpg,0,hyphen,6480,train
007-0317-000.jpg,0,hyphen,6481,val
007-0318-000.jpg,0,hyphen,6482,train
007-0319-000.jpg,0,hyphen,6483,train
007-0320-000.jpg,0,hyphen,6484,val
007-0321-000.jpg,0,hyphen,6485,train
007-0323-000.jpg,0,hyphen,6486,train
007-0324-000.jpg,0,hyphen,6487,train
007-0325-000.jpg,0,hyphen,6488,train
007-0326-000.jpg,0,hyphen,6489,test
007-0327-000.jpg,0,hyphen,6490,train
007-0328-000.jpg,0,hyphen,6491,val
007-0329-000.jpg,0,hyphen,6492,train
007-0330-000.jpg,0,hyphen,6493,train
007-0331-000.jpg,0,hyphen,6494,train
007-0332-000.jpg,0,hyphen,6495,train
007-0333-000.jpg,0,hyphen,6496,test
007-0334-000.jpg,0,hyphen,6497,train
007-0335-000.jpg,0,hyphen,6498,train
007-0336-000.jpg,0,hyphen,6499,train
007-0337-000.jpg,0,hyphen,6500,train
007-0339-000.jpg,0,hyphen,6501,train
007-0340-000.jpg,0,hyphen,6502,val
007-0341-000.jpg,0,hyphen,6503,train
007-0342-000.jpg,0,hyphen,6504,train
007-0343-000.jpg,0,hyphen,6505,test
007-0344-000.jpg,0,hyphen,6506,train
007-0345-000.jpg,0,hyphen,6507,train
007-0346-000.jpg,0,hyphen,6508,val
007-0348-000.jpg,0,hyphen,6509,test
007-0349-000.jpg,0,hyphen,6510,train
007-0350-000.jpg,0,hyphen,6511,train
007-0351-000.jpg,0,hyphen,6512,train
007-0352-000.jpg,0,hyphen,6513,train
007-0353-000.jpg,0,hyphen,6514,train
007-0355-000.jpg,0,hyphen,6515,train
007-0356-000.jpg,0,hyphen,6516,val
007-0357-000.jpg,0,hyphen,6517,test
007-0358-000.jpg,0,hyphen,6518,train
007-0359-000.jpg,0,hyphen,6519,train
007-0360-000.jpg,0,hyphen,6520,train
007-0361-000.jpg,0,hyphen,6521,train
007-0362-000.jpg,0,hyphen,6522,train
007-0363-000.jpg,0,hyphen,6523,val
007-0364-000.jpg,0,hyphen,6524,test
007-0365-000.jpg,0,hyphen,6525,train
007-0366-000.jpg,0,hyphen,6526,train
007-0367-000.jpg,0,hyphen,6527,train
007-0368-000.jpg,0,hyphen,6528,train
007-0369-000.jpg,0,hyphen,6529,train
007-0370-000.jpg,0,hyphen,6530,train
007-0371-000.jpg,0,hyphen,6531,val
007-0372-000.jpg,0,hyphen,6532,train
007-0373-000.jpg,0,hyphen,6533,test
007-0374-000.jpg,0,hyphen,6534,train
007-0375-000.jpg,0,hyphen,6535,train
007-0376-000.jpg,0,hyphen,6536,val
007-0378-000.jpg,0,hyphen,6537,test
007-0379-000.jpg,0,hyphen,6538,train
007-0380-000.jpg,0,hyphen,6539,train
007-0381-000.jpg,0,hyphen,6540,train
007-0382-000.jpg,0,hyphen,6541,train
007-0383-000.jpg,0,hyphen,6542,train
007-0384-000.jpg,0,hyphen,6543,train
007-0385-000.jpg,0,hyphen,6544,train
007-0386-000.jpg,0,hyphen,6545,val
007-0387-000.jpg,0,hyphen,6546,train
007-0388-000.jpg,0,hyphen,6547,train
007-0389-000.jpg,0,hyphen,6548,train
007-0390-000.jpg,0,hyphen,6549,test
007-0391-000.jpg,0,hyphen,6550,train
007-0392-000.jpg,0,hyphen,6551,train
007-0393-000.jpg,0,hyphen,6552,train
007-0394-000.jpg,0,hyphen,6553,val
007-0395-000.jpg,0,hyphen,6554,test
007-0396-000.jpg,0,hyphen,6555,train
007-0397-000.jpg,0,hyphen,6556,train
007-0398-000.jpg,0,hyphen,6557,train
007-0399-000.jpg,0,hyphen,6558,train
007-0400-000.jpg,0,hyphen,6559,test
007-0401-000.jpg,0,hyphen,6560,train
007-0402-000.jpg,0,hyphen,6561,train
007-0403-000.jpg,0,hyphen,6562,val
007-0404-000.jpg,0,hyphen,6563,val
007-0405-000.jpg,0,hyphen,6564,train
007-0406-000.jpg,0,hyphen,6565,test
007-0407-000.jpg,0,hyphen,6566,train
007-0408-000.jpg,0,hyphen,6567,train
007-0409-000.jpg,0,hyphen,6568,train
007-0410-000.jpg,0,hyphen,6569,train
007-0411-000.jpg,0,hyphen,6570,test
007-0412-000.jpg,0,hyphen,6571,train
007-0413-000.jpg,0,hyphen,6572,train
007-0414-000.jpg,0,hyphen,6573,train
007-0415-000.jpg,0,hyphen,6574,val
007-0416-000.jpg,0,hyphen,6575,train
007-0417-000.jpg,0,hyphen,6576,test
007-0418-000.jpg,0,hyphen,6577,train
007-0419-000.jpg,0,hyphen,6578,train
007-0420-000.jpg,0,hyphen,6579,train
007-0421-000.jpg,0,hyphen,6580,train
007-0422-000.jpg,0,hyphen,6581,train
007-0423-000.jpg,0,hyphen,6582,train
007-0424-000.jpg,0,hyphen,6583,test
007-0425-000.jpg,0,hyphen,6584,val
007-0427-000.jpg,0,hyphen,6585,train
007-0428-000.jpg,0,hyphen,6586,train
007-0430-000.jpg,0,hyphen,6587,train
007-0431-000.jpg,0,hyphen,6588,train
007-0432-000.jpg,0,hyphen,6589,val
007-0433-000.jpg,0,hyphen,6590,train
007-0434-000.jpg,0,hyphen,6591,test
007-0435-000.jpg,0,hyphen,6592,test
007-0436-000.jpg,0,hyphen,6593,train
007-0437-000.jpg,0,hyphen,6594,train
007-0440-000.jpg,0,hyphen,6595,train
007-0442-000.jpg,0,hyphen,6596,val
007-0443-000.jpg,0,hyphen,6597,test
007-0444-000.jpg,0,hyphen,6598,train
007-0445-000.jpg,0,hyphen,6599,train
007-0446-000.jpg,0,hyphen,6599,train
007-0447-000.jpg,0,hyphen,6600,train
007-0448-000.jpg,0,hyphen,6600,train
007-0449-000.jpg,0,hyphen,6601,train
007-0450-000.jpg,0,hyphen,500,val
007-0452-000.jpg,0,hyphen,6602,train
007-0453-000.jpg,0,hyphen,501,train
007-0454-000.jpg,0,hyphen,6603,train
007-0455-000.jpg,0,hyphen,6604,val
007-0456-000.jpg,0,hyphen,496,train
007-0457-000.jpg,0,hyphen,6605,train
007-0458-000.jpg,0,hyphen,497,test
007-0459-000.jpg,0,hyphen,6606,train
007-0460-000.jpg,0,hyphen,503,test
007-0461-000.jpg,0,hyphen,6607,test
007-0462-000.jpg,0,hyphen,6608,train
007-0464-000.jpg,0,hyphen,6609,train
007-0465-000.jpg,0,hyphen,6610,train
007-0466-000.jpg,0,hyphen,6611,val
007-0467-000.jpg,0,hyphen,6612,train
007-0468-000.jpg,0,hyphen,6613,train
007-0469-000.jpg,0,hyphen,6614,test
007-0470-000.jpg,0,hyphen,6615,train
007-0471-000.jpg,0,hyphen,6616,train
007-0472-000.jpg,0,hyphen,6617,val
007-0473-000.jpg,0,hyphen,6618,train
007-0474-000.jpg,0,hyphen,6619,train
007-0475-000.jpg,0,hyphen,6620,test
007-0476-000.jpg,0,hyphen,6621,train
007-0477-000.jpg,0,hyphen,6622,train
007-0478-000.jpg,0,hyphen,6623,val
007-0479-000.jpg,0,hyphen,6624,train
007-0480-000.jpg,0,hyphen,6625,train
007-0481-000.jpg,0,hyphen,6626,test
007-0482-000.jpg,0,hyphen,6627,train
007-0483-000.jpg,0,hyphen,6628,train
007-0484-000.jpg,0,hyphen,6629,train
007-0485-000.jpg,0,hyphen,6630,train
007-0486-000.jpg,0,hyphen,6631,train
007-0487-000.jpg,0,hyphen,6632,train
007-0488-000.jpg,0,hyphen,6633,train
007-0489-000.jpg,0,hyphen,6634,val
007-0490-000.jpg,0,hyphen,6635,test
007-0491-000.jpg,0,hyphen,6636,train
007-0492-000.jpg,0,hyphen,6637,train
007-0493-000.jpg,0,hyphen,6638,val
007-0494-000.jpg,0,hyphen,6639,train
007-0495-000.jpg,0,hyphen,6640,train
007-0496-000.jpg,0,hyphen,6641,test
007-0497-000.jpg,0,hyphen,6642,train
007-0498-000.jpg,0,hyphen,6643,train
007-0499-000.jpg,0,hyphen,6644,train
007-0500-000.jpg,0,hyphen,6645,val
007-0501-000.jpg,0,hyphen,6646,train
007-0502-000.jpg,0,hyphen,6647,test
007-0503-000.jpg,0,hyphen,6648,train
007-0504-000.jpg,0,hyphen,6649,train
007-0505-000.jpg,0,hyphen,6650,train
007-0506-000.jpg,0,hyphen,6651,train
007-0507-000.jpg,0,hyphen,6652,train
007-0508-000.jpg,0,hyphen,6653,val
007-0509-000.jpg,0,hyphen,6654,train
007-0510-000.jpg,0,hyphen,6655,train
007-0512-000.jpg,0,hyphen,6656,test
007-0513-000.jpg,0,hyphen,6657,train
007-0514-000.jpg,0,hyphen,6658,train
007-0516-000.jpg,0,hyphen,6659,train
007-0517-000.jpg,0,hyphen,6660,val
007-0518-000.jpg,0,hyphen,6661,train
007-0519-000.jpg,0,hyphen,6662,train
007-0520-000.jpg,0,hyphen,6663,test
007-0521-000.jpg,0,hyphen,6664,train
007-0522-000.jpg,0,hyphen,6665,test
007-0523-000.jpg,0,hyphen,6666,val
007-0524-000.jpg,0,hyphen,6667,train
007-0525-000.jpg,0,hyphen,6668,train
007-0526-000.jpg,0,hyphen,6669,train
007-0527-000.jpg,0,hyphen,6670,val
007-0528-000.jpg,0,hyphen,6671,train
007-0529-000.jpg,0,hyphen,6672,train
007-0530-000.jpg,0,hyphen,6673,train
007-0531-000.jpg,0,hyphen,6674,train
007-0532-000.jpg,0,hyphen,6675,train
007-0533-000.jpg,0,hyphen,6676,test
007-0534-000.jpg,0,hyphen,6677,train
007-0535-000.jpg,0,hyphen,6678,train
007-0536-000.jpg,0,hyphen,6679,train
007-0537-000.jpg,0,hyphen,6680,train
007-0539-000.jpg,0,hyphen,6681,train
007-0541-000.jpg,0,hyphen,6682,val
007-0543-000.jpg,0,hyphen,6683,test
007-0544-000.jpg,0,hyphen,6684,train
007-0545-000.jpg,0,hyphen,6685,train
007-0546-000.jpg,0,hyphen,6686,train
007-0548-000.jpg,0,hyphen,6687,train
007-0549-000.jpg,0,hyphen,6688,val
007-0550-000.jpg,0,hyphen,6689,train
007-0551-000.jpg,0,hyphen,6690,train
007-0552-000.jpg,0,hyphen,6691,train
007-0553-000.jpg,0,hyphen,6692,train
007-0556-000.jpg,0,hyphen,6693,train
007-0557-000.jpg,0,hyphen,6694,test
007-0558-000.jpg,0,hyphen,6695,val
007-0559-000.jpg,0,hyphen,6696,train
007-0560-000.jpg,0,hyphen,6697,train
007-0561-000.jpg,0,hyphen,6698,train
007-0562-000.jpg,0,hyphen,6699,train
007-0564-000.jpg,0,hyphen,6700,train
007-0565-000.jpg,0,hyphen,6701,train
007-0566-000.jpg,0,hyphen,6702,test
007-0567-000.jpg,0,hyphen,6703,train
007-0568-000.jpg,0,hyphen,6704,val
007-0569-000.jpg,0,hyphen,6705,train
007-0570-000.jpg,0,hyphen,6706,test
007-0571-000.jpg,0,hyphen,6707,train
007-0572-000.jpg,0,hyphen,6708,train
007-0573-000.jpg,0,hyphen,6709,train
007-0575-000.jpg,0,hyphen,6710,val
007-0576-000.jpg,0,hyphen,6711,test
007-0577-000.jpg,0,hyphen,6712,train
007-0579-000.jpg,0,hyphen,6713,train
007-0580-000.jpg,0,hyphen,6714,train
007-0581-000.jpg,0,hyphen,6715,train
007-0582-000.jpg,0,hyphen,6716,val
007-0583-000.jpg,0,hyphen,6717,train
007-0584-000.jpg,0,hyphen,6718,train
007-0585-000.jpg,0,hyphen,6719,train
007-0586-000.jpg,0,hyphen,6720,train
007-0587-000.jpg,0,hyphen,6721,test
007-0588-000.jpg,0,hyphen,6722,train
007-0590-000.jpg,0,hyphen,6723,test
007-0591-000.jpg,0,hyphen,6724,train
007-0592-000.jpg,0,hyphen,6725,train
007-0593-000.jpg,0,hyphen,6726,val
007-0594-000.jpg,0,hyphen,6727,train
007-0595-000.jpg,0,hyphen,6728,train
007-0596-000.jpg,0,hyphen,6729,val
007-0597-000.jpg,0,hyphen,6730,train
007-0598-000.jpg,0,hyphen,6731,train
007-0599-000.jpg,0,hyphen,6732,test
007-0600-000.jpg,0,hyphen,6733,train
007-0601-000.jpg,0,hyphen,6734,train
007-0602-000.jpg,0,hyphen,6735,train
007-0603-000.jpg,0,hyphen,6736,train
007-0604-000.jpg,0,hyphen,6737,val
007-0605-000.jpg,0,hyphen,6738,train
007-0607-000.jpg,0,hyphen,6739,test
007-0608-000.jpg,0,hyphen,6740,train
007-0609-000.jpg,0,hyphen,6741,train
007-0611-000.jpg,0,hyphen,6742,train
007-0612-000.jpg,0,hyphen,6743,train
007-0613-000.jpg,0,hyphen,6744,train
007-0614-000.jpg,0,hyphen,6745,val
007-0615-000.jpg,0,hyphen,6746,train
007-0616-000.jpg,0,hyphen,6747,test
007-0617-000.jpg,0,hyphen,6748,test
007-0618-000.jpg,0,hyphen,6749,train
007-0619-000.jpg,0,hyphen,6750,train
007-0620-000.jpg,0,hyphen,6751,val
007-0621-000.jpg,0,hyphen,6752,train
007-0622-000.jpg,0,hyphen,6753,train
007-0623-000.jpg,0,hyphen,6754,train
007-0624-000.jpg,0,hyphen,6755,val
007-0625-000.jpg,0,hyphen,6756,train
007-0626-000.jpg,0,hyphen,6757,train
007-0627-000.jpg,0,hyphen,6758,train
007-0628-000.jpg,0,hyphen,6759,train
007-0630-000.jpg,0,hyphen,6760,test
007-0631-000.jpg,0,hyphen,6761,train
007-0632-000.jpg,0,hyphen,6762,train
007-0633-000.jpg,0,hyphen,6763,val
007-0634-000.jpg,0,hyphen,6764,train
007-0635-000.jpg,0,hyphen,6765,train
007-0636-000.jpg,0,hyphen,6766,train
007-0637-000.jpg,0,hyphen,6767,train
007-0638-000.jpg,0,hyphen,6768,test
007-0640-000.jpg,0,hyphen,6769,train
007-0641-000.jpg,0,hyphen,6770,train
007-0642-000.jpg,0,hyphen,6771,val
007-0643-000.jpg,0,hyphen,6772,train
007-0644-000.jpg,0,hyphen,6773,val
007-0645-000.jpg,0,hyphen,6774,train
007-0646-000.jpg,0,hyphen,6775,train
007-0647-000.jpg,0,hyphen,6776,test
007-0648-000.jpg,0,hyphen,6777,train
007-0649-000.jpg,0,hyphen,6778,train
007-0650-000.jpg,0,hyphen,6779,train
007-0652-000.jpg,0,hyphen,6780,test
007-0653-000.jpg,0,hyphen,6781,train
007-0654-000.jpg,0,hyphen,6782,train
007-0655-000.jpg,0,hyphen,6783,train
007-0656-000.jpg,0,hyphen,6784,val
007-0658-000.jpg,0,hyphen,6785,train
007-0659-000.jpg,0,hyphen,6786,train
007-0660-000.jpg,0,hyphen,6787,train
007-0661-000.jpg,0,hyphen,6788,train
007-0663-000.jpg,0,hyphen,6789,train
007-0665-000.jpg,0,hyphen,6790,test
007-0666-000.jpg,0,hyphen,6791,val
007-0667-000.jpg,0,hyphen,6792,train
007-0668-000.jpg,0,hyphen,6793,train
007-0669-000.jpg,0,hyphen,6794,train
007-0670-000.jpg,0,hyphen,6795,train
007-0671-000.jpg,0,hyphen,6796,train
007-0672-000.jpg,0,hyphen,6797,val
007-0673-000.jpg,0,hyphen,6798,test
007-0674-000.jpg,0,hyphen,6799,train
007-0675-000.jpg,0,hyphen,6800,train
007-0676-000.jpg,0,hyphen,6801,train
007-0678-000.jpg,0,hyphen,6802,train
007-0679-000.jpg,0,hyphen,6803,train
007-0681-000.jpg,0,hyphen,6804,test
007-0682-000.jpg,0,hyphen,6805,train
007-0683-000.jpg,0,hyphen,6806,train
007-0684-000.jpg,0,hyphen,6807,val
007-0685-000.jpg,0,hyphen,6808,train
007-0686-000.jpg,0,hyphen,6809,train
007-0687-000.jpg,0,hyphen,6810,train
007-0688-000.jpg,0,hyphen,6811,test
007-0689-000.jpg,0,hyphen,6812,train
007-0690-000.jpg,0,hyphen,6813,val
007-0691-000.jpg,0,hyphen,6814,train
007-0692-000.jpg,0,hyphen,6815,train
007-0694-000.jpg,0,hyphen,6816,test
007-0695-000.jpg,0,hyphen,6817,train
007-0696-000.jpg,0,hyphen,6818,train
007-0697-000.jpg,0,hyphen,6819,val
007-0698-000.jpg,0,hyphen,6820,train
007-0700-000.jpg,0,hyphen,6821,train
007-0701-000.jpg,0,hyphen,6822,train
007-0702-000.jpg,0,hyphen,4191,train
007-0703-000.jpg,0,hyphen,6823,train
007-0704-000.jpg,0,hyphen,6824,test
007-0707-000.jpg,0,hyphen,6825,train
007-0710-000.jpg,0,hyphen,6826,test
007-0711-000.jpg,0,hyphen,6827,train
007-0712-000.jpg,0,hyphen,6828,train
007-0715-000.jpg,0,hyphen,6829,val
007-0716-000.jpg,0,hyphen,6830,train
007-0718-000.jpg,0,hyphen,6831,train
007-0719-000.jpg,0,hyphen,6832,train
007-0720-000.jpg,0,hyphen,6833,train
007-0721-000.jpg,0,hyphen,6834,test
007-0722-000.jpg,0,hyphen,6835,train
007-0723-000.jpg,0,hyphen,6836,val
007-0724-000.jpg,0,hyphen,6837,train
007-0726-000.jpg,0,hyphen,6838,train
007-0728-000.jpg,0,hyphen,6839,train
007-0729-000.jpg,0,hyphen,6840,train
007-0731-000.jpg,0,hyphen,6841,val
007-0732-000.jpg,0,hyphen,6842,train
007-0733-000.jpg,0,hyphen,6843,train
007-0734-000.jpg,0,hyphen,6844,train
007-0735-000.jpg,0,hyphen,6845,test
007-0736-000.jpg,0,hyphen,6846,train
007-0737-000.jpg,0,hyphen,6847,val
007-0738-000.jpg,0,hyphen,6848,train
007-0739-000.jpg,0,hyphen,6849,train
007-0740-000.jpg,0,hyphen,6850,train
007-0741-000.jpg,0,hyphen,6851,test
007-0747-000.jpg,0,hyphen,6852,train
007-0748-000.jpg,0,hyphen,6853,train
007-0749-000.jpg,0,hyphen,6854,train
007-0750-000.jpg,0,hyphen,6855,val
007-0751-000.jpg,0,hyphen,6856,train
007-0752-000.jpg,0,hyphen,6857,train
007-0757-000.jpg,0,hyphen,6858,train
007-0758-000.jpg,0,hyphen,6859,test
007-0759-000.jpg,0,hyphen,6860,train
007-0760-000.jpg,0,hyphen,6861,train
007-0761-000.jpg,0,hyphen,6862,train
007-0762-000.jpg,0,hyphen,6863,train
007-0763-000.jpg,0,hyphen,6864,val
007-0764-000.jpg,0,hyphen,6865,train
007-0765-000.jpg,0,hyphen,6866,test
007-0766-000.jpg,0,hyphen,6867,train
007-0767-000.jpg,0,hyphen,6868,train
007-0768-000.jpg,0,hyphen,6869,train
007-0769-000.jpg,0,hyphen,6870,train
007-0770-000.jpg,0,hyphen,6871,val
007-0771-000.jpg,0,hyphen,6872,train
007-0772-000.jpg,0,hyphen,6873,test
007-0773-000.jpg,0,hyphen,6874,train
007-0774-000.jpg,0,hyphen,6875,train
007-0775-000.jpg,0,hyphen,6876,val
007-0776-000.jpg,0,hyphen,6877,train
007-0777-000.jpg,0,hyphen,6878,train
007-0778-000.jpg,0,hyphen,6879,train
007-0779-000.jpg,0,hyphen,6880,test
007-0780-000.jpg,0,hyphen,6881,train
007-0781-000.jpg,0,hyphen,6882,val
007-0782-000.jpg,0,hyphen,6883,train
007-0783-000.jpg,0,hyphen,6884,train
007-0784-000.jpg,0,hyphen,6885,test
007-0785-000.jpg,0,hyphen,6886,train
007-0786-000.jpg,0,hyphen,6887,train
007-0787-000.jpg,0,hyphen,6888,train
007-0788-000.jpg,0,hyphen,6889,train
007-0790-000.jpg,0,hyphen,6890,train
007-0791-000.jpg,0,hyphen,6891,val
007-0792-000.jpg,0,hyphen,6892,train
007-0793-000.jpg,0,hyphen,6893,train
007-0795-000.jpg,0,hyphen,6894,test
007-0796-000.jpg,0,hyphen,6895,train
007-0797-000.jpg,0,hyphen,6896,train
007-0798-000.jpg,0,hyphen,6897,train
007-0799-000.jpg,0,hyphen,6898,val
007-0800-000.jpg,0,hyphen,6899,test
007-0801-000.jpg,0,hyphen,6900,train
007-0802-000.jpg,0,hyphen,6901,train
007-0803-000.jpg,0,hyphen,6902,train
007-0804-000.jpg,0,hyphen,6903,train
007-0805-000.jpg,0,hyphen,6904,train
007-0806-000.jpg,0,hyphen,6905,test
007-0807-000.jpg,0,hyphen,6906,val
007-0808-000.jpg,0,hyphen,6907,train
007-0809-000.jpg,0,hyphen,6908,train
007-0810-000.jpg,0,hyphen,6909,train
007-0811-000.jpg,0,hyphen,6910,train
007-0812-000.jpg,0,hyphen,6911,train
007-0813-000.jpg,0,hyphen,6912,val
007-0814-000.jpg,0,hyphen,6913,train
007-0815-000.jpg,0,hyphen,6914,train
007-0816-000.jpg,0,hyphen,6915,train
007-0817-000.jpg,0,hyphen,6916,train
007-0818-000.jpg,0,hyphen,6917,test
007-0819-000.jpg,0,hyphen,6918,train
007-0821-000.jpg,0,hyphen,6919,train
007-0822-000.jpg,0,hyphen,6920,train
007-0823-000.jpg,0,hyphen,6921,train
007-0824-000.jpg,0,hyphen,6922,val
007-0825-000.jpg,0,hyphen,6923,train
007-0826-000.jpg,0,hyphen,6924,test
007-0827-000.jpg,0,hyphen,6925,train
007-0828-000.jpg,0,hyphen,6926,val
007-0829-000.jpg,0,hyphen,6927,train
007-0830-000.jpg,0,hyphen,6928,train
007-0831-000.jpg,0,hyphen,6929,train
007-0832-000.jpg,0,hyphen,6930,train
007-0833-000.jpg,0,hyphen,6931,train
007-0834-000.jpg,0,hyphen,6932,test
007-0836-000.jpg,0,hyphen,6933,train
007-0837-000.jpg,0,hyphen,6934,train
007-0838-000.jpg,0,hyphen,6935,val
007-0839-000.jpg,0,hyphen,6936,test
007-0840-000.jpg,0,hyphen,6937,train
007-0841-000.jpg,0,hyphen,6938,train
007-0842-000.jpg,0,hyphen,6939,train
007-0843-000.jpg,0,hyphen,6940,train
007-0844-000.jpg,0,hyphen,6941,train
007-0845-000.jpg,0,hyphen,6942,train
007-0846-000.jpg,0,hyphen,6943,test
007-0847-000.jpg,0,hyphen,6944,val
007-0850-000.jpg,0,hyphen,6945,train
007-0852-000.jpg,0,hyphen,6946,train
007-0853-000.jpg,0,hyphen,6947,train
007-0854-000.jpg,0,hyphen,6948,train
007-0855-000.jpg,0,hyphen,6949,val
007-0856-000.jpg,0,hyphen,6950,test
007-0857-000.jpg,0,hyphen,6951,train
007-0858-000.jpg,0,hyphen,6952,test
007-0859-000.jpg,0,hyphen,6953,train
007-0860-000.jpg,0,hyphen,6954,train
007-0861-000.jpg,0,hyphen,6955,val
007-0862-000.jpg,0,hyphen,6956,train
007-0863-000.jpg,0,hyphen,6957,train
007-0864-000.jpg,0,hyphen,6958,train
007-0865-000.jpg,0,hyphen,6959,train
007-0866-000.jpg,0,hyphen,6960,train
007-0867-000.jpg,0,hyphen,6961,val
007-0868-000.jpg,0,hyphen,6962,train
007-0869-000.jpg,0,hyphen,6963,train
007-0870-000.jpg,0,hyphen,6964,train
007-0871-000.jpg,0,hyphen,6965,train
007-0872-000.jpg,0,hyphen,6966,train
007-0873-000.jpg,0,hyphen,6967,test
007-0874-000.jpg,0,hyphen,6968,train
007-0875-000.jpg,0,hyphen,6969,val
007-0876-000.jpg,0,hyphen,6970,train
007-0877-000.jpg,0,hyphen,6971,train
007-0878-000.jpg,0,hyphen,6972,test
007-0879-000.jpg,0,hyphen,6973,train
007-0880-000.jpg,0,hyphen,6974,train
007-0881-000.jpg,0,hyphen,6975,val
007-0882-000.jpg,0,hyphen,6976,train
007-0885-000.jpg,0,hyphen,6977,train
007-0886-000.jpg,0,hyphen,6978,train
007-0887-000.jpg,0,hyphen,6979,test
007-0888-000.jpg,0,hyphen,6980,train
007-0889-000.jpg,0,hyphen,6981,train
007-0890-000.jpg,0,hyphen,6982,val
007-0891-000.jpg,0,hyphen,6983,train
007-0892-000.jpg,0,hyphen,6984,train
007-0893-000.jpg,0,hyphen,6985,train
007-0894-000.jpg,0,hyphen,6986,test
007-0895-000.jpg,0,hyphen,6987,train
007-0896-000.jpg,0,hyphen,6988,train
007-0897-000.jpg,0,hyphen,6989,train
007-0898-000.jpg,0,hyphen,6990,val
007-0899-000.jpg,0,hyphen,6991,train
007-0900-000.jpg,0,hyphen,6992,train
007-0902-000.jpg,0,hyphen,6993,test
007-0903-000.jpg,0,hyphen,6994,train
007-0904-000.jpg,0,hyphen,6995,train
007-0905-000.jpg,0,hyphen,6996,val
007-0908-000.jpg,0,hyphen,6997,train
007-0916-000.jpg,0,hyphen,6998,train
007-0918-000.jpg,0,hyphen,6999,train
007-0919-000.jpg,0,hyphen,7000,test
007-0920-000.jpg,0,hyphen,7001,train
007-0921-000.jpg,0,hyphen,7002,train
007-0922-000.jpg,0,hyphen,7003,val
007-0923-000.jpg,0,hyphen,7004,train
007-0924-000.jpg,0,hyphen,7005,test
007-0925-000.jpg,0,hyphen,7006,train
007-0926-000.jpg,0,hyphen,7007,train
007-0927-000.jpg,0,hyphen,7008,train
007-0928-000.jpg,0,hyphen,7009,train
007-0929-000.jpg,0,hyphen,7010,val
007-0930-000.jpg,0,hyphen,7011,train
007-0931-000.jpg,0,hyphen,7012,train
007-0932-000.jpg,0,hyphen,7013,train
007-0933-000.jpg,0,hyphen,7014,test
007-0934-000.jpg,0,hyphen,7015,train
007-0935-000.jpg,0,hyphen,7016,val
007-0936-000.jpg,0,hyphen,7017,train
007-0937-000.jpg,0,hyphen,7018,train
007-0938-000.jpg,0,hyphen,7019,train
007-0939-000.jpg,0,hyphen,7020,test
007-0940-000.jpg,0,hyphen,7021,train
007-0941-000.jpg,0,hyphen,7022,train
007-0942-000.jpg,0,hyphen,7023,train
007-0943-000.jpg,0,hyphen,7024,train
007-0944-000.jpg,0,hyphen,7025,train
007-0945-000.jpg,0,hyphen,7026,val
007-0946-000.jpg,0,hyphen,7027,train
007-0947-000.jpg,0,hyphen,7028,test
007-0948-000.jpg,0,hyphen,7029,train
007-0949-000.jpg,0,hyphen,7030,train
007-0950-000.jpg,0,hyphen,7031,train
007-0951-000.jpg,0,hyphen,7032,val
007-0952-000.jpg,0,hyphen,7033,train
007-0953-000.jpg,0,hyphen,7034,test
007-0954-000.jpg,0,hyphen,7035,train
007-0955-000.jpg,0,hyphen,7036,train
007-0956-000.jpg,0,hyphen,7037,val
007-0957-000.jpg,0,hyphen,7038,train
007-0958-000.jpg,0,hyphen,7039,train
007-0959-000.jpg,0,hyphen,7040,train
007-0960-000.jpg,0,hyphen,7041,test
007-0961-000.jpg,0,hyphen,7042,train
007-0962-000.jpg,0,hyphen,7043,train
007-0963-000.jpg,0,hyphen,7044,train
007-0964-000.jpg,0,hyphen,7045,train
007-0965-000.jpg,0,hyphen,7046,val
007-0966-000.jpg,0,hyphen,7047,train
007-0967-000.jpg,0,hyphen,7048,train
007-0968-000.jpg,0,hyphen,7049,test
007-0969-000.jpg,0,hyphen,7050,train
007-0970-000.jpg,0,hyphen,7051,train
007-0971-000.jpg,0,hyphen,7052,val
007-0972-000.jpg,0,hyphen,7053,train
007-0973-000.jpg,0,hyphen,7054,test
007-0974-000.jpg,0,hyphen,7055,train
007-0975-000.jpg,0,hyphen,7056,train
007-0976-000.jpg,0,hyphen,7057,val
007-0977-000.jpg,0,hyphen,7058,train
007-0978-000.jpg,0,hyphen,7059,train
007-0979-000.jpg,0,hyphen,7060,train
007-0980-000.jpg,0,hyphen,7061,train
007-0981-000.jpg,0,hyphen,7062,train
007-0982-000.jpg,0,hyphen,7063,test
007-0983-000.jpg,0,hyphen,7064,train
007-0984-000.jpg,0,hyphen,7065,train
007-0985-000.jpg,0,hyphen,7066,train
007-0986-000.jpg,0,hyphen,7067,test
007-0988-000.jpg,0,hyphen,7068,val
007-0989-000.jpg,0,hyphen,7069,train
007-0990-000.jpg,0,hyphen,7070,train
007-0991-000.jpg,0,hyphen,7071,train
007-0992-000.jpg,0,hyphen,7072,train
007-0994-000.jpg,0,hyphen,7073,train
007-0995-000.jpg,0,hyphen,7074,train
007-0996-000.jpg,0,hyphen,7075,test
007-0997-000.jpg,0,hyphen,7076,val
007-0998-000.jpg,0,hyphen,7077,train
007-0999-000.jpg,0,hyphen,7078,train
007-1000-000.jpg,0,hyphen,7079,train
007-1001-000.jpg,0,hyphen,7080,val
007-1002-000.jpg,0,hyphen,7081,train
007-1004-000.jpg,0,hyphen,7082,train
007-1005-000.jpg,0,hyphen,7083,test
007-1006-000.jpg,0,hyphen,7084,train
007-1007-000.jpg,0,hyphen,7085,train
007-1008-000.jpg,0,hyphen,7086,train
007-1009-000.jpg,0,hyphen,7087,train
007-1010-000.jpg,0,hyphen,7088,train
007-1011-000.jpg,0,hyphen,7089,val
007-1012-000.jpg,0,hyphen,7090,train
007-1013-000.jpg,0,hyphen,7091,test
007-1014-000.jpg,0,hyphen,7092,train
007-1015-000.jpg,0,hyphen,7093,val
007-1016-000.jpg,0,hyphen,7094,train
007-1017-000.jpg,0,hyphen,7095,train
007-1018-000.jpg,0,hyphen,7096,test
007-1019-000.jpg,0,hyphen,7097,train
007-1021-000.jpg,0,hyphen,7098,train
007-1022-000.jpg,0,hyphen,7099,train
007-1023-000.jpg,0,hyphen,7100,train
007-1024-000.jpg,0,hyphen,7101,val
007-1025-000.jpg,0,hyphen,7102,train
007-1026-000.jpg,0,hyphen,7103,train
007-1027-000.jpg,0,hyphen,7104,train
007-1028-000.jpg,0,hyphen,7105,train
007-1029-000.jpg,0,hyphen,7106,test
007-1030-000.jpg,0,hyphen,7107,train
007-1031-000.jpg,0,hyphen,7108,val
007-1032-000.jpg,0,hyphen,7109,train
007-1033-000.jpg,0,hyphen,7110,test
007-1034-000.jpg,0,hyphen,7111,train
007-1035-000.jpg,0,hyphen,7112,train
007-1036-000.jpg,0,hyphen,7113,train
007-1037-000.jpg,0,hyphen,7114,train
007-1038-000.jpg,0,hyphen,7115,train
007-1039-000.jpg,0,hyphen,7116,train
007-1040-000.jpg,0,hyphen,7117,val
007-1041-000.jpg,0,hyphen,7118,test
007-1042-000.jpg,0,hyphen,7119,train
007-1043-000.jpg,0,hyphen,7120,train
007-1044-000.jpg,0,hyphen,7121,train
007-1045-000.jpg,0,hyphen,7122,val
007-1046-000.jpg,0,hyphen,7123,train
007-1048-000.jpg,0,hyphen,7124,train
007-1049-000.jpg,0,hyphen,7125,test
007-1050-000.jpg,0,hyphen,7126,train
007-1051-000.jpg,0,hyphen,7127,train
007-1052-000.jpg,0,hyphen,7128,train
007-1053-000.jpg,0,hyphen,7129,val
007-1055-000.jpg,0,hyphen,7130,train
007-1056-000.jpg,0,hyphen,7131,train
007-1057-000.jpg,0,hyphen,7132,test
007-1058-000.jpg,0,hyphen,7133,train
007-1059-000.jpg,0,hyphen,7134,train
007-1060-000.jpg,0,hyphen,7135,train
007-1061-000.jpg,0,hyphen,7136,val
007-1062-000.jpg,0,hyphen,7137,train
007-1063-000.jpg,0,hyphen,7138,train
007-1064-000.jpg,0,hyphen,7139,test
007-1066-000.jpg,0,hyphen,7140,train
007-1067-000.jpg,0,hyphen,7141,train
007-1068-000.jpg,0,hyphen,7142,val
007-1069-000.jpg,0,hyphen,7143,train
007-1070-000.jpg,0,hyphen,7144,test
007-1071-000.jpg,0,hyphen,7145,train
007-1072-000.jpg,0,hyphen,7146,train
007-1073-000.jpg,0,hyphen,7147,train
007-1074-000.jpg,0,hyphen,7148,val
007-1077-000.jpg,0,hyphen,7149,train
007-1078-000.jpg,0,hyphen,7150,test
007-1079-000.jpg,0,hyphen,7151,train
007-1080-000.jpg,0,hyphen,7152,train
007-1081-000.jpg,0,hyphen,7153,train
007-1082-000.jpg,0,hyphen,7154,train
007-1083-000.jpg,0,hyphen,7155,train
007-1084-000.jpg,0,hyphen,7156,train
007-1085-000.jpg,0,hyphen,7157,val
007-1088-000.jpg,0,hyphen,7158,train
007-1090-000.jpg,0,hyphen,7159,train
007-1091-000.jpg,0,hyphen,7160,test
007-1092-000.jpg,0,hyphen,7161,train
007-1094-000.jpg,0,hyphen,7162,train
007-1095-000.jpg,0,hyphen,7163,train
007-1096-000.jpg,0,hyphen,7164,test
007-1097-000.jpg,0,hyphen,7165,train
007-1098-000.jpg,0,hyphen,7166,val
007-1099-000.jpg,0,hyphen,7167,train
007-1100-000.jpg,0,hyphen,7168,train
007-1103-000.jpg,0,hyphen,7169,train
007-1104-000.jpg,0,hyphen,7170,train
007-1105-000.jpg,0,hyphen,7171,train
007-1106-000.jpg,0,hyphen,7172,val
007-1107-000.jpg,0,hyphen,7173,test
007-1108-000.jpg,0,hyphen,7174,train
007-1109-000.jpg,0,hyphen,7175,train
007-1110-000.jpg,0,hyphen,7176,train
007-1111-000.jpg,0,hyphen,7177,train
007-1112-000.jpg,0,hyphen,7178,val
007-1113-000.jpg,0,hyphen,7179,train
007-1115-000.jpg,0,hyphen,7180,train
007-1116-000.jpg,0,hyphen,7181,test
007-1117-000.jpg,0,hyphen,7182,train
007-1118-000.jpg,0,hyphen,7183,train
007-1119-000.jpg,0,hyphen,7184,train
007-1120-000.jpg,0,hyphen,7185,val
007-1121-000.jpg,0,hyphen,7186,train
007-1122-000.jpg,0,hyphen,7187,train
007-1123-000.jpg,0,hyphen,7188,test
007-1124-000.jpg,0,hyphen,7189,train
007-1125-000.jpg,0,hyphen,7190,train
007-1126-000.jpg,0,hyphen,7191,val
007-1127-000.jpg,0,hyphen,7192,train
007-1128-000.jpg,0,hyphen,7193,train
007-1129-000.jpg,0,hyphen,7194,train
007-1131-000.jpg,0,hyphen,7195,test
007-1132-000.jpg,0,hyphen,7196,train
007-1133-000.jpg,0,hyphen,7197,train
007-1134-000.jpg,0,hyphen,7198,train
007-1136-000.jpg,0,hyphen,7199,val
007-1137-000.jpg,0,hyphen,7200,train
007-1138-000.jpg,0,hyphen,7201,test
007-1139-000.jpg,0,hyphen,7202,train
007-1140-000.jpg,0,hyphen,7203,train
007-1142-000.jpg,0,hyphen,7204,train
007-1143-000.jpg,0,hyphen,7205,val
007-1144-000.jpg,0,hyphen,7206,train
007-1145-000.jpg,0,hyphen,7207,train
007-1146-000.jpg,0,hyphen,7208,train
007-1147-000.jpg,0,hyphen,7209,train
007-1148-000.jpg,0,hyphen,7210,test
007-1149-000.jpg,0,hyphen,7211,val
007-1150-000.jpg,0,hyphen,7212,train
007-1151-000.jpg,0,hyphen,7213,train
007-1152-000.jpg,0,hyphen,7214,train
007-1154-000.jpg,0,hyphen,7215,train
007-1155-000.jpg,0,hyphen,7216,train
007-1156-000.jpg,0,hyphen,7217,train
007-1157-000.jpg,0,hyphen,7218,test
007-1158-000.jpg,0,hyphen,7219,val
007-1159-000.jpg,0,hyphen,7220,train
007-1160-000.jpg,0,hyphen,7221,train
007-1161-000.jpg,0,hyphen,7222,train
007-1162-000.jpg,0,hyphen,7223,train
007-1163-000.jpg,0,hyphen,7224,train
007-1165-000.jpg,0,hyphen,7225,train
007-1166-000.jpg,0,hyphen,7226,val
007-1167-000.jpg,0,hyphen,7227,test
007-1168-000.jpg,0,hyphen,7228,train
007-1169-000.jpg,0,hyphen,7229,train
007-1170-000.jpg,0,hyphen,7230,train
007-1171-000.jpg,0,hyphen,7231,train
007-1172-000.jpg,0,hyphen,7232,test
007-1173-000.jpg,0,hyphen,7233,train
007-1174-000.jpg,0,hyphen,7234,val
007-1175-000.jpg,0,hyphen,7235,train
007-1176-000.jpg,0,hyphen,7236,train
007-1177-000.jpg,0,hyphen,7237,train
007-1178-000.jpg,0,hyphen,7238,train
007-1179-000.jpg,0,hyphen,7239,train
007-1180-000.jpg,0,hyphen,7240,test
007-1182-000.jpg,0,hyphen,7241,train
007-1183-000.jpg,0,hyphen,7242,val
007-1184-000.jpg,0,hyphen,7243,train
007-1186-000.jpg,0,hyphen,7244,train
007-1187-000.jpg,0,hyphen,7245,train
007-1189-000.jpg,0,hyphen,7246,val
007-1190-000.jpg,0,hyphen,7247,train
007-1191-000.jpg,0,hyphen,7248,train
007-1192-000.jpg,0,hyphen,7249,train
007-1193-000.jpg,0,hyphen,7250,test
007-1194-000.jpg,0,hyphen,7251,train
007-1195-000.jpg,0,hyphen,7252,train
007-1196-000.jpg,0,hyphen,7253,train
007-1197-000.jpg,0,hyphen,7254,val
007-1198-000.jpg,0,hyphen,7255,train
007-1199-000.jpg,0,hyphen,7256,train
007-1200-000.jpg,0,hyphen,7257,test
007-1201-000.jpg,0,hyphen,7258,train
007-1202-000.jpg,0,hyphen,7259,train
007-1203-000.jpg,0,hyphen,7260,train
007-1204-000.jpg,0,hyphen,7261,test
007-1205-000.jpg,0,hyphen,7262,train
007-1206-000.jpg,0,hyphen,7263,val
007-1207-000.jpg,0,hyphen,7264,train
007-1208-000.jpg,0,hyphen,7265,train
007-1209-000.jpg,0,hyphen,7266,test
007-1211-000.jpg,0,hyphen,7267,train
007-1212-000.jpg,0,hyphen,7268,train
007-1213-000.jpg,0,hyphen,7269,test
007-1214-000.jpg,0,hyphen,7270,train
007-1215-000.jpg,0,hyphen,7271,val
007-1216-000.jpg,0,hyphen,7272,train
007-1217-000.jpg,0,hyphen,7273,train
007-1218-000.jpg,0,hyphen,7274,train
007-1219-000.jpg,0,hyphen,7275,test
007-1220-000.jpg,0,hyphen,7276,train
007-1221-000.jpg,0,hyphen,7277,train
007-1222-000.jpg,0,hyphen,7278,train
007-1223-000.jpg,0,hyphen,7279,val
007-1224-000.jpg,0,hyphen,7280,train
007-1225-000.jpg,0,hyphen,7281,train
007-1226-000.jpg,0,hyphen,7282,train
007-1227-000.jpg,0,hyphen,7283,train
007-1228-000.jpg,0,hyphen,7284,test
007-1231-000.jpg,0,hyphen,7285,train
007-1232-000.jpg,0,hyphen,7286,train
007-1233-000.jpg,0,hyphen,7287,train
007-1234-000.jpg,0,hyphen,7288,val
007-1235-000.jpg,0,hyphen,7289,train
007-1236-000.jpg,0,hyphen,7290,train
007-1237-000.jpg,0,hyphen,7291,test
007-1238-000.jpg,0,hyphen,7292,train
007-1239-000.jpg,0,hyphen,7293,val
007-1240-000.jpg,0,hyphen,7294,train
007-1241-000.jpg,0,hyphen,7295,train
007-1242-000.jpg,0,hyphen,7296,test
007-1243-000.jpg,0,hyphen,7297,train
007-1244-000.jpg,0,hyphen,7298,train
007-1245-000.jpg,0,hyphen,7299,train
007-1246-000.jpg,0,hyphen,7300,val
007-1247-000.jpg,0,hyphen,7301,train
007-1248-000.jpg,0,hyphen,7302,train
007-1249-000.jpg,0,hyphen,7303,train
007-1250-000.jpg,0,hyphen,7304,train
007-1251-000.jpg,0,hyphen,7305,test
007-1252-000.jpg,0,hyphen,7306,train
007-1253-000.jpg,0,hyphen,7307,val
007-1254-000.jpg,0,hyphen,7308,train
007-1255-000.jpg,0,hyphen,7309,train
007-1256-000.jpg,0,hyphen,7310,train
007-1257-000.jpg,0,hyphen,7311,train
007-1258-000.jpg,0,hyphen,7312,train
007-1259-000.jpg,0,hyphen,7313,test
007-1260-000.jpg,0,hyphen,7314,train
007-1261-000.jpg,0,hyphen,7315,val
007-1262-000.jpg,0,hyphen,7316,train
007-1263-000.jpg,0,hyphen,7317,train
007-1264-000.jpg,0,hyphen,7318,test
007-1265-000.jpg,0,hyphen,7319,train
007-1266-000.jpg,0,hyphen,7320,train
007-1267-000.jpg,0,hyphen,7321,val
007-1268-000.jpg,0,hyphen,7322,train
007-1269-000.jpg,0,hyphen,7323,test
007-1272-000.jpg,0,hyphen,7324,train
007-1274-000.jpg,0,hyphen,7325,train
007-1275-000.jpg,0,hyphen,7326,train
007-1276-000.jpg,0,hyphen,7327,train
007-1277-000.jpg,0,hyphen,7328,train
007-1279-000.jpg,0,hyphen,7329,train
007-1280-000.jpg,0,hyphen,7330,train
007-1281-000.jpg,0,hyphen,7331,test
007-1282-000.jpg,0,hyphen,7332,val
007-1283-000.jpg,0,hyphen,7333,train
007-1284-000.jpg,0,hyphen,7334,train
007-1285-000.jpg,0,hyphen,7335,val
007-1286-000.jpg,0,hyphen,7336,train
007-1287-000.jpg,0,hyphen,7337,train
007-1288-000.jpg,0,hyphen,7338,train
007-1289-000.jpg,0,hyphen,7339,test
007-1290-000.jpg,0,hyphen,7340,train
007-1292-000.jpg,0,hyphen,7341,test
007-1293-000.jpg,0,hyphen,7342,train
007-1294-000.jpg,0,hyphen,7343,train
007-1295-000.jpg,0,hyphen,7344,train
007-1296-000.jpg,0,hyphen,7345,val
007-1298-000.jpg,0,hyphen,7346,train
007-1299-000.jpg,0,hyphen,7347,train
007-1300-000.jpg,0,hyphen,7348,train
007-1301-000.jpg,0,hyphen,7349,train
007-1302-000.jpg,0,hyphen,7350,train
007-1303-000.jpg,0,hyphen,7351,val
007-1304-000.jpg,0,hyphen,7352,train
007-1306-000.jpg,0,hyphen,7353,test
007-1307-000.jpg,0,hyphen,7354,train
007-1308-000.jpg,0,hyphen,7355,train
007-1310-000.jpg,0,hyphen,7356,train
007-1311-000.jpg,0,hyphen,7357,train
007-1312-000.jpg,0,hyphen,7358,val
007-1313-000.jpg,0,hyphen,7359,train
007-1314-000.jpg,0,hyphen,7360,val
007-1315-000.jpg,0,hyphen,7361,test
007-1316-000.jpg,0,hyphen,7362,train
007-1317-000.jpg,0,hyphen,7363,train
007-1318-000.jpg,0,hyphen,7364,train
007-1320-000.jpg,0,hyphen,7365,train
007-1322-000.jpg,0,hyphen,7366,test
007-1323-000.jpg,0,hyphen,7367,train
007-1325-000.jpg,0,hyphen,7368,train
007-1326-000.jpg,0,hyphen,7369,train
007-1327-000.jpg,0,hyphen,7370,test
007-1328-000.jpg,0,hyphen,7371,train
007-1330-000.jpg,0,hyphen,7372,test
007-1331-000.jpg,0,hyphen,7373,val
007-1332-000.jpg,0,hyphen,7374,train
007-1333-000.jpg,0,hyphen,7375,train
007-1334-000.jpg,0,hyphen,7376,train
007-1335-000.jpg,0,hyphen,7377,train
007-1336-000.jpg,0,hyphen,7378,train
007-1337-000.jpg,0,hyphen,7379,val
007-1338-000.jpg,0,hyphen,7380,train
007-1339-000.jpg,0,hyphen,7381,train
007-1340-000.jpg,0,hyphen,7382,test
007-1341-000.jpg,0,hyphen,7383,train
007-1342-000.jpg,0,hyphen,7384,val
007-1343-000.jpg,0,hyphen,7385,train
007-1344-000.jpg,0,hyphen,7386,train
007-1345-000.jpg,0,hyphen,7387,train
007-1346-000.jpg,0,hyphen,7388,train
007-1347-000.jpg,0,hyphen,7389,train
007-1348-000.jpg,0,hyphen,7390,train
007-1349-000.jpg,0,hyphen,7391,test
007-1352-000.jpg,0,hyphen,7392,train
007-1353-000.jpg,0,hyphen,7393,val
007-1354-000.jpg,0,hyphen,7394,train
007-1356-000.jpg,0,hyphen,7395,train
007-1357-000.jpg,0,hyphen,7396,train
007-1358-000.jpg,0,hyphen,7397,train
007-1359-000.jpg,0,hyphen,7398,val
007-1360-000.jpg,0,hyphen,7399,train
007-1361-000.jpg,0,hyphen,7400,train
007-1362-000.jpg,0,hyphen,7401,test
007-1363-000.jpg,0,hyphen,7402,train
007-1364-000.jpg,0,hyphen,7403,train
007-1365-000.jpg,0,hyphen,7404,train
007-1366-000.jpg,0,hyphen,7405,val
007-1368-000.jpg,0,hyphen,7406,train
007-1369-000.jpg,0,hyphen,7407,train
007-1370-000.jpg,0,hyphen,7408,train
007-1371-000.jpg,0,hyphen,7409,test
007-1372-000.jpg,0,hyphen,7410,val
007-1373-000.jpg,0,hyphen,7411,train
007-1376-000.jpg,0,hyphen,7412,train
007-1378-000.jpg,0,hyphen,7413,train
007-1379-000.jpg,0,hyphen,7414,train
007-1382-000.jpg,0,hyphen,7415,train
007-1385-000.jpg,0,hyphen,7416,test
007-1386-000.jpg,0,hyphen,7417,train
007-1387-000.jpg,0,hyphen,7418,val
007-1388-000.jpg,0,hyphen,7419,train
007-1389-000.jpg,0,hyphen,7420,train
007-1390-000.jpg,0,hyphen,7421,train
007-1391-000.jpg,0,hyphen,7422,val
007-1392-000.jpg,0,hyphen,7423,test
007-1393-000.jpg,0,hyphen,7424,train
007-1394-000.jpg,0,hyphen,7425,train
007-1395-000.jpg,0,hyphen,7426,train
007-1396-000.jpg,0,hyphen,7427,train
007-1397-000.jpg,0,hyphen,7428,train
007-1398-000.jpg,0,hyphen,7429,test
007-1400-000.jpg,0,hyphen,7430,val
007-1403-000.jpg,0,hyphen,7431,val
007-1404-000.jpg,0,hyphen,7432,train
007-1405-000.jpg,0,hyphen,7433,train
007-1409-000.jpg,0,hyphen,7434,train
007-1411-000.jpg,0,hyphen,7435,train
007-1414-000.jpg,0,hyphen,7436,train
007-1415-000.jpg,0,hyphen,7437,test
007-1416-000.jpg,0,hyphen,7438,train
007-1417-000.jpg,0,hyphen,7439,train
007-1418-000.jpg,0,hyphen,7440,val
007-1421-000.jpg,0,hyphen,7441,train
007-1422-000.jpg,0,hyphen,7442,train
007-1424-000.jpg,0,hyphen,7443,train
007-1426-000.jpg,0,hyphen,7444,train
007-1427-000.jpg,0,hyphen,7445,train
007-1429-000.jpg,0,hyphen,7446,test
007-1431-000.jpg,0,hyphen,7447,val
007-1432-000.jpg,0,hyphen,7448,train
007-1433-000.jpg,0,hyphen,7449,train
007-1434-000.jpg,0,hyphen,7450,train
007-1435-000.jpg,0,hyphen,7451,train
007-1436-000.jpg,0,hyphen,7452,test
007-1438-000.jpg,0,hyphen,7453,val
007-1440-000.jpg,0,hyphen,7454,train
007-1441-000.jpg,0,hyphen,7455,train
007-1442-000.jpg,0,hyphen,7456,train
007-1443-000.jpg,0,hyphen,7457,train
007-1444-000.jpg,0,hyphen,7458,train
007-1445-000.jpg,0,hyphen,7459,val
007-1446-000.jpg,0,hyphen,7460,test
007-1447-000.jpg,0,hyphen,7461,train
007-1448-000.jpg,0,hyphen,7462,train
007-1449-000.jpg,0,hyphen,7463,train
007-1450-000.jpg,0,hyphen,7464,train
007-1451-000.jpg,0,hyphen,7465,train
007-1452-000.jpg,0,hyphen,7466,test
007-1453-000.jpg,0,hyphen,7467,train
007-1454-000.jpg,0,hyphen,7468,train
007-1455-000.jpg,0,hyphen,7469,val
007-1456-000.jpg,0,hyphen,7470,train
007-1457-000.jpg,0,hyphen,7471,train
007-1458-000.jpg,0,hyphen,7472,train
007-1459-000.jpg,0,hyphen,7473,train
007-1460-000.jpg,0,hyphen,7474,train
007-1461-000.jpg,0,hyphen,7475,train
007-1463-000.jpg,0,hyphen,7476,test
007-1464-000.jpg,0,hyphen,7477,train
007-1465-000.jpg,0,hyphen,7478,val
007-1466-000.jpg,0,hyphen,7479,train
007-1467-000.jpg,0,hyphen,7480,train
007-1468-000.jpg,0,hyphen,7481,train
007-1469-000.jpg,0,hyphen,7482,test
007-1471-000.jpg,0,hyphen,7483,train
007-1472-000.jpg,0,hyphen,7484,val
007-1473-000.jpg,0,hyphen,7485,train
007-1474-000.jpg,0,hyphen,7486,train
007-1475-000.jpg,0,hyphen,7487,train
007-1478-000.jpg,0,hyphen,7488,val
007-1480-000.jpg,0,hyphen,7489,test
007-1482-000.jpg,0,hyphen,7490,train
007-1483-000.jpg,0,hyphen,7491,val
007-1484-000.jpg,0,hyphen,7492,train
007-1485-000.jpg,0,hyphen,7493,test
007-1486-000.jpg,0,hyphen,7494,train
007-1487-000.jpg,0,hyphen,7495,train
007-1488-000.jpg,0,hyphen,7496,train
007-1489-000.jpg,0,hyphen,7497,train
007-1490-000.jpg,0,hyphen,7498,train
007-1491-000.jpg,0,hyphen,7499,train
007-1492-000.jpg,0,hyphen,7500,train
007-1493-000.jpg,0,hyphen,7501,test
007-1494-000.jpg,0,hyphen,7502,train
007-1495-000.jpg,0,hyphen,7503,train
007-1496-000.jpg,0,hyphen,7504,train
007-1497-000.jpg,0,hyphen,7505,train
007-1498-000.jpg,0,hyphen,7506,val
007-1499-000.jpg,0,hyphen,7507,train
007-1502-000.jpg,0,hyphen,7508,train
007-1503-000.jpg,0,hyphen,7509,test
007-1504-000.jpg,0,hyphen,7510,train
007-1506-000.jpg,0,hyphen,7511,train
007-1507-000.jpg,0,hyphen,7512,val
007-1508-000.jpg,0,hyphen,7513,train
007-1509-000.jpg,0,hyphen,7514,train
007-1511-000.jpg,0,hyphen,7515,val
007-1512-000.jpg,0,hyphen,7516,test
007-1513-000.jpg,0,hyphen,7517,train
007-1514-000.jpg,0,hyphen,7518,train
007-1515-000.jpg,0,hyphen,7519,train
007-1516-000.jpg,0,hyphen,7520,train
007-1517-000.jpg,0,hyphen,7521,train
007-1518-000.jpg,0,hyphen,7522,train
007-1519-000.jpg,0,hyphen,7523,train
007-1520-000.jpg,0,hyphen,7524,train
007-1521-000.jpg,0,hyphen,7525,test
007-1522-000.jpg,0,hyphen,7526,train
007-1523-000.jpg,0,hyphen,7527,train
007-1524-000.jpg,0,hyphen,7528,val
007-1525-000.jpg,0,hyphen,7529,train
007-1526-000.jpg,0,hyphen,7530,train
007-1527-000.jpg,0,hyphen,7531,test
007-1528-000.jpg,0,hyphen,7532,train
007-1530-000.jpg,0,hyphen,7533,train
007-1531-000.jpg,0,hyphen,7534,train
007-1532-000.jpg,0,hyphen,7535,val
007-1534-000.jpg,0,hyphen,7536,train
007-1535-000.jpg,0,hyphen,7537,train
007-1536-000.jpg,0,hyphen,7538,test
007-1537-000.jpg,0,hyphen,7539,train
007-1538-000.jpg,0,hyphen,7540,train
007-1539-000.jpg,0,hyphen,7541,val
007-1540-000.jpg,0,hyphen,7542,train
007-1542-000.jpg,0,hyphen,7543,train
007-1543-000.jpg,0,hyphen,7544,train
007-1544-000.jpg,0,hyphen,7545,test
007-1546-000.jpg,0,hyphen,7546,train
007-1547-000.jpg,0,hyphen,7547,val
007-1548-000.jpg,0,hyphen,7548,train
007-1549-000.jpg,0,hyphen,7549,train
007-1550-000.jpg,0,hyphen,7550,train
007-1551-000.jpg,0,hyphen,7551,train
007-1552-000.jpg,0,hyphen,7552,train
007-1553-000.jpg,0,hyphen,7553,val
007-1554-000.jpg,0,hyphen,7554,train
007-1555-000.jpg,0,hyphen,7555,test
007-1557-000.jpg,0,hyphen,7556,train
007-1558-000.jpg,0,hyphen,7557,train
007-1559-000.jpg,0,hyphen,7558,train
007-1560-000.jpg,0,hyphen,7559,train
007-1561-000.jpg,0,hyphen,7560,train
007-1563-000.jpg,0,hyphen,7561,test
007-1564-000.jpg,0,hyphen,7562,val
007-1565-000.jpg,0,hyphen,7563,train
007-1566-000.jpg,0,hyphen,7564,train
007-1567-000.jpg,0,hyphen,7565,test
007-1568-000.jpg,0,hyphen,7566,train
007-1569-000.jpg,0,hyphen,7567,train
007-1570-000.jpg,0,hyphen,7568,val
007-1571-000.jpg,0,hyphen,7569,train
007-1572-000.jpg,0,hyphen,7570,train
007-1574-000.jpg,0,hyphen,7571,train
007-1575-000.jpg,0,hyphen,7572,test
007-1577-000.jpg,0,hyphen,7573,train
007-1578-000.jpg,0,hyphen,7574,train
007-1579-000.jpg,0,hyphen,7575,val
007-1580-000.jpg,0,hyphen,7576,train
007-1581-000.jpg,0,hyphen,7577,train
007-1582-000.jpg,0,hyphen,7578,train
007-1583-000.jpg,0,hyphen,7579,train
007-1585-000.jpg,0,hyphen,7580,train
007-1586-000.jpg,0,hyphen,7581,test
007-1587-000.jpg,0,hyphen,7582,train
007-1588-000.jpg,0,hyphen,7583,val
007-1589-000.jpg,0,hyphen,7584,train
007-1590-000.jpg,0,hyphen,7585,train
007-1591-000.jpg,0,hyphen,7586,train
007-1593-000.jpg,0,hyphen,7587,test
007-1594-000.jpg,0,hyphen,7588,train
007-1595-000.jpg,0,hyphen,7589,train
007-1596-000.jpg,0,hyphen,7590,val
007-1600-000.jpg,0,hyphen,7591,train
007-1602-000.jpg,0,hyphen,7592,train
007-1603-000.jpg,0,hyphen,7593,train
007-1604-000.jpg,0,hyphen,7594,val
007-1606-000.jpg,0,hyphen,7595,test
007-1608-000.jpg,0,hyphen,7596,train
007-1609-000.jpg,0,hyphen,7597,train
007-1610-000.jpg,0,hyphen,7598,train
007-1611-000.jpg,0,hyphen,7599,train
007-1612-000.jpg,0,hyphen,7600,train
007-1613-000.jpg,0,hyphen,7601,train
007-1614-000.jpg,0,hyphen,7602,test
007-1615-000.jpg,0,hyphen,7603,train
007-1616-000.jpg,0,hyphen,7604,train
007-1617-000.jpg,0,hyphen,7605,train
007-1618-000.jpg,0,hyphen,7606,test
007-1620-000.jpg,0,hyphen,7607,val
007-1621-000.jpg,0,hyphen,7608,train
007-1624-000.jpg,0,hyphen,7609,train
007-1625-000.jpg,0,hyphen,7610,val
007-1626-000.jpg,0,hyphen,7611,train
007-1627-000.jpg,0,hyphen,7612,train
007-1628-000.jpg,0,hyphen,7613,train
007-1629-000.jpg,0,hyphen,7614,train
007-1630-000.jpg,0,hyphen,7615,train
007-1631-000.jpg,0,hyphen,7616,test
007-1632-000.jpg,0,hyphen,7617,val
007-1633-000.jpg,0,hyphen,7618,train
007-1634-000.jpg,0,hyphen,7619,train
007-1635-000.jpg,0,hyphen,7620,test
007-1636-000.jpg,0,hyphen,7621,train
007-1638-000.jpg,0,hyphen,7622,train
007-1639-000.jpg,0,hyphen,7623,train
007-1642-000.jpg,0,hyphen,7624,train
007-1643-000.jpg,0,hyphen,7625,val
007-1647-000.jpg,0,hyphen,7626,train
007-1649-000.jpg,0,hyphen,7627,train
007-1650-000.jpg,0,hyphen,7628,train
007-1651-000.jpg,0,hyphen,7629,test
007-1654-000.jpg,0,hyphen,7630,train
007-1656-000.jpg,0,hyphen,7631,train
007-1658-000.jpg,0,hyphen,7632,val
007-1659-000.jpg,0,hyphen,7633,train
007-1660-000.jpg,0,hyphen,7634,train
007-1661-000.jpg,0,hyphen,7635,train
007-1663-000.jpg,0,hyphen,7636,test
007-1664-000.jpg,0,hyphen,7637,train
007-1665-000.jpg,0,hyphen,7638,train
007-1666-000.jpg,0,hyphen,7639,val
007-1667-000.jpg,0,hyphen,7640,test
007-1668-000.jpg,0,hyphen,7641,train
007-1669-000.jpg,0,hyphen,7642,train
007-1670-000.jpg,0,hyphen,7643,train
007-1672-000.jpg,0,hyphen,7644,train
007-1673-000.jpg,0,hyphen,7645,val
007-1675-000.jpg,0,hyphen,7646,train
007-1676-000.jpg,0,hyphen,7647,train
007-1677-000.jpg,0,hyphen,7648,train
007-1678-000.jpg,0,hyphen,7649,train
007-1679-000.jpg,0,hyphen,7650,test
007-1680-000.jpg,0,hyphen,7651,train
007-1681-000.jpg,0,hyphen,7652,train
007-1684-000.jpg,0,hyphen,7653,val
007-1685-000.jpg,0,hyphen,7654,train
007-1686-000.jpg,0,hyphen,7655,train
007-1692-000.jpg,0,hyphen,7656,train
007-1695-000.jpg,0,hyphen,7657,test
007-1696-000.jpg,0,hyphen,7658,train
007-1697-000.jpg,0,hyphen,7659,val
007-1699-000.jpg,0,hyphen,7660,train
007-1700-000.jpg,0,hyphen,7661,train
007-1701-000.jpg,0,hyphen,7662,train
007-1702-000.jpg,0,hyphen,7663,train
007-1704-000.jpg,0,hyphen,7664,train
007-1705-000.jpg,0,hyphen,7665,train
007-1706-000.jpg,0,hyphen,7666,train
007-1707-000.jpg,0,hyphen,7667,test
007-1709-000.jpg,0,hyphen,7668,val
007-1710-000.jpg,0,hyphen,7669,train
007-1713-000.jpg,0,hyphen,7670,train
007-1715-000.jpg,0,hyphen,7671,val
007-1717-000.jpg,0,hyphen,7672,test
007-1718-000.jpg,0,hyphen,7673,train
007-1719-000.jpg,0,hyphen,7674,train
007-1722-000.jpg,0,hyphen,7675,train
007-1724-000.jpg,0,hyphen,7676,train
007-1725-000.jpg,0,hyphen,7677,train
007-1726-000.jpg,0,hyphen,7678,train
007-1727-000.jpg,0,hyphen,7679,train
007-1729-000.jpg,0,hyphen,7680,val
007-1730-000.jpg,0,hyphen,7681,train
007-1731-000.jpg,0,hyphen,7682,test
007-1732-000.jpg,0,hyphen,7683,train
007-1733-000.jpg,0,hyphen,7684,train
007-1734-000.jpg,0,hyphen,7685,train
007-1735-000.jpg,0,hyphen,7686,train
007-1736-000.jpg,0,hyphen,7687,test
007-1737-000.jpg,0,hyphen,7688,train
007-1738-000.jpg,0,hyphen,7689,train
007-1739-000.jpg,0,hyphen,7690,train
007-1740-000.jpg,0,hyphen,7691,val
007-1741-000.jpg,0,hyphen,7692,train
007-1742-000.jpg,0,hyphen,7693,test
007-1743-000.jpg,0,hyphen,7694,val
007-1745-000.jpg,0,hyphen,7695,train
007-1746-000.jpg,0,hyphen,7696,train
007-1748-000.jpg,0,hyphen,7697,train
007-1750-000.jpg,0,hyphen,7698,train
007-1751-000.jpg,0,hyphen,7699,train
007-1752-000.jpg,0,hyphen,7700,train
007-1763-100.jpg,0,hyphen,7701,test
007-1772-100.jpg,0,hyphen,7702,val
007-1775-100.jpg,0,hyphen,7703,train
007-1783-100.jpg,0,hyphen,7704,train
007-1792-100.jpg,0,hyphen,7705,train
007-1797-100.jpg,0,hyphen,7706,train
007-1799-100.jpg,0,hyphen,7707,train
007-1803-100.jpg,0,hyphen,7708,val
007-1806-100.jpg,0,hyphen,7709,test
007-1832-100.jpg,0,hyphen,7710,train
007-1848-100.jpg,0,hyphen,7711,train
007-1849-100.jpg,0,hyphen,7712,train
007-1858-100.jpg,0,hyphen,7713,train
007-1860-100.jpg,0,hyphen,7714,train
007-1863-100.jpg,0,hyphen,7715,val
007-1866-100.jpg,0,hyphen,7716,train
007-1868-100.jpg,0,hyphen,7717,train
007-1874-100.jpg,0,hyphen,7718,test
007-1885-100.jpg,0,hyphen,7719,train
007-1886-100.jpg,0,hyphen,7720,val
007-1891-100.jpg,0,hyphen,7721,train
007-1892-100.jpg,0,hyphen,7722,train
007-1903-100.jpg,0,hyphen,7723,train
007-1916-100.jpg,0,hyphen,7724,test
007-1917-100.jpg,0,hyphen,7725,train
007-1919-100.jpg,0,hyphen,7726,train
007-1930-100.jpg,0,hyphen,7727,train
007-1935-100.jpg,0,hyphen,7728,train
007-1944-100.jpg,0,hyphen,7729,val
007-1945-100.jpg,0,hyphen,7730,train
007-1954-100.jpg,0,hyphen,7731,train
007-1960-100.jpg,0,hyphen,7732,test
007-1964-100.jpg,0,hyphen,7733,train
007-1968-100.jpg,0,hyphen,7734,val
007-1981-100.jpg,0,hyphen,7735,train
007-1982-100.jpg,0,hyphen,7736,test
007-1992-100.jpg,0,hyphen,7737,train
007-1993-100.jpg,0,hyphen,7738,train
007-1995-100.jpg,0,hyphen,7739,train
007-1999-100.jpg,0,hyphen,7740,train
007-2001-100.jpg,0,hyphen,7741,train
007-2002-100.jpg,0,hyphen,7742,train
007-2014-100.jpg,0,hyphen,7743,train
007-2016-100.jpg,0,hyphen,7744,train
007-2017-100.jpg,0,hyphen,7745,val
007-2026-100.jpg,0,hyphen,7746,train
007-2059-100.jpg,0,hyphen,7747,val
007-2063-100.jpg,0,hyphen,7748,train
007-2072-100.jpg,0,hyphen,7749,train
007-2073-100.jpg,0,hyphen,7750,val
007-2077-100.jpg,0,hyphen,7751,train
007-2097-100.jpg,0,hyphen,7752,test
007-2116-100.jpg,0,hyphen,7753,test
007-2120-100.jpg,0,hyphen,7754,train
007-2130-100.jpg,0,hyphen,7755,train
007-2131-100.jpg,0,hyphen,7756,train
007-2135-100.jpg,0,hyphen,7757,train
007-2136-100.jpg,0,hyphen,7758,test
007-2137-100.jpg,0,hyphen,7759,train
007-2140-100.jpg,0,hyphen,7760,train
007-2141-100.jpg,0,hyphen,7761,train
007-2144-100.jpg,0,hyphen,7762,train
007-2148-100.jpg,0,hyphen,7763,train
007-2153-100.jpg,0,hyphen,7764,test
007-2159-100.jpg,0,hyphen,7765,val
007-2162-100.jpg,0,hyphen,7766,val
007-2176-100.jpg,0,hyphen,7767,train
007-2177-100.jpg,0,hyphen,7768,train
007-2180-100.jpg,0,hyphen,7769,train
007-2183-100.jpg,0,hyphen,7770,train
007-2189-100.jpg,0,hyphen,7771,train
007-2190-100.jpg,0,hyphen,7772,train
007-2191-100.jpg,0,hyphen,7773,train
007-2192-100.jpg,0,hyphen,7774,train
007-2193-100.jpg,0,hyphen,7775,train
007-2194-100.jpg,0,hyphen,7776,train
007-2195-100.jpg,0,hyphen,7777,train
007-2196-100.jpg,0,hyphen,7778,test
007-2197-100.jpg,0,hyphen,7779,val
007-2198-100.jpg,0,hyphen,7780,test
007-2199-100.jpg,0,hyphen,7781,train
007-2202-100.jpg,0,hyphen,7782,train
007-2203-100.jpg,0,hyphen,7783,train
007-2204-100.jpg,0,hyphen,7784,train
007-2206-100.jpg,0,hyphen,7785,val
007-2207-100.jpg,0,hyphen,7786,train
007-2209-100.jpg,0,hyphen,7787,test
007-2217-100.jpg,0,hyphen,7788,train
007-2223-100.jpg,0,hyphen,7789,val
007-2225-100.jpg,0,hyphen,7790,train
007-2226-100.jpg,0,hyphen,7791,train
007-2233-100.jpg,0,hyphen,7792,test
007-2244-100.jpg,0,hyphen,7793,train
007-2247-100.jpg,0,hyphen,7794,train
007-2251-100.jpg,0,hyphen,7795,train
007-2256-100.jpg,0,hyphen,7796,train
007-2265-100.jpg,0,hyphen,7797,train
007-2274-100.jpg,0,hyphen,7798,val
007-2309-100.jpg,0,hyphen,7799,train
007-2352-100.jpg,0,hyphen,7800,train
007-2358-100.jpg,0,hyphen,7801,train
007-2361-100.jpg,0,hyphen,7802,train
007-2411-100.jpg,0,hyphen,7803,train
007-2420-100.jpg,0,hyphen,7804,test
007-2423-100.jpg,0,hyphen,7805,train
007-2493-100.jpg,0,hyphen,7806,val
007-2512-100.jpg,0,hyphen,7807,train
007-2529-100.jpg,0,hyphen,7808,train
007-2561-100.jpg,0,hyphen,7809,test
007-2569-100.jpg,0,hyphen,7810,train
007-2572-100.jpg,0,hyphen,7811,train
007-2573-100.jpg,0,hyphen,7812,train
007-2577-100.jpg,0,hyphen,7813,test
007-2583-100.jpg,0,hyphen,7814,val
007-2606-100.jpg,0,hyphen,7815,train
007-2608-100.jpg,0,hyphen,7816,train
007-2634-100.jpg,0,hyphen,7817,train
007-2638-100.jpg,0,hyphen,7818,train
007-2729-100.jpg,0,hyphen,7819,train
007-2730-100.jpg,0,hyphen,7820,train
007-2745-100.jpg,0,hyphen,7821,train
007-2801-100.jpg,0,hyphen,7822,val
007-2829-100.jpg,0,hyphen,7823,val
007-2850-100.jpg,0,hyphen,7824,test
007-2854-100.jpg,0,hyphen,7825,train
007-2857-100.jpg,0,hyphen,7826,train
007-2863-100.jpg,0,hyphen,7827,train
007-2871-100.jpg,0,hyphen,7828,test
007-2872-100.jpg,0,hyphen,7829,train
007-2873-100.jpg,0,hyphen,7830,train
007-2874-100.jpg,0,hyphen,7831,train
007-2875-100.jpg,0,hyphen,7832,train
007-2876-100.jpg,0,hyphen,7833,train
007-2886-100.jpg,0,hyphen,7834,test
007-2902-100.jpg,0,hyphen,7835,val
007-2903-100.jpg,0,hyphen,7836,train
007-2904-100.jpg,0,hyphen,7837,train
007-2913-100.jpg,0,hyphen,7838,train
007-2917-100.jpg,0,hyphen,7839,train
007-2926-100.jpg,0,hyphen,7840,train
007-2937-100.jpg,0,hyphen,7841,val
007-2942-100.jpg,0,hyphen,7842,train
007-2947-100.jpg,0,hyphen,7843,test
007-2959-100.jpg,0,hyphen,7844,train
007-2966-100.jpg,0,hyphen,7845,train
007-2968-100.jpg,0,hyphen,7846,val
007-2972-100.jpg,0,hyphen,7847,train
007-2973-100.jpg,0,hyphen,7848,train
007-2982-100.jpg,0,hyphen,7849,test
007-2987-100.jpg,0,hyphen,7850,train
007-2995-100.jpg,0,hyphen,7851,train
007-2996-100.jpg,0,hyphen,7852,train
007-3001-100.jpg,0,hyphen,7853,train
007-3006-100.jpg,0,hyphen,7854,train
007-3011-100.jpg,0,hyphen,7855,val
007-3020-100.jpg,0,hyphen,7856,train
007-3021-100.jpg,0,hyphen,7857,train
007-3022-100.jpg,0,hyphen,7858,test
007-3032-100.jpg,0,hyphen,7859,train
007-3037-100.jpg,0,hyphen,7860,train
007-3053-100.jpg,0,hyphen,7861,train
007-3085-100.jpg,0,hyphen,7862,val
007-3107-100.jpg,0,hyphen,7863,train
007-3114-100.jpg,0,hyphen,7864,test
007-3115-100.jpg,0,hyphen,7865,train
007-3118-100.jpg,0,hyphen,7866,train
007-3124-100.jpg,0,hyphen,7867,train
007-3125-100.jpg,0,hyphen,7868,train
007-3131-100.jpg,0,hyphen,7869,val
007-3160-100.jpg,0,hyphen,7870,train
007-3161-100.jpg,0,hyphen,7871,test
007-3167-100.jpg,0,hyphen,7872,train
007-3176-100.jpg,0,hyphen,7873,train
007-3192-100.jpg,0,hyphen,7874,train
007-3193-100.jpg,0,hyphen,7875,val
007-3196-100.jpg,0,hyphen,7876,train
007-3218-100.jpg,0,hyphen,7877,test
007-3221-100.jpg,0,hyphen,7878,train
007-3222-100.jpg,0,hyphen,7879,train
007-3223-100.jpg,0,hyphen,7880,train
007-3256-100.jpg,0,hyphen,7881,val
007-3268-100.jpg,0,hyphen,7882,train
007-3270-100.jpg,0,hyphen,7883,train
007-3516-200.jpg,0,hyphen,7884,train
007-3542-200.jpg,0,hyphen,7885,test
007-3932-200.jpg,0,hyphen,7886,train
007-4180-200.jpg,0,hyphen,7887,train
007-4191-200.jpg,0,hyphen,7888,train
007-4551-200.jpg,0,hyphen,7889,train
007-4618-200.jpg,0,hyphen,7890,val
007-4860-300.jpg,0,hyphen,7891,train
007-5449-300.jpg,0,hyphen,7892,train
007-7270-601.jpg,0,hyphen,7893,test
007-7271-601.jpg,0,hyphen,7894,train
007-7292-601.jpg,0,hyphen,7895,train
007-7294-601.jpg,0,hyphen,7896,train
007-7295-601.jpg,0,hyphen,7897,train
007-7298-601.jpg,0,hyphen,7898,test
007-7322-601.jpg,0,hyphen,7899,train
007-7323-601.jpg,0,hyphen,7900,val
007-7324-601.jpg,0,hyphen,7901,train
007-7328-601.jpg,0,hyphen,7902,train
007-7330-601.jpg,0,hyphen,7903,train
007-7332-601.jpg,0,hyphen,7904,train
007-7334-601.jpg,0,hyphen,7905,train
007-7338-601.jpg,0,hyphen,7906,test
007-7339-601.jpg,0,hyphen,7907,val
007-7347-601.jpg,0,hyphen,7908,train
007-7359-601.jpg,0,hyphen,7909,val
007-7363-601.jpg,0,hyphen,7910,train
007-7367-601.jpg,0,hyphen,7911,train
007-7369-601.jpg,0,hyphen,7912,train
007-7372-601.jpg,0,hyphen,7913,train
007-7376-601.jpg,0,hyphen,7914,test
007-7382-601.jpg,0,hyphen,7915,val
007-7383-601.jpg,0,hyphen,7916,train
007-7399-601.jpg,0,hyphen,7917,train
007-7401-601.jpg,0,hyphen,7918,train
007-7405-601.jpg,0,hyphen,7919,train
007-7409-601.jpg,0,hyphen,7920,test
007-7412-601.jpg,0,hyphen,7921,train
007-7420-601.jpg,0,hyphen,7922,train
007-7421-601.jpg,0,hyphen,7923,train
007-7423-601.jpg,0,hyphen,7924,train
007-7425-601.jpg,0,hyphen,7925,train
007-7427-601.jpg,0,hyphen,7926,val
007-7428-601.jpg,0,hyphen,7927,test
007-7429-601.jpg,0,hyphen,7928,train
007-7437-601.jpg,0,hyphen,7929,train
007-7438-601.jpg,0,hyphen,7930,train
007-7444-601.jpg,0,hyphen,7931,train
007-7446-601.jpg,0,hyphen,7932,test
007-7482-601.jpg,0,hyphen,7933,train
007-7497-601.jpg,0,hyphen,7934,val
007-7501-601.jpg,0,hyphen,7935,train
007-7503-601.jpg,0,hyphen,7936,train
007-7506-601.jpg,0,hyphen,7937,train
007-7508-601.jpg,0,hyphen,7938,train
007-7517-601.jpg,0,hyphen,7939,train
007-7521-601.jpg,0,hyphen,7940,train
007-7528-601.jpg,0,hyphen,7941,test
007-7530-601.jpg,0,hyphen,7942,train
007-7539-601.jpg,0,hyphen,7943,val
007-7547-601.jpg,0,hyphen,7944,val
007-7553-601.jpg,0,hyphen,7945,train
007-7564-601.jpg,0,hyphen,7946,train
007-7570-601.jpg,0,hyphen,7947,train
007-7572-601.jpg,0,hyphen,7948,train
007-7574-601.jpg,0,hyphen,7949,test
007-7575-601.jpg,0,hyphen,7950,train
007-7576-601.jpg,0,hyphen,7951,train
007-7579-601.jpg,0,hyphen,7952,train
007-7580-601.jpg,0,hyphen,7953,train
007-7598-601.jpg,0,hyphen,7954,train
007-7599-601.jpg,0,hyphen,7955,test
007-7610-601.jpg,0,hyphen,7956,val
007-7620-601.jpg,0,hyphen,7957,train
007-7621-601.jpg,0,hyphen,7958,train
007-7629-601.jpg,0,hyphen,7959,train
007-7638-601.jpg,0,hyphen,7960,train
007-7639-601.jpg,0,hyphen,7961,train
007-7643-601.jpg,0,hyphen,7962,val
007-7645-601.jpg,0,hyphen,7963,test
007-7647-601.jpg,0,hyphen,7964,val
007-7665-601.jpg,0,hyphen,7965,train
007-7668-601.jpg,0,hyphen,7966,train
007-7669-601.jpg,0,hyphen,7967,train
007-7670-601.jpg,0,hyphen,7968,train
007-7671-601.jpg,0,hyphen,7969,test
007-7672-601.jpg,0,hyphen,7970,train
007-7673-601.jpg,0,hyphen,7971,train
007-7674-601.jpg,0,hyphen,7972,train
007-7675-601.jpg,0,hyphen,7973,train
007-7676-601.jpg,0,hyphen,7974,train
007-7678-601.jpg,0,hyphen,7975,test
007-7679-601.jpg,0,hyphen,7976,train
007-7680-601.jpg,0,hyphen,7977,val
007-7684-601.jpg,0,hyphen,7978,train
007-7685-601.jpg,0,hyphen,7979,train
007-7686-601.jpg,0,hyphen,7980,train
007-7688-601.jpg,0,hyphen,7981,train
007-7697-601.jpg,0,hyphen,7982,val
007-7708-601.jpg,0,hyphen,7983,train
007-7710-601.jpg,0,hyphen,7984,train
007-7712-601.jpg,0,hyphen,7985,test
007-7719-601.jpg,0,hyphen,7986,train
007-7727-601.jpg,0,hyphen,7987,val
007-7734-601.jpg,0,hyphen,7988,train
007-7784-601.jpg,0,hyphen,7989,test
007-7791-601.jpg,0,hyphen,7990,train
007-7794-601.jpg,0,hyphen,7991,train
007-7798-601.jpg,0,hyphen,7992,train
007-7820-601.jpg,0,hyphen,7993,train
007-7826-601.jpg,0,hyphen,7994,train
007-7840-601.jpg,0,hyphen,7995,train
007-7842-601.jpg,0,hyphen,7996,val
007-7846-601.jpg,0,hyphen,7997,train
007-7847-601.jpg,0,hyphen,7998,test
007-7848-601.jpg,0,hyphen,7999,train
007-7852-601.jpg,0,hyphen,8000,train
007-7858-601.jpg,0,hyphen,8001,train
007-7864-601.jpg,0,hyphen,8002,train
007-7865-601.jpg,0,hyphen,8003,train
007-7866-601.jpg,0,hyphen,8004,val
007-7868-601.jpg,0,hyphen,8005,test
007-7871-601.jpg,0,hyphen,8006,train
007-7875-601.jpg,0,hyphen,8007,train
007-7895-601.jpg,0,hyphen,8008,train
007-7900-601.jpg,0,hyphen,8009,train
007-7901-601.jpg,0,hyphen,8010,test
007-7909-601.jpg,0,hyphen,8011,train
007-7910-601.jpg,0,hyphen,8012,val
007-7917-601.jpg,0,hyphen,8013,train
007-7918-601.jpg,0,hyphen,8014,train
007-7939-601.jpg,0,hyphen,8015,train
007-7942-601.jpg,0,hyphen,8016,train
007-7959-601.jpg,0,hyphen,8017,train
007-7960-601.jpg,0,hyphen,8018,train
007-7966-601.jpg,0,hyphen,8019,test
007-7970-601.jpg,0,hyphen,8020,train
007-7971-601.jpg,0,hyphen,8021,train
007-7973-601.jpg,0,hyphen,8022,val
007-8015-601.jpg,0,hyphen,8023,train
007-8054-601.jpg,0,hyphen,8024,train
007-8056-601.jpg,0,hyphen,8025,test
007-8058-601.jpg,0,hyphen,8026,train
007-8131-601.jpg,0,hyphen,8027,val
007-8138-601.jpg,0,hyphen,8028,train
007-8147-601.jpg,0,hyphen,8029,train
007-8151-601.jpg,0,hyphen,8030,train
007-8152-601.jpg,0,hyphen,8031,train
007-8168-601.jpg,0,hyphen,8032,train
007-8207-601.jpg,0,hyphen,8033,val
007-8236-602.jpg,0,hyphen,8034,test
007-8237-602.jpg,0,hyphen,8035,train
007-8240-602.jpg,0,hyphen,8036,train
007-8249-602.jpg,0,hyphen,8037,train
007-8281-602.jpg,0,hyphen,8038,train
007-8283-602.jpg,0,hyphen,8039,train
007-8317-602.jpg,0,hyphen,8040,train
007-8331-602.jpg,0,hyphen,8041,test
007-8349-602.jpg,0,hyphen,8042,val
007-8391-603.jpg,0,hyphen,8043,train
007-8421-603.jpg,0,hyphen,8044,train
007-8463-604.jpg,0,hyphen,8045,test
007-8466-604.jpg,0,hyphen,8046,val
007-8477-604.jpg,0,hyphen,8047,train
007-8478-604.jpg,0,hyphen,8048,train
007-8480-604.jpg,0,hyphen,8049,train
007-8481-604.jpg,0,hyphen,8050,train
007-8482-604.jpg,0,hyphen,8051,train
007-8489-604.jpg,0,hyphen,8052,test
007-8494-604.jpg,0,hyphen,8053,train
007-8495-604.jpg,0,hyphen,8054,val
007-8497-604.jpg,0,hyphen,8055,train
007-8521-604.jpg,0,hyphen,8056,train
007-8525-604.jpg,0,hyphen,8057,train
007-8538-604.jpg,0,hyphen,8058,train
007-8539-604.jpg,0,hyphen,8059,train
007-8540-604.jpg,0,hyphen,8060,train
007-8547-604.jpg,0,hyphen,8061,test
007-8549-604.jpg,0,hyphen,8062,val
007-8550-604.jpg,0,hyphen,8063,train
007-8560-604.jpg,0,hyphen,8064,train
007-8566-604.jpg,0,hyphen,8065,train
007-8579-604.jpg,0,hyphen,8066,val
007-8582-604.jpg,0,hyphen,8067,train
007-8657-605.jpg,0,hyphen,8068,test
007-8674-605.jpg,0,hyphen,8069,train
007-8752-605.jpg,0,hyphen,8070,val
20161107140656664.jpg,0,timestamp,8071,train
20161108112012320.jpg,0,timestamp,8072,train
20161108112019490.jpg,0,timestamp,8073,train
20161110115946484.jpg,0,timestamp,8074,train
20161111142932851.jpg,0,timestamp,8075,test
20161111142956603.jpg,0,timestamp,8076,train
20161111214308683.jpg,0,timestamp,8077,train
20161111214315830.jpg,0,timestamp,8078,train
20161112011316860.jpg,0,timestamp,8079,val
20161112024337097.jpg,0,timestamp,8080,train
20161114145629315.jpg,0,timestamp,8081,train
20161114145629356.jpg,0,timestamp,8082,train
20161115165015457.jpg,0,timestamp,8083,test
20161116105730357.jpg,0,timestamp,8084,val
20161116111424589.jpg,0,timestamp,8085,train
20161118155730990.jpg,0,timestamp,8086,test
20161118155736303.jpg,0,timestamp,8087,train
20161118155836727.jpg,0,timestamp,8088,test
20161118173805155.jpg,0,timestamp,8089,train
20170104113156987.jpg,0,timestamp,8090,train
20170106170820626.jpg,0,timestamp,8091,val
20170106170829250.jpg,0,timestamp,8092,train
20170106171110424.jpg,0,timestamp,8093,train
20170106171110532.jpg,0,timestamp,8092,train
20170112164115590.jpg,0,timestamp,8094,train
20170112164139239.jpg,0,timestamp,8095,train
20170112165604167.jpg,0,timestamp,8096,train
20170117101121367.jpg,0,timestamp,8097,train
20170120090947696.jpg,0,timestamp,8098,train
20170120091144477.jpg,0,timestamp,8099,train
20170120104118920.jpg,0,timestamp,8100,train
20170120104119457.jpg,0,timestamp,8101,val
20170120104225590.jpg,0,timestamp,8102,train
20170120104303200.jpg,0,timestamp,8103,train
20170120141618402.jpg,0,timestamp,8104,test
20170120141652234.jpg,0,timestamp,8105,train
20170120141653805.jpg,0,timestamp,8106,train
20170120142221885.jpg,0,timestamp,8107,val
20170120142710322.jpg,0,timestamp,8108,train
20170120142710630.jpg,0,timestamp,8109,train
20170120143315546.jpg,0,timestamp,8110,train
20170120144404685.jpg,0,timestamp,8111,test
20170120152817478.jpg,0,timestamp,8112,train
20170120153040093.jpg,0,timestamp,8113,train
20170120153745015.jpg,0,timestamp,8114,train
20170120154048174.jpg,0,timestamp,8115,val
20170120154237310.jpg,0,timestamp,8116,train
20170120154239604.jpg,0,timestamp,8117,train
20170120154404132.jpg,0,timestamp,8118,test
20170120154406449.jpg,0,timestamp,8119,train
20170120214743891.jpg,0,timestamp,8120,train
20170120214751267.jpg,0,timestamp,8121,val
20170120215036395.jpg,0,timestamp,8122,train
20170120215044106.jpg,0,timestamp,8123,train
20170120215156264.jpg,0,timestamp,8124,test
20170120215348972.jpg,0,timestamp,8125,train
20170120215354919.jpg,0,timestamp,8126,val
20170120215503859.jpg,0,timestamp,8127,train
20170120215509747.jpg,0,timestamp,8128,test
20170120215624835.jpg,0,timestamp,8129,train
20170120215632028.jpg,0,timestamp,8130,train
20170120215745444.jpg,0,timestamp,8131,train
20170120215754794.jpg,0,timestamp,8132,val
20170120220018348.jpg,0,timestamp,8133,train
20170120220136555.jpg,0,timestamp,8134,train
20170120220143890.jpg,0,timestamp,8135,train
20170120220324635.jpg,0,timestamp,8136,train
20170120220537547.jpg,0,timestamp,8137,train
20170120220543899.jpg,0,timestamp,8138,test
20170120220644009.jpg,0,timestamp,8139,train
20170120220650226.jpg,0,timestamp,8140,train
20170120220818563.jpg,0,timestamp,8141,train
20170120220825392.jpg,0,timestamp,8142,val
20170120220926752.jpg,0,timestamp,8143,test
20170120220933551.jpg,0,timestamp,8144,train
20170120221042110.jpg,0,timestamp,8145,train
20170120221145919.jpg,0,timestamp,8146,train
20170120221152091.jpg,0,timestamp,8147,train
20170120221256735.jpg,0,timestamp,8148,train
20170120221359397.jpg,0,timestamp,8149,train
20170120221455053.jpg,0,timestamp,8150,val
20170120221605529.jpg,0,timestamp,8151,train
20170120221712491.jpg,0,timestamp,8152,train
20170120221809290.jpg,0,timestamp,8153,test
20170120221816237.jpg,0,timestamp,8154,train
20170120221910975.jpg,0,timestamp,8155,train
20170120222003745.jpg,0,timestamp,8156,train
20170120222010342.jpg,0,timestamp,8157,train
20170120222109781.jpg,0,timestamp,8158,train
20170120222116960.jpg,0,timestamp,8159,val
20170120222210531.jpg,0,timestamp,8160,test
20170120222217788.jpg,0,timestamp,8161,train
20170120222316281.jpg,0,timestamp,8162,train
20170120222323750.jpg,0,timestamp,8163,train
20170120222412717.jpg,0,timestamp,8164,train
20170120222419866.jpg,0,timestamp,8165,val
20170120222606174.jpg,0,timestamp,8166,train
20170120222612101.jpg,0,timestamp,8167,test
20170120222702621.jpg,0,timestamp,8168,train
20170120222804830.jpg,0,timestamp,8169,train
20170120222811298.jpg,0,timestamp,8170,train
20170120222905288.jpg,0,timestamp,8171,val
20170120223013855.jpg,0,timestamp,8172,train
20170120223019825.jpg,0,timestamp,8173,val
20170120223140633.jpg,0,timestamp,8174,test
20170120223147434.jpg,0,timestamp,8175,train
20170120223239992.jpg,0,timestamp,8176,train
20170120223247141.jpg,0,timestamp,8177,train
20170120223336407.jpg,0,timestamp,8178,train
20170120223344679.jpg,0,timestamp,8179,train
20170120223435679.jpg,0,timestamp,8180,train
20170120223528817.jpg,0,timestamp,8181,test
20170120223535385.jpg,0,timestamp,8182,train
20170120223623473.jpg,0,timestamp,8183,train
20170120223723847.jpg,0,timestamp,8184,train
20170120223806266.jpg,0,timestamp,8185,train
20170120223854648.jpg,0,timestamp,8186,test
20170120223901509.jpg,0,timestamp,8187,val
20170120224018218.jpg,0,timestamp,8188,train
20170121093807445.jpg,0,timestamp,8189,train
20170121153406540.jpg,0,timestamp,8190,train
20170122100707540.jpg,0,timestamp,8191,train
20170122100711512.jpg,0,timestamp,8192,train
20170122105713241.jpg,0,timestamp,8193,train
20170122153156719.jpg,0,timestamp,8194,test
20170122153203237.jpg,0,timestamp,8195,val
20170122162733804.jpg,0,timestamp,8196,train
20170122165402093.jpg,0,timestamp,8197,val
20170122165423738.jpg,0,timestamp,8198,train
20170122165722814.jpg,0,timestamp,8199,train
20170122170705476.jpg,0,timestamp,8200,train
20170122170934210.jpg,0,timestamp,8201,train
20170122170947733.jpg,0,timestamp,8202,test
20170123085823477.jpg,0,timestamp,8203,train
20170123085828792.jpg,0,timestamp,8204,train
20170123091248070.jpg,0,timestamp,8205,test
20170123093846029.jpg,0,timestamp,8206,train
20170123093849026.jpg,0,timestamp,8207,val
20170123100425137.jpg,0,timestamp,8208,train
20170123102700555.jpg,0,timestamp,8209,train
20170123102706012.jpg,0,timestamp,8210,train
20170123103609648.jpg,0,timestamp,8211,train
20170123103611203.jpg,0,timestamp,8212,train
20170123171027172.jpg,0,timestamp,8213,val
20170123171031480.jpg,0,timestamp,8214,train
20170124094352032.jpg,0,timestamp,8215,train
20170124094908380.jpg,0,timestamp,8216,train
20170124131317072.jpg,0,timestamp,8217,test
20170124131319634.jpg,0,timestamp,8218,test
20170124131513083.jpg,0,timestamp,8219,train
20170124131514062.jpg,0,timestamp,8220,train
20170124161853216.jpg,0,timestamp,8221,val
20170124162232665.jpg,0,timestamp,8222,train
20170124162247496.jpg,0,timestamp,8223,train
20170124162351000.jpg,0,timestamp,8224,test
20170124162501604.jpg,0,timestamp,8225,train
20170125090829476.jpg,0,timestamp,8226,train
20170125091735546.jpg,0,timestamp,8227,train
20170125101239131.jpg,0,timestamp,8228,train
20170125101246852.jpg,0,timestamp,8229,test
20170125160603162.jpg,0,timestamp,8230,test
20170125160605516.jpg,0,timestamp,8231,train
20170126085931436.jpg,0,timestamp,8232,train
20170126085942092.jpg,0,timestamp,8233,val
20170126094308451.jpg,0,timestamp,8234,train
20170126114743588.jpg,0,timestamp,8235,train
20170126115037434.jpg,0,timestamp,8236,val
20170126115056314.jpg,0,timestamp,8237,train
20170126115215453.jpg,0,timestamp,8238,train
20170126115404314.jpg,0,timestamp,8239,train
20170130102411299.jpg,0,timestamp,8240,train
20170130102712777.jpg,0,timestamp,8241,train
20170130102740515.jpg,0,timestamp,8242,train
20170130102847216.jpg,0,timestamp,8243,test
20170130103016047.jpg,0,timestamp,8244,val
20170130103043030.jpg,0,timestamp,8245,train
20170130104756702.jpg,0,timestamp,8246,train
20170130104819310.jpg,0,timestamp,8247,train
20170130111337516.jpg,0,timestamp,8248,train
20170130111412979.jpg,0,timestamp,8249,train
20170131090204290.jpg,0,timestamp,8250,val
20170131090206092.jpg,0,timestamp,8251,train
20170203081846675.jpg,0,timestamp,8252,train
20170203082355150.jpg,0,timestamp,8253,test
20170203102633319.jpg,0,timestamp,8254,train
20170203111252472.jpg,0,timestamp,8255,train
20170203145751000.jpg,0,timestamp,8256,val
20170203152256681.jpg,0,timestamp,8097,train
20170203152939118.jpg,0,timestamp,8097,train
20170203161008388.jpg,0,timestamp,8257,train
20170203162405927.jpg,0,timestamp,8258,train
20170203162429942.jpg,0,timestamp,8259,train
20170203162800256.jpg,0,timestamp,8260,test
20170203162816155.jpg,0,timestamp,8261,val
20170203163054751.jpg,0,timestamp,8262,train
20170203163109824.jpg,0,timestamp,8263,train
20170203163421024.jpg,0,timestamp,8264,train
20170203163857655.jpg,0,timestamp,8264,train
20170204102600357.jpg,0,timestamp,8265,train
20170204102843943.jpg,0,timestamp,8266,train
20170204102844342.jpg,0,timestamp,8267,test
20170204102928336.jpg,0,timestamp,8268,train
20170204102928720.jpg,0,timestamp,8269,train
20170204103033420.jpg,0,timestamp,8270,val
20170204114217232.jpg,0,timestamp,8271,train
20170204114217726.jpg,0,timestamp,8272,train
20170204114728704.jpg,0,timestamp,8271,train
20170204114729172.jpg,0,timestamp,8272,train
20170204133641758.jpg,0,timestamp,8273,train
20170204133657911.jpg,0,timestamp,8274,train
20170204133920100.jpg,0,timestamp,8275,val
20170204145939405.jpg,0,timestamp,8276,test
20170204145953613.jpg,0,timestamp,8277,train
20170205084153989.jpg,0,timestamp,8278,train
20170205084158321.jpg,0,timestamp,8279,train
20170205084246646.jpg,0,timestamp,8280,train
20170206083214033.jpg,0,timestamp,8281,test
20170206083214443.jpg,0,timestamp,8282,train
20170206083729696.jpg,0,timestamp,8283,train
20170206083738307.jpg,0,timestamp,8284,val
20170206084734203.jpg,0,timestamp,8285,train
20170206084735758.jpg,0,timestamp,8286,train
20170206085235291.jpg,0,timestamp,8287,train
20170206085240206.jpg,0,timestamp,8288,train
20170206090155113.jpg,0,timestamp,8289,train
20170206105354970.jpg,0,timestamp,8290,test
20170206105408182.jpg,0,timestamp,8291,val
20170206105845309.jpg,0,timestamp,8292,train
20170206131408329.jpg,0,timestamp,8293,train
20170206143044048.jpg,0,timestamp,8294,test
20170206143148611.jpg,0,timestamp,8295,train
20170206143552850.jpg,0,timestamp,8296,train
20170206143555635.jpg,0,timestamp,8297,train
20170206144251502.jpg,0,timestamp,8298,train
20170206144408086.jpg,0,timestamp,8299,val
20170206144540782.jpg,0,timestamp,8300,train
20170206144636624.jpg,0,timestamp,8301,train
20170206144636816.jpg,0,timestamp,8302,test
20170206144759127.jpg,0,timestamp,8303,train
20170206144825073.jpg,0,timestamp,8304,train
20170206163611382.jpg,0,timestamp,8305,train
20170206175614525.jpg,0,timestamp,8306,train
20170206175828241.jpg,0,timestamp,8307,train
20170206175846786.jpg,0,timestamp,8308,val
20170206180514518.jpg,0,timestamp,8309,train
20170206180531712.jpg,0,timestamp,8310,test
20170206181327355.jpg,0,timestamp,8311,train
20170206181347418.jpg,0,timestamp,8312,train
20170206181741545.jpg,0,timestamp,8313,test
20170206181758712.jpg,0,timestamp,8314,train
20170206181936039.jpg,0,timestamp,8315,val
20170207080745616.jpg,0,timestamp,8316,train
20170207080951185.jpg,0,timestamp,8317,train
20170207083157459.jpg,0,timestamp,8318,train
20170207083818918.jpg,0,timestamp,8319,train
20170207084345478.jpg,0,timestamp,8320,train
20170207084355189.jpg,0,timestamp,8321,val
20170207090720712.jpg,0,timestamp,8322,train
20170207090726015.jpg,0,timestamp,8323,train
20170207102901751.jpg,0,timestamp,8324,train
20170207103824784.jpg,0,timestamp,8325,test
20170207103832857.jpg,0,timestamp,8326,val
20170207141715071.jpg,0,timestamp,8327,train
20170207143958785.jpg,0,timestamp,8328,train
20170207144517107.jpg,0,timestamp,8329,train
20170207145129242.jpg,0,timestamp,8330,train
20170207174354556.jpg,0,timestamp,8331,test
20170207174505090.jpg,0,timestamp,8332,train
20170207174536612.jpg,0,timestamp,8333,train
20170207174718209.jpg,0,timestamp,8334,val
20170207175247017.jpg,0,timestamp,8335,train
20170207175526103.jpg,0,timestamp,8336,train
20170207175547016.jpg,0,timestamp,8337,train
20170207175645289.jpg,0,timestamp,8338,train
20170207175704473.jpg,0,timestamp,8339,test
20170208081341593.jpg,0,timestamp,8340,train
20170208081344140.jpg,0,timestamp,8341,train
20170208082709520.jpg,0,timestamp,8342,train
20170208093320442.jpg,0,timestamp,8343,test
20170208095718487.jpg,0,timestamp,8344,train
20170208101452677.jpg,0,timestamp,8345,train
20170208101458195.jpg,0,timestamp,8346,val
20170208101614671.jpg,0,timestamp,8347,train
20170208101857665.jpg,0,timestamp,8348,train
20170208102039256.jpg,0,timestamp,8349,train
20170208102043208.jpg,0,timestamp,8350,train
20170208103213625.jpg,0,timestamp,7440,val
20170208110425349.jpg,0,timestamp,8351,train
20170208110426898.jpg,0,timestamp,8352,train
20170208112205253.jpg,0,timestamp,8353,train
20170208112205715.jpg,0,timestamp,8354,test
20170208133101841.jpg,0,timestamp,8355,val
20170208133103727.jpg,0,timestamp,8356,val
20170208134713854.jpg,0,timestamp,8357,train
20170208135854881.jpg,0,timestamp,8358,test
20170208143852512.jpg,0,timestamp,8359,train
20170208143852684.jpg,0,timestamp,8360,train
20170208144423443.jpg,0,timestamp,8361,train
20170208144726672.jpg,0,timestamp,8362,train
20170208144726999.jpg,0,timestamp,8363,train
20170208144810326.jpg,0,timestamp,8364,val
20170208145310499.jpg,0,timestamp,8365,train
20170208145455389.jpg,0,timestamp,8366,test
20170208145455755.jpg,0,timestamp,8367,train
20170208152302138.jpg,0,timestamp,8368,train
20170208152349420.jpg,0,timestamp,8369,train
20170208160944271.jpg,0,timestamp,8370,train
20170208172320643.jpg,0,timestamp,8371,val
20170208173110046.jpg,0,timestamp,8372,train
20170208173707692.jpg,0,timestamp,8373,train
20170208173959320.jpg,0,timestamp,8374,train
20170208174022044.jpg,0,timestamp,8375,train
20170208174537830.jpg,0,timestamp,8376,test
20170208174556431.jpg,0,timestamp,8377,val
20170208174752473.jpg,0,timestamp,8378,train
20170208175254303.jpg,0,timestamp,8379,train
20170208175428715.jpg,0,timestamp,8380,train
20170208175451610.jpg,0,timestamp,8381,test
20170208175657652.jpg,0,timestamp,8382,train
20170208175719177.jpg,0,timestamp,8383,val
20170208175905779.jpg,0,timestamp,8384,train
20170208180148724.jpg,0,timestamp,8385,train
20170209090114947.jpg,0,timestamp,8386,train
20170209090205265.jpg,0,timestamp,8387,train
20170209092651396.jpg,0,timestamp,8388,test
20170209093014771.jpg,0,timestamp,8389,train
20170209093024297.jpg,0,timestamp,8390,train
20170209102519919.jpg,0,timestamp,8391,train
20170209131217406.jpg,0,timestamp,8392,test
20170209131335802.jpg,0,timestamp,8393,val
20170209131348114.jpg,0,timestamp,8394,train
20170209131551045.jpg,0,timestamp,8395,train
20170209131615238.jpg,0,timestamp,8396,train
20170209134010911.jpg,0,timestamp,8397,train
20170209134240203.jpg,0,timestamp,8398,val
20170209134240541.jpg,0,timestamp,8399,train
20170209134432804.jpg,0,timestamp,8400,train
20170209140451728.jpg,0,timestamp,8401,train
20170209143140243.jpg,0,timestamp,8402,train
20170209143259326.jpg,0,timestamp,8403,test
20170209143329557.jpg,0,timestamp,8404,train
20170209151045082.jpg,0,timestamp,8405,train
20170209151052217.jpg,0,timestamp,8406,val
20170209151144184.jpg,0,timestamp,8407,train
20170209151151417.jpg,0,timestamp,8408,test
20170209151248467.jpg,0,timestamp,8409,train
20170209163147270.jpg,0,timestamp,8410,train
20170209163151745.jpg,0,timestamp,8411,train
20170209164220825.jpg,0,timestamp,8412,val
20170209164229594.jpg,0,timestamp,8413,train
20170209164906911.jpg,0,timestamp,8405,train
20170209164913408.jpg,0,timestamp,8406,val
20170209165032574.jpg,0,timestamp,8407,train
20170209165039458.jpg,0,timestamp,8408,test
20170209165155852.jpg,0,timestamp,8409,train
20170210092149547.jpg,0,timestamp,8414,train
20170210092155498.jpg,0,timestamp,8415,test
20170210092554204.jpg,0,timestamp,8416,train
20170210094615901.jpg,0,timestamp,8417,test
20170210095117593.jpg,0,timestamp,8418,train
20170210095521851.jpg,0,timestamp,8419,train
20170210121233990.jpg,0,timestamp,8420,train
20170210121255956.jpg,0,timestamp,8421,train
20170210121352215.jpg,0,timestamp,8422,val
20170210121831127.jpg,0,timestamp,8423,train
20170210121850656.jpg,0,timestamp,8424,train
20170210121955624.jpg,0,timestamp,8425,train
20170210122254265.jpg,0,timestamp,8426,val
20170210122650436.jpg,0,timestamp,8427,train
20170210122710726.jpg,0,timestamp,8428,train
20170210122835835.jpg,0,timestamp,8429,val
20170210145621125.jpg,0,timestamp,8430,test
20170210161551421.jpg,0,timestamp,8430,test
20170210161908570.jpg,0,timestamp,8431,train
20170210161909082.jpg,0,timestamp,8432,train
20170210162313359.jpg,0,timestamp,8412,val
20170210162323933.jpg,0,timestamp,8413,train
20170210163026981.jpg,0,timestamp,8433,train
20170210163031148.jpg,0,timestamp,8434,train
20170210165326134.jpg,0,timestamp,8435,train
20170210165605591.jpg,0,timestamp,8436,test
20170210165610120.jpg,0,timestamp,8437,train
20170210165822208.jpg,0,timestamp,8438,train
20170210165827268.jpg,0,timestamp,8439,train
20170211082727722.jpg,0,timestamp,8440,train
20170211092159114.jpg,0,timestamp,8441,train
20170211092207309.jpg,0,timestamp,8442,train
20170211112234910.jpg,0,timestamp,8443,val
20170211112235709.jpg,0,timestamp,8444,train
20170211150927263.jpg,0,timestamp,8445,test
20170211162319343.jpg,0,timestamp,8446,train
20170211162406924.jpg,0,timestamp,8447,train
20170211162412879.jpg,0,timestamp,8448,val
20170212142057186.jpg,0,timestamp,8449,train
20170212142108296.jpg,0,timestamp,8450,train
20170213081351910.jpg,0,timestamp,8451,train
20170213081352167.jpg,0,timestamp,8452,train
20170213091344083.jpg,0,timestamp,8453,train
20170213091344555.jpg,0,timestamp,8454,val
20170213091511155.jpg,0,timestamp,8455,test
20170213091557380.jpg,0,timestamp,8456,train
20170213091838826.jpg,0,timestamp,8457,train
20170213091841576.jpg,0,timestamp,8458,train
20170213091846608.jpg,0,timestamp,8459,train
20170213091846694.jpg,0,timestamp,8460,train
20170213094416087.jpg,0,timestamp,8461,test
20170213094713612.jpg,0,timestamp,8462,train
20170213094713916.jpg,0,timestamp,8463,train
20170213104307130.jpg,0,timestamp,8464,train
20170213104307598.jpg,0,timestamp,8465,val
20170213115422058.jpg,0,timestamp,8466,test
20170213115425791.jpg,0,timestamp,8467,train
20170213115541839.jpg,0,timestamp,8468,val
20170213115649031.jpg,0,timestamp,8469,train
20170213115653996.jpg,0,timestamp,8469,train
20170213133348442.jpg,0,timestamp,8470,train
20170213134043415.jpg,0,timestamp,8471,train
20170213134047799.jpg,0,timestamp,8470,train
20170213140105432.jpg,0,timestamp,8472,train
20170213143210304.jpg,0,timestamp,8473,test
20170213143235311.jpg,0,timestamp,8474,train
20170213143240672.jpg,0,timestamp,8475,train
20170213154311956.jpg,0,timestamp,8476,val
20170213154950093.jpg,0,timestamp,8477,train
20170213165734780.jpg,0,timestamp,8478,test
20170213165754449.jpg,0,timestamp,8479,train
20170213165901333.jpg,0,timestamp,8480,train
20170213165917903.jpg,0,timestamp,8481,train
20170213170102397.jpg,0,timestamp,8482,train
20170213170349139.jpg,0,timestamp,8483,train
20170213170404024.jpg,0,timestamp,8484,val
20170213170633871.jpg,0,timestamp,8485,train
20170213170649949.jpg,0,timestamp,8486,test
20170214084615083.jpg,0,timestamp,8487,train
20170214091106462.jpg,0,timestamp,8488,train
20170214091449944.jpg,0,timestamp,8489,train
20170214093017393.jpg,0,timestamp,8490,train
20170214093024019.jpg,0,timestamp,8491,val
20170214095358288.jpg,0,timestamp,8492,train
20170214095952970.jpg,0,timestamp,8493,test
20170214095955848.jpg,0,timestamp,8494,train
20170214100028230.jpg,0,timestamp,8495,val
20170214100035162.jpg,0,timestamp,8496,train
20170214100344931.jpg,0,timestamp,8497,train
20170214100607018.jpg,0,timestamp,8498,val
20170214100611376.jpg,0,timestamp,8499,test
20170214101434814.jpg,0,timestamp,8500,train
20170214101459522.jpg,0,timestamp,8501,train
20170214103709991.jpg,0,timestamp,8502,train
20170214103710489.jpg,0,timestamp,8503,train
20170214135751487.jpg,0,timestamp,8504,test
20170214135802377.jpg,0,timestamp,8505,train
20170214144104651.jpg,0,timestamp,8506,train
20170214144743190.jpg,0,timestamp,8507,train
20170214144744712.jpg,0,timestamp,8508,train
20170214144812293.jpg,0,timestamp,8509,train
20170214145205746.jpg,0,timestamp,8510,train
20170214145306157.jpg,0,timestamp,8511,val
20170214145428338.jpg,0,timestamp,8512,train
20170214145510533.jpg,0,timestamp,8513,train
20170214163634982.jpg,0,timestamp,8514,train
20170214163639877.jpg,0,timestamp,8515,test
20170214165305181.jpg,0,timestamp,8516,train
20170214165745086.jpg,0,timestamp,8517,train
20170214212633095.jpg,0,timestamp,8518,train
20170214213145253.jpg,0,timestamp,8519,test
20170214213146045.jpg,0,timestamp,8520,val
20170214213332016.jpg,0,timestamp,8521,train
20170214214211574.jpg,0,timestamp,8522,train
20170214214752721.jpg,0,timestamp,8523,train
20170214214827319.jpg,0,timestamp,8524,val
20170214214827798.jpg,0,timestamp,8525,train
20170214215234793.jpg,0,timestamp,8526,train
20170214215704381.jpg,0,timestamp,8527,train
20170214215839470.jpg,0,timestamp,8528,train
20170214215839563.jpg,0,timestamp,8529,test
20170214215942024.jpg,0,timestamp,8530,train
20170214215942845.jpg,0,timestamp,8531,val
20170214220241697.jpg,0,timestamp,8532,train
20170214220333097.jpg,0,timestamp,8533,train
20170214220333553.jpg,0,timestamp,8534,val
20170214220426150.jpg,0,timestamp,8535,train
20170214220639640.jpg,0,timestamp,8536,train
20170214220640168.jpg,0,timestamp,8537,test
20170215091730330.jpg,0,timestamp,8538,train
20170215091932804.jpg,0,timestamp,8402,train
20170215091933132.jpg,0,timestamp,8539,test
20170215092125739.jpg,0,timestamp,8403,test
20170215092126197.jpg,0,timestamp,8540,train
20170215092158761.jpg,0,timestamp,8404,train
20170215093444076.jpg,0,timestamp,8541,train
20170215093444594.jpg,0,timestamp,8542,train
20170215093524231.jpg,0,timestamp,8543,train
20170215094301549.jpg,0,timestamp,8544,val
20170215094301874.jpg,0,timestamp,8545,train
20170215094437640.jpg,0,timestamp,8546,train
20170215094438125.jpg,0,timestamp,8547,train
20170215101220829.jpg,0,timestamp,8548,val
20170215101222348.jpg,0,timestamp,8549,train
20170215102113545.jpg,0,timestamp,8550,test
20170215102114029.jpg,0,timestamp,8551,train
20170215103258027.jpg,0,timestamp,8552,train
20170215104325950.jpg,0,timestamp,8553,val
20170215104327523.jpg,0,timestamp,8554,train
20170215104620399.jpg,0,timestamp,8555,train
20170215104620891.jpg,0,timestamp,8556,train
20170215134305589.jpg,0,timestamp,8557,train
20170215135010544.jpg,0,timestamp,8558,train
20170215142210754.jpg,0,timestamp,8559,train
20170215154527743.jpg,0,timestamp,8560,test
20170215164612528.jpg,0,timestamp,8561,train
20170215164822467.jpg,0,timestamp,8562,val
20170215164839770.jpg,0,timestamp,8563,train
20170215164933601.jpg,0,timestamp,8564,train
20170215164948886.jpg,0,timestamp,8565,train
20170215165117445.jpg,0,timestamp,8566,test
20170215165517404.jpg,0,timestamp,8567,train
20170215165518267.jpg,0,timestamp,8568,val
20170215165902262.jpg,0,timestamp,8569,train
20170215165902746.jpg,0,timestamp,8570,train
20170215171837145.jpg,0,timestamp,8571,train
20170215171853670.jpg,0,timestamp,8572,test
20170215223446750.jpg,0,timestamp,8573,train
20170215223447162.jpg,0,timestamp,8574,train
20170215223636956.jpg,0,timestamp,8575,train
20170215223736752.jpg,0,timestamp,8574,train
20170215223846997.jpg,0,timestamp,8576,train
20170215224039102.jpg,0,timestamp,8577,train
20170215224559176.jpg,0,timestamp,8578,test
20170215225546764.jpg,0,timestamp,8579,train
20170215225711319.jpg,0,timestamp,8580,val
20170215225711779.jpg,0,timestamp,8581,train
20170216090007274.jpg,0,timestamp,8582,train
20170216090134393.jpg,0,timestamp,8583,train
20170216090542938.jpg,0,timestamp,8584,train
20170216090543323.jpg,0,timestamp,8585,val
20170216091719025.jpg,0,timestamp,8586,test
20170216092815706.jpg,0,timestamp,8555,train
20170216092816210.jpg,0,timestamp,8556,train
20170216104033730.jpg,0,timestamp,8587,train
20170216104034957.jpg,0,timestamp,8588,train
20170216104121507.jpg,0,timestamp,8589,train
20170216104204068.jpg,0,timestamp,8590,train
20170216142054406.jpg,0,timestamp,8591,test
20170216143323349.jpg,0,timestamp,8592,train
20170216144248597.jpg,0,timestamp,8593,val
20170216144456454.jpg,0,timestamp,8594,train
20170216144507913.jpg,0,timestamp,8595,val
20170216153556109.jpg,0,timestamp,8596,train
20170216154809771.jpg,0,timestamp,8597,train
20170216154926247.jpg,0,timestamp,8598,train
20170216155310097.jpg,0,timestamp,8599,train
20170216161229969.jpg,0,timestamp,8600,test
20170216161251995.jpg,0,timestamp,8600,test
20170216172124099.jpg,0,timestamp,8601,train
20170216172145841.jpg,0,timestamp,8602,train
20170216172253836.jpg,0,timestamp,8603,train
20170216172422578.jpg,0,timestamp,8604,train
20170216173426942.jpg,0,timestamp,8605,val
20170216173745712.jpg,0,timestamp,8606,train
20170216181312400.jpg,0,timestamp,8607,train
20170217091021120.jpg,0,timestamp,8608,test
20170217091021525.jpg,0,timestamp,8609,train
20170217091113294.jpg,0,timestamp,8610,train
20170217091113756.jpg,0,timestamp,8611,train
20170217095932475.jpg,0,timestamp,8612,train
20170217095932938.jpg,0,timestamp,8613,val
20170217100112164.jpg,0,timestamp,8614,train
20170217102353762.jpg,0,timestamp,8615,train
20170217102354224.jpg,0,timestamp,8616,test
20170217105540766.jpg,0,timestamp,8590,train
20170217105824807.jpg,0,timestamp,8617,train
20170217105826821.jpg,0,timestamp,8618,train
20170217110404453.jpg,0,timestamp,8619,val
20170217110405216.jpg,0,timestamp,8620,train
20170217114218024.jpg,0,timestamp,8621,val
20170217114222834.jpg,0,timestamp,8622,train
20170217121538805.jpg,0,timestamp,8623,train
20170217133432256.jpg,0,timestamp,8624,test
20170217134558267.jpg,0,timestamp,8625,train
20170217154756331.jpg,0,timestamp,4992,train
20170217161948427.jpg,0,timestamp,8626,train
20170217164410800.jpg,0,timestamp,8627,train
20170217170607887.jpg,0,timestamp,8628,train
20170217170801835.jpg,0,timestamp,8629,test
20170217170911791.jpg,0,timestamp,8630,train
20170217171152107.jpg,0,timestamp,8631,train
20170217171845073.jpg,0,timestamp,8632,val
20170217172030131.jpg,0,timestamp,8633,train
20170217172045939.jpg,0,timestamp,8634,train
20170217172406226.jpg,0,timestamp,8635,test
20170217172425743.jpg,0,timestamp,8636,train
20170218141746210.jpg,0,timestamp,8637,train
20170219153910177.jpg,0,timestamp,8638,train
20170219165829586.jpg,0,timestamp,8639,train
20170219165837817.jpg,0,timestamp,8640,train
20170220083332735.jpg,0,timestamp,8641,train
20170220083337455.jpg,0,timestamp,8642,test
20170220085827869.jpg,0,timestamp,8643,val
20170220085833145.jpg,0,timestamp,8644,train
20170220091737255.jpg,0,timestamp,8645,train
20170220091914375.jpg,0,timestamp,8646,train
20170220091917601.jpg,0,timestamp,8647,train
20170220092338749.jpg,0,timestamp,8648,val
20170220095322315.jpg,0,timestamp,8649,test
20170220095322707.jpg,0,timestamp,8650,train
20170220100439903.jpg,0,timestamp,8651,train
20170220100624432.jpg,0,timestamp,8652,train
20170220100625665.jpg,0,timestamp,8653,train
20170220104152702.jpg,0,timestamp,8654,val
20170220104405877.jpg,0,timestamp,8655,train
20170220104608396.jpg,0,timestamp,8656,test
20170220104608752.jpg,0,timestamp,8657,train
20170220133324808.jpg,0,timestamp,8658,train
20170220133327199.jpg,0,timestamp,8659,train
20170220135216094.jpg,0,timestamp,8660,train
20170220135627133.jpg,0,timestamp,8661,val
20170220135657675.jpg,0,timestamp,8662,train
20170220135727932.jpg,0,timestamp,8663,test
20170220140108640.jpg,0,timestamp,8664,val
20170220140114740.jpg,0,timestamp,8665,train
20170220140220670.jpg,0,timestamp,8666,train
20170220140226350.jpg,0,timestamp,8667,train
20170220143121830.jpg,0,timestamp,8668,train
20170220143131426.jpg,0,timestamp,8669,train
20170220143453654.jpg,0,timestamp,8670,train
20170220143502360.jpg,0,timestamp,8671,test
20170220151908278.jpg,0,timestamp,8618,train
20170220151908590.jpg,0,timestamp,8617,train
20170220152001953.jpg,0,timestamp,8672,train
20170220154504219.jpg,0,timestamp,8673,train
20170220154741467.jpg,0,timestamp,8674,train
20170220174809874.jpg,0,timestamp,8496,train
20170220174934041.jpg,0,timestamp,8675,train
20170220175651790.jpg,0,timestamp,8676,val
20170221080059896.jpg,0,timestamp,8677,test
20170221080104334.jpg,0,timestamp,8678,train
20170221080927786.jpg,0,timestamp,8679,train
20170221085350842.jpg,0,timestamp,8680,train
20170221090825365.jpg,0,timestamp,8681,train
20170221090830670.jpg,0,timestamp,8682,val
20170221091239416.jpg,0,timestamp,8683,train
20170221093102559.jpg,0,timestamp,8684,test
20170221093102893.jpg,0,timestamp,8685,train
20170221093313426.jpg,0,timestamp,8686,train
20170221093314325.jpg,0,timestamp,8687,val
20170221095742351.jpg,0,timestamp,8688,train
20170221102343670.jpg,0,timestamp,8689,train
20170221102353332.jpg,0,timestamp,8690,train
20170221103050026.jpg,0,timestamp,8691,test
20170221103220111.jpg,0,timestamp,8692,train
20170221103227712.jpg,0,timestamp,8693,val
20170221103500961.jpg,0,timestamp,8694,train
20170221103828836.jpg,0,timestamp,8695,train
20170221103936772.jpg,0,timestamp,8696,train
20170221103944179.jpg,0,timestamp,8697,train
20170221104145522.jpg,0,timestamp,8698,test
20170221104549767.jpg,0,timestamp,8699,train
20170221105601026.jpg,0,timestamp,8700,train
20170221110203732.jpg,0,timestamp,8701,train
20170221110759832.jpg,0,timestamp,8702,val
20170221111137237.jpg,0,timestamp,8703,test
20170221113000307.jpg,0,timestamp,8704,train
20170221135011349.jpg,0,timestamp,8705,train
20170221135021002.jpg,0,timestamp,8706,train
20170221135117293.jpg,0,timestamp,8707,train
20170221135126278.jpg,0,timestamp,8708,train
20170221140104225.jpg,0,timestamp,8709,train
20170221141931314.jpg,0,timestamp,8710,val
20170221143257485.jpg,0,timestamp,8711,train
20170221143301021.jpg,0,timestamp,8712,train
20170221143608212.jpg,0,timestamp,8713,test
20170221143649570.jpg,0,timestamp,8714,train
20170221143913822.jpg,0,timestamp,8715,train
20170221143914045.jpg,0,timestamp,8716,train
20170221143940428.jpg,0,timestamp,8717,test
20170221143958712.jpg,0,timestamp,8718,train
20170221143959074.jpg,0,timestamp,8719,val
20170221145200535.jpg,0,timestamp,8720,train
20170221145201333.jpg,0,timestamp,8721,val
20170221145429884.jpg,0,timestamp,8673,train
20170221145500161.jpg,0,timestamp,8674,train
20170221145524121.jpg,0,timestamp,8722,train
20170221145536662.jpg,0,timestamp,8723,train
20170221145944716.jpg,0,timestamp,8724,train
20170221150643231.jpg,0,timestamp,8725,train
20170221150644411.jpg,0,timestamp,8726,train
20170221150708690.jpg,0,timestamp,8727,train
20170221150753870.jpg,0,timestamp,8728,train
20170221150754290.jpg,0,timestamp,8729,val
20170221155007652.jpg,0,timestamp,8730,test
20170221160520948.jpg,0,timestamp,8731,train
20170221161327553.jpg,0,timestamp,8732,train
20170221161443950.jpg,0,timestamp,8733,train
20170221161525729.jpg,0,timestamp,8734,train
20170221161526000.jpg,0,timestamp,8735,train
20170221161638764.jpg,0,timestamp,8736,train
20170221161639113.jpg,0,timestamp,8737,test
20170221161725190.jpg,0,timestamp,8738,train
20170221161840282.jpg,0,timestamp,8739,val
20170221162224426.jpg,0,timestamp,4180,test
20170221162224605.jpg,0,timestamp,4181,train
20170221162251875.jpg,0,timestamp,4182,train
20170221162252402.jpg,0,timestamp,4183,val
20170221162325961.jpg,0,timestamp,4184,train
20170221162451869.jpg,0,timestamp,8740,train
20170221162452021.jpg,0,timestamp,8741,test
20170221162521163.jpg,0,timestamp,8742,val
20170221162521538.jpg,0,timestamp,8743,train
20170221162548131.jpg,0,timestamp,8744,train
20170221162616970.jpg,0,timestamp,8745,train
20170221162617267.jpg,0,timestamp,8746,train
20170221163719951.jpg,0,timestamp,8747,train
20170221164707308.jpg,0,timestamp,8748,test
20170221164710064.jpg,0,timestamp,8749,train
20170221180722326.jpg,0,timestamp,8750,val
20170221180754809.jpg,0,timestamp,8751,train
20170221181102813.jpg,0,timestamp,8752,train
20170221181155202.jpg,0,timestamp,8753,train
20170221182209349.jpg,0,timestamp,8754,train
20170221182238646.jpg,0,timestamp,8755,train
20170221195941545.jpg,0,timestamp,8756,test
20170221195952465.jpg,0,timestamp,8757,train
20170221200136293.jpg,0,timestamp,8757,train
20170222092246735.jpg,0,timestamp,8758,train
20170222092538402.jpg,0,timestamp,8759,val
20170222101033047.jpg,0,timestamp,8760,test
20170222101042823.jpg,0,timestamp,8761,train
20170222103749602.jpg,0,timestamp,8762,train
20170222115531845.jpg,0,timestamp,8763,train
20170222145013530.jpg,0,timestamp,8764,train
20170222150127823.jpg,0,timestamp,8619,val
20170222150128857.jpg,0,timestamp,8765,train
20170222150241574.jpg,0,timestamp,8766,val
20170222150401576.jpg,0,timestamp,8767,train
20170222150401839.jpg,0,timestamp,8768,train
20170222150514778.jpg,0,timestamp,8769,val
20170222150550577.jpg,0,timestamp,8770,test
20170222150740420.jpg,0,timestamp,8771,train
20170222151846623.jpg,0,timestamp,8772,train
20170222151853159.jpg,0,timestamp,8773,train
20170222152100234.jpg,0,timestamp,8774,train
20170222152106328.jpg,0,timestamp,8775,train
20170222152227838.jpg,0,timestamp,8776,train
20170222152355928.jpg,0,timestamp,8777,test
20170222152656977.jpg,0,timestamp,8778,train
20170222152702689.jpg,0,timestamp,8779,train
20170222152922467.jpg,0,timestamp,8780,test
20170222153250976.jpg,0,timestamp,8781,train
20170222154002651.jpg,0,timestamp,8782,val
20170222154134083.jpg,0,timestamp,8783,train
20170222154243162.jpg,0,timestamp,8784,train
20170222154713751.jpg,0,timestamp,8785,train
20170222181029058.jpg,0,timestamp,8786,train
20170222181046885.jpg,0,timestamp,8787,val
20170222182528203.jpg,0,timestamp,8788,train
20170222182549409.jpg,0,timestamp,8789,train
20170222183133649.jpg,0,timestamp,8790,train
20170222183307014.jpg,0,timestamp,8791,test
20170222183325776.jpg,0,timestamp,8792,train
20170222183911260.jpg,0,timestamp,8793,train
20170222184100871.jpg,0,timestamp,8794,train
20170223084259166.jpg,0,timestamp,8795,train
20170223084433668.jpg,0,timestamp,8796,val
20170223084434009.jpg,0,timestamp,8797,train
20170223090156273.jpg,0,timestamp,8798,train
20170223090159890.jpg,0,timestamp,8799,test
20170223092417385.jpg,0,timestamp,8800,train
20170223094009879.jpg,0,timestamp,8801,train
20170223094010243.jpg,0,timestamp,8802,train
20170223094123204.jpg,0,timestamp,8739,val
20170223094344910.jpg,0,timestamp,8738,train
20170223094427379.jpg,0,timestamp,8736,train
20170223094427567.jpg,0,timestamp,8737,test
20170223094629433.jpg,0,timestamp,8734,train
20170223094629597.jpg,0,timestamp,8735,train
20170223094729353.jpg,0,timestamp,8733,train
20170223095206485.jpg,0,timestamp,8732,train
20170223101333153.jpg,0,timestamp,8803,val
20170223102219685.jpg,0,timestamp,8804,train
20170223103956335.jpg,0,timestamp,8805,train
20170223103956938.jpg,0,timestamp,8806,test
20170223104628748.jpg,0,timestamp,8807,train
20170223104629220.jpg,0,timestamp,8808,train
20170223104830204.jpg,0,timestamp,8809,train
20170223104830717.jpg,0,timestamp,8810,train
20170223105735837.jpg,0,timestamp,8811,val
20170223113539002.jpg,0,timestamp,8812,train
20170223113740160.jpg,0,timestamp,8813,train
20170223114244398.jpg,0,timestamp,8814,train
20170223114249989.jpg,0,timestamp,8815,test
20170223114348869.jpg,0,timestamp,8816,train
20170223114525878.jpg,0,timestamp,8817,val
20170223114531468.jpg,0,timestamp,8818,test
20170223115107087.jpg,0,timestamp,8819,train
20170223115112397.jpg,0,timestamp,8820,train
20170223115256398.jpg,0,timestamp,8821,train
20170223115348146.jpg,0,timestamp,8822,train
20170223115353186.jpg,0,timestamp,8823,val
20170223142304907.jpg,0,timestamp,8824,train
20170223142340246.jpg,0,timestamp,8825,train
20170223142426042.jpg,0,timestamp,8826,test
20170223145414095.jpg,0,timestamp,8827,train
20170223145610568.jpg,0,timestamp,8828,train
20170223145726061.jpg,0,timestamp,8829,train
20170223145813763.jpg,0,timestamp,8830,train
20170223145817474.jpg,0,timestamp,8831,test
20170223151243883.jpg,0,timestamp,8832,val
20170223151244647.jpg,0,timestamp,8833,train
20170223151510068.jpg,0,timestamp,8834,train
20170223151510483.jpg,0,timestamp,8835,train
20170223151907677.jpg,0,timestamp,8836,train
20170223151908132.jpg,0,timestamp,8837,train
20170223152324262.jpg,0,timestamp,8838,val
20170223152358857.jpg,0,timestamp,8839,test
20170223152359346.jpg,0,timestamp,8840,train
20170223152427638.jpg,0,timestamp,8841,train
20170223152427782.jpg,0,timestamp,8842,train
20170223153124868.jpg,0,timestamp,8843,train
20170223153134954.jpg,0,timestamp,8844,train
20170223171302321.jpg,0,timestamp,8771,train
20170223171323774.jpg,0,timestamp,8845,val
20170223171327021.jpg,0,timestamp,8846,train
20170223171448943.jpg,0,timestamp,8847,test
20170223171621953.jpg,0,timestamp,8848,train
20170223171624239.jpg,0,timestamp,8849,train
20170223171707737.jpg,0,timestamp,8850,train
20170223171709606.jpg,0,timestamp,8851,val
20170223171757680.jpg,0,timestamp,8852,train
20170223171923045.jpg,0,timestamp,8853,test
20170223171925324.jpg,0,timestamp,8854,train
20170223174136215.jpg,0,timestamp,8855,train
20170223174340183.jpg,0,timestamp,8856,train
20170223174358130.jpg,0,timestamp,8857,train
20170223174544090.jpg,0,timestamp,8858,val
20170223174939566.jpg,0,timestamp,8859,train
20170223174957075.jpg,0,timestamp,8860,train
20170224093843434.jpg,0,timestamp,8861,test
20170224093843606.jpg,0,timestamp,8862,train
20170224093943642.jpg,0,timestamp,8863,train
20170224094042228.jpg,0,timestamp,8864,train
20170224094234195.jpg,0,timestamp,8865,train
20170224104019642.jpg,0,timestamp,8866,train
20170224104412534.jpg,0,timestamp,8867,test
20170224104412980.jpg,0,timestamp,8868,train
20170224104635011.jpg,0,timestamp,8869,val
20170224104635817.jpg,0,timestamp,8870,train
20170224105350078.jpg,0,timestamp,8871,val
20170224105520090.jpg,0,timestamp,8872,train
20170224105604117.jpg,0,timestamp,8873,train
20170224105612339.jpg,0,timestamp,8874,test
20170224105623779.jpg,0,timestamp,8875,train
20170224105714794.jpg,0,timestamp,8876,train
20170224110130817.jpg,0,timestamp,8877,test
20170224110136437.jpg,0,timestamp,8878,train
20170224110405729.jpg,0,timestamp,8879,train
20170224110411568.jpg,0,timestamp,8880,val
20170224111208087.jpg,0,timestamp,8881,train
20170224111214174.jpg,0,timestamp,8882,train
20170224113103144.jpg,0,timestamp,8883,test
20170224113109074.jpg,0,timestamp,8884,train
20170224113232654.jpg,0,timestamp,8885,train
20170224114427255.jpg,0,timestamp,8886,train
20170224114432990.jpg,0,timestamp,8887,train
20170224114612669.jpg,0,timestamp,8888,val
20170224114811724.jpg,0,timestamp,8889,train
20170224114824682.jpg,0,timestamp,8890,train
20170224133411553.jpg,0,timestamp,8891,test
20170224133421226.jpg,0,timestamp,8892,train
20170224142859643.jpg,0,timestamp,8893,train
20170224143729453.jpg,0,timestamp,8894,train
20170224143736405.jpg,0,timestamp,8895,train
20170224144336769.jpg,0,timestamp,8896,val
20170224144337713.jpg,0,timestamp,8897,test
20170224144631192.jpg,0,timestamp,8898,train
20170224144635533.jpg,0,timestamp,8899,train
20170224144944222.jpg,0,timestamp,8900,train
20170224145117874.jpg,0,timestamp,8901,train
20170224150453809.jpg,0,timestamp,8902,train
20170224150454270.jpg,0,timestamp,8903,val
20170224151258095.jpg,0,timestamp,8904,train
20170224151258535.jpg,0,timestamp,8905,train
20170224153515947.jpg,0,timestamp,8906,val
20170224160057504.jpg,0,timestamp,8907,train
20170224160101048.jpg,0,timestamp,8908,train
20170224160241060.jpg,0,timestamp,8909,test
20170224160317096.jpg,0,timestamp,8910,test
20170224160317500.jpg,0,timestamp,8911,train
20170224160348217.jpg,0,timestamp,8912,train
20170224160348398.jpg,0,timestamp,8913,train
20170224160527421.jpg,0,timestamp,8914,train
20170224160527519.jpg,0,timestamp,8915,train
20170224160614394.jpg,0,timestamp,8916,train
20170224160849823.jpg,0,timestamp,8917,val
20170224160850224.jpg,0,timestamp,8918,test
20170224160919206.jpg,0,timestamp,8919,train
20170224160919351.jpg,0,timestamp,8920,train
20170224161312677.jpg,0,timestamp,8921,train
20170224161522681.jpg,0,timestamp,8922,train
20170224161618630.jpg,0,timestamp,8923,val
20170224161918334.jpg,0,timestamp,8924,test
20170224170411991.jpg,0,timestamp,8925,val
20170224170630551.jpg,0,timestamp,8926,train
20170224181228718.jpg,0,timestamp,8927,train
20170224181242827.jpg,0,timestamp,8928,train
20170224211818306.jpg,0,timestamp,8929,train
20170224211820615.jpg,0,timestamp,8930,train
20170224212408649.jpg,0,timestamp,8931,test
20170224212715579.jpg,0,timestamp,8932,train
20170224212717668.jpg,0,timestamp,8933,train
20170224212928266.jpg,0,timestamp,8934,train
20170224213138718.jpg,0,timestamp,8935,train
20170224214241885.jpg,0,timestamp,8936,val
20170224214334690.jpg,0,timestamp,8937,train
20170224214637264.jpg,0,timestamp,8938,train
20170224215420169.jpg,0,timestamp,8939,test
20170224215834352.jpg,0,timestamp,8940,train
20170224220101554.jpg,0,timestamp,8941,train
20170224220206063.jpg,0,timestamp,8942,train
20170224220303302.jpg,0,timestamp,8943,train
20170224220806889.jpg,0,timestamp,8944,train
20170224221350415.jpg,0,timestamp,8945,val
20170224221735464.jpg,0,timestamp,8946,train
20170224222142423.jpg,0,timestamp,8947,test
20170224222711000.jpg,0,timestamp,8948,train
20170225103023068.jpg,0,timestamp,8949,train
20170225105517257.jpg,0,timestamp,8950,train
20170225144727431.jpg,0,timestamp,8951,train
20170225144731690.jpg,0,timestamp,8952,val
20170225194024529.jpg,0,timestamp,8953,train
20170225194228528.jpg,0,timestamp,8954,train
20170225194404821.jpg,0,timestamp,8955,train
20170225195612147.jpg,0,timestamp,8956,test
20170225195614603.jpg,0,timestamp,8957,train
20170225200559289.jpg,0,timestamp,8958,val
20170225201448382.jpg,0,timestamp,8959,train
20170225201956347.jpg,0,timestamp,8960,train
20170225202000260.jpg,0,timestamp,8961,test
20170225202048107.jpg,0,timestamp,8962,train
20170225202052377.jpg,0,timestamp,8963,train
20170225202139479.jpg,0,timestamp,8964,train
20170225202554811.jpg,0,timestamp,8965,train
20170225202651301.jpg,0,timestamp,8966,test
20170225202734480.jpg,0,timestamp,8967,train
20170225202833683.jpg,0,timestamp,8968,train
20170225203027503.jpg,0,timestamp,8969,val
20170225203142850.jpg,0,timestamp,8970,train
20170225203146467.jpg,0,timestamp,8971,train
20170225203647881.jpg,0,timestamp,8972,val
20170226083547139.jpg,0,timestamp,8973,train
20170226083551331.jpg,0,timestamp,8974,test
20170226084101981.jpg,0,timestamp,8975,train
20170226084422957.jpg,0,timestamp,8976,train
20170226090215881.jpg,0,timestamp,8977,train
20170226090217982.jpg,0,timestamp,8978,train
20170226090329392.jpg,0,timestamp,8979,val
20170226090801123.jpg,0,timestamp,8980,train
20170226091306296.jpg,0,timestamp,8981,train
20170226092823995.jpg,0,timestamp,8982,test
20170226092855367.jpg,0,timestamp,8983,train
20170226092924204.jpg,0,timestamp,8984,train
20170226092957972.jpg,0,timestamp,8985,train
20170226093026001.jpg,0,timestamp,8973,train
20170226093027863.jpg,0,timestamp,8974,test
20170226093322210.jpg,0,timestamp,8986,train
20170226093353681.jpg,0,timestamp,8987,val
20170226093451361.jpg,0,timestamp,8988,test
20170226093639051.jpg,0,timestamp,8989,train
20170226093758363.jpg,0,timestamp,8990,train
20170226094501379.jpg,0,timestamp,8991,train
20170226100606428.jpg,0,timestamp,8992,train
20170226202658176.jpg,0,timestamp,8993,train
20170226202959157.jpg,0,timestamp,8994,train
20170226204126538.jpg,0,timestamp,8995,val
20170226204323282.jpg,0,timestamp,8996,test
20170226204645085.jpg,0,timestamp,8997,train
20170226204954189.jpg,0,timestamp,8998,train
20170226205337984.jpg,0,timestamp,8999,train
20170226205347603.jpg,0,timestamp,9000,train
20170226210325463.jpg,0,timestamp,9001,train
20170226214352293.jpg,0,timestamp,9002,test
20170226214404210.jpg,0,timestamp,9003,val
20170226214712650.jpg,0,timestamp,9004,train
20170226214722834.jpg,0,timestamp,9005,train
20170226214815940.jpg,0,timestamp,9006,val
20170226214822932.jpg,0,timestamp,9007,train
20170226215047840.jpg,0,timestamp,9008,train
20170226215154468.jpg,0,timestamp,9009,train
20170226215522575.jpg,0,timestamp,9010,test
20170226220519495.jpg,0,timestamp,9011,train
20170226220554485.jpg,0,timestamp,9012,train
20170226221006886.jpg,0,timestamp,9013,train
20170226222626751.jpg,0,timestamp,9014,val
20170226222920772.jpg,0,timestamp,9015,train
20170226222929730.jpg,0,timestamp,9016,train
20170226223144290.jpg,0,timestamp,9017,test
20170226223314837.jpg,0,timestamp,9018,train
20170226223624346.jpg,0,timestamp,9019,train
20170226223735491.jpg,0,timestamp,9020,train
20170226224620828.jpg,0,timestamp,9021,train
20170226224627457.jpg,0,timestamp,9022,train
20170226225400342.jpg,0,timestamp,9023,val
20170226225501999.jpg,0,timestamp,9024,train
20170226225505931.jpg,0,timestamp,9025,test
20170226225606060.jpg,0,timestamp,9026,val
20170226225853947.jpg,0,timestamp,9027,train
20170226225945858.jpg,0,timestamp,9028,train
20170226225951734.jpg,0,timestamp,9029,test
20170226230628072.jpg,0,timestamp,9030,train
20170226230728104.jpg,0,timestamp,9031,train
20170226230734294.jpg,0,timestamp,9032,train
20170226230839902.jpg,0,timestamp,9033,train
20170226230921903.jpg,0,timestamp,9034,train
20170226231742512.jpg,0,timestamp,9035,train
20170226231939446.jpg,0,timestamp,9036,val
20170226231949313.jpg,0,timestamp,9037,train
20170226232045505.jpg,0,timestamp,9038,train
20170226232202652.jpg,0,timestamp,9039,train
20170226232720349.jpg,0,timestamp,9040,test
20170226232923621.jpg,0,timestamp,9041,train
20170226232930828.jpg,0,timestamp,9042,test
20170226233115447.jpg,0,timestamp,9043,train
20170226234856632.jpg,0,timestamp,9044,train
20170227083936461.jpg,0,timestamp,9045,train
20170227091840469.jpg,0,timestamp,9046,train
20170227092138032.jpg,0,timestamp,9047,val
20170227092138383.jpg,0,timestamp,9048,val
20170227100228221.jpg,0,timestamp,9049,train
20170227103129077.jpg,0,timestamp,9050,train
20170227112324405.jpg,0,timestamp,9051,test
20170227141046442.jpg,0,timestamp,9052,train
20170227155535662.jpg,0,timestamp,9053,train
20170227155723751.jpg,0,timestamp,9054,train
20170227155724235.jpg,0,timestamp,9055,train
20170227160255086.jpg,0,timestamp,9056,train
20170227160255785.jpg,0,timestamp,9057,train
20170227160332039.jpg,0,timestamp,9058,test
20170227160332607.jpg,0,timestamp,9059,val
20170227160405339.jpg,0,timestamp,9060,val
20170227160448936.jpg,0,timestamp,9061,train
20170227160449379.jpg,0,timestamp,9062,train
20170227160550038.jpg,0,timestamp,9063,test
20170227160552411.jpg,0,timestamp,9064,train
20170227160938274.jpg,0,timestamp,9065,train
20170227160938767.jpg,0,timestamp,9066,train
20170227161011636.jpg,0,timestamp,9067,train
20170227161011919.jpg,0,timestamp,9068,test
20170227162046397.jpg,0,timestamp,9069,val
20170227165329946.jpg,0,timestamp,9070,train
20170227165345933.jpg,0,timestamp,9071,train
20170227170240597.jpg,0,timestamp,9072,train
20170227170414359.jpg,0,timestamp,9073,train
20170227170433644.jpg,0,timestamp,9074,train
20170227171849861.jpg,0,timestamp,9075,train
20170227225502933.jpg,0,timestamp,9076,val
20170227225506031.jpg,0,timestamp,9077,test
20170227225758135.jpg,0,timestamp,9078,train
20170227230601700.jpg,0,timestamp,9079,train
20170227231328304.jpg,0,timestamp,9080,val
20170227231503064.jpg,0,timestamp,9081,train
20170227231625537.jpg,0,timestamp,9082,train
20170227231717438.jpg,0,timestamp,9083,train
20170227232409916.jpg,0,timestamp,9084,train
20170227232921286.jpg,0,timestamp,9085,train
20170227233017274.jpg,0,timestamp,9086,test
20170227233110761.jpg,0,timestamp,9087,train
20170227233202405.jpg,0,timestamp,9088,train
20170227233249056.jpg,0,timestamp,9089,val
20170227233252429.jpg,0,timestamp,9090,train
20170227233521812.jpg,0,timestamp,9091,train
20170227233523926.jpg,0,timestamp,9092,val
20170227233608448.jpg,0,timestamp,9093,train
20170227233610496.jpg,0,timestamp,9094,train
20170227233650160.jpg,0,timestamp,9095,test
20170227233652168.jpg,0,timestamp,9096,train
20170227233735201.jpg,0,timestamp,9097,train
20170227234108022.jpg,0,timestamp,9098,train
20170227234341354.jpg,0,timestamp,9099,train
20170227234548662.jpg,0,timestamp,9100,train
20170227234625607.jpg,0,timestamp,9101,train
20170227234628176.jpg,0,timestamp,9102,val
20170227234710854.jpg,0,timestamp,9103,test
20170227234712975.jpg,0,timestamp,9104,train
20170227235503263.jpg,0,timestamp,9105,train
20170227235507961.jpg,0,timestamp,9106,train
20170227235708188.jpg,0,timestamp,9107,test
20170227235709733.jpg,0,timestamp,9108,train
20170227235755846.jpg,0,timestamp,9109,train
20170228000142217.jpg,0,timestamp,9110,val
20170228000229136.jpg,0,timestamp,9111,train
20170228000231666.jpg,0,timestamp,9112,train
20170228090016712.jpg,0,timestamp,9113,train
20170228090926171.jpg,0,timestamp,9114,train
20170228091047322.jpg,0,timestamp,9115,test
20170228091152891.jpg,0,timestamp,9116,train
20170228093712242.jpg,0,timestamp,9117,train
20170228103210905.jpg,0,timestamp,9118,train
20170228111228898.jpg,0,timestamp,9119,train
20170228113922441.jpg,0,timestamp,9120,train
20170228153754885.jpg,0,timestamp,9121,test
20170228154045742.jpg,0,timestamp,9122,train
20170228154049046.jpg,0,timestamp,9123,train
20170228155835468.jpg,0,timestamp,9124,val
20170228155835992.jpg,0,timestamp,9125,val
20170228164709059.jpg,0,timestamp,9126,train
20170228164821696.jpg,0,timestamp,9127,train
20170228164822024.jpg,0,timestamp,9128,test
20170228164856243.jpg,0,timestamp,9129,val
20170228164856656.jpg,0,timestamp,9130,train
20170228164926158.jpg,0,timestamp,9131,train
20170228164926461.jpg,0,timestamp,9132,train
20170228165757798.jpg,0,timestamp,9133,train
20170228165820951.jpg,0,timestamp,9134,train
20170228170116464.jpg,0,timestamp,9135,test
20170228170352472.jpg,0,timestamp,9136,train
20170228170413373.jpg,0,timestamp,9137,train
20170228170540015.jpg,0,timestamp,9138,val
20170228182851681.jpg,0,timestamp,9139,train
20170228183053983.jpg,0,timestamp,9140,test
20170228183252681.jpg,0,timestamp,9141,train
20170228183348982.jpg,0,timestamp,9142,train
20170228221648381.jpg,0,timestamp,9143,train
20170228222045497.jpg,0,timestamp,9144,train
20170228222633906.jpg,0,timestamp,9145,train
20170228222933504.jpg,0,timestamp,9146,train
20170228223247254.jpg,0,timestamp,9147,val
20170228223720726.jpg,0,timestamp,9148,train
20170228223824318.jpg,0,timestamp,9149,train
20170228223828672.jpg,0,timestamp,9150,test
20170228224039884.jpg,0,timestamp,9151,train
20170228224255877.jpg,0,timestamp,9152,val
20170228224257894.jpg,0,timestamp,9153,train
20170228224637625.jpg,0,timestamp,9154,train
20170228224756315.jpg,0,timestamp,9155,train
20170228225413523.jpg,0,timestamp,9156,train
20170228225523381.jpg,0,timestamp,9157,val
20170228225701913.jpg,0,timestamp,9158,train
20170228225708650.jpg,0,timestamp,9159,train
20170228225803920.jpg,0,timestamp,9160,val
20170228225854236.jpg,0,timestamp,9161,test
20170228230102688.jpg,0,timestamp,9162,train
20170228230355356.jpg,0,timestamp,9163,train
20170228230503037.jpg,0,timestamp,9164,train
20170228230505648.jpg,0,timestamp,9165,test
20170228230601428.jpg,0,timestamp,9166,train
20170228230714236.jpg,0,timestamp,9167,train
20170228231119005.jpg,0,timestamp,9168,train
20170228231807286.jpg,0,timestamp,9169,test
20170228231809989.jpg,0,timestamp,9170,train
20170228232209939.jpg,0,timestamp,9171,train
20170301105426466.jpg,0,timestamp,6648,train
20170301105432489.jpg,0,timestamp,6649,train
20170301132539765.jpg,0,timestamp,9172,val
20170301132540149.jpg,0,timestamp,9173,train
20170301142643263.jpg,0,timestamp,6658,train
20170301195924349.jpg,0,timestamp,9174,test
20170302092821598.jpg,0,timestamp,9175,train
20170302100543647.jpg,0,timestamp,9176,train
20170303141757903.jpg,0,timestamp,3895,train
20170303142359965.jpg,0,timestamp,9177,train
20170303142400838.jpg,0,timestamp,6824,test
20170303143347912.jpg,0,timestamp,9178,train
20170307170236226.jpg,0,timestamp,6670,val
20170307170241946.jpg,0,timestamp,6671,train
20170308092312055.jpg,0,timestamp,6682,val
20170308101636070.jpg,0,timestamp,6681,train
20170309170849648.jpg,0,timestamp,9179,val
20170309170855442.jpg,0,timestamp,9180,train
20170310100240678.jpg,0,timestamp,9181,train
20170310100246469.jpg,0,timestamp,9182,train
20170310115514054.jpg,0,timestamp,9183,train
20170310144257966.jpg,0,timestamp,9184,val
20170310152252645.jpg,0,timestamp,9185,test
20170313102851339.jpg,0,timestamp,9186,train
20170313102853763.jpg,0,timestamp,9187,train
20170313105829885.jpg,0,timestamp,9188,train
20170313105840514.jpg,0,timestamp,9189,train
20170313172619640.jpg,0,timestamp,9190,train
20170313172624251.jpg,0,timestamp,9191,train
20170313172947430.jpg,0,timestamp,9192,test
20170313172952559.jpg,0,timestamp,9193,val
20170314170514447.jpg,0,timestamp,9194,train
20170316102810593.jpg,0,timestamp,9195,train
20170316102816374.jpg,0,timestamp,9196,train
20170316103544609.jpg,0,timestamp,9197,val
20170316172851230.jpg,0,timestamp,9198,train
20170317220721928.jpg,0,timestamp,9199,train
20170317221207111.jpg,0,timestamp,9200,train
20170317221207437.jpg,0,timestamp,9201,test
20170321102453454.jpg,0,timestamp,9202,train
20170321102820781.jpg,0,timestamp,9203,train
20170321103949573.jpg,0,timestamp,9204,train
20170321103950081.jpg,0,timestamp,9205,val
20170321155038579.jpg,0,timestamp,9206,test
20170321155041192.jpg,0,timestamp,9207,train
20170322172509719.jpg,0,timestamp,9208,train
20170322172551935.jpg,0,timestamp,9209,train
20170322172556852.jpg,0,timestamp,9210,train
20170323080442334.jpg,0,timestamp,9211,train
20170323080443882.jpg,0,timestamp,9212,train
20170323081211173.jpg,0,timestamp,9213,test
20170323081646616.jpg,0,timestamp,9214,train
20170323081649844.jpg,0,timestamp,9215,val
20170323082300741.jpg,0,timestamp,9216,train
20170323082302357.jpg,0,timestamp,9217,train
20170323082725340.jpg,0,timestamp,9218,train
20170323082951101.jpg,0,timestamp,9219,train
20170323083030916.jpg,0,timestamp,9220,test
20170323083032506.jpg,0,timestamp,9221,train
20170323083429175.jpg,0,timestamp,9222,val
20170323083430750.jpg,0,timestamp,9223,train
20170323083521396.jpg,0,timestamp,9224,train
20170323083521729.jpg,0,timestamp,9225,train
20170323083610280.jpg,0,timestamp,9226,val
20170323083610592.jpg,0,timestamp,9227,train
20170323083645071.jpg,0,timestamp,9228,test
20170323083645401.jpg,0,timestamp,9229,train
20170323084059923.jpg,0,timestamp,9230,train
20170323084101501.jpg,0,timestamp,9231,val
20170323084320632.jpg,0,timestamp,9232,train
20170323085034517.jpg,0,timestamp,9233,train
20170323085108829.jpg,0,timestamp,9228,test
20170323085109242.jpg,0,timestamp,9229,train
20170323085245456.jpg,0,timestamp,9234,train
20170323085247057.jpg,0,timestamp,9235,test
20170323085258738.jpg,0,timestamp,9236,train
20170323085443873.jpg,0,timestamp,9237,train
20170323085445439.jpg,0,timestamp,9238,train
20170323085656295.jpg,0,timestamp,9239,train
20170323085657869.jpg,0,timestamp,9240,train
20170323085710268.jpg,0,timestamp,9241,val
20170323085712132.jpg,0,timestamp,9242,train
20170323085835482.jpg,0,timestamp,9243,train
20170323085836351.jpg,0,timestamp,9244,test
20170323085924938.jpg,0,timestamp,9245,train
20170323085948932.jpg,0,timestamp,9246,val
20170323090048296.jpg,0,timestamp,9247,train
20170323090048869.jpg,0,timestamp,9248,test
20170323090117701.jpg,0,timestamp,9249,train
20170323090415735.jpg,0,timestamp,9250,train
20170323090417309.jpg,0,timestamp,9251,train
20170323090622129.jpg,0,timestamp,9252,test
20170323090846488.jpg,0,timestamp,9253,train
20170323091218564.jpg,0,timestamp,9254,train
20170323091220142.jpg,0,timestamp,9255,val
20170323091629619.jpg,0,timestamp,9256,train
20170323091947097.jpg,0,timestamp,9257,train
20170323092202683.jpg,0,timestamp,9258,train
20170323092204273.jpg,0,timestamp,9259,train
20170323092353758.jpg,0,timestamp,9260,train
20170323092355323.jpg,0,timestamp,9261,val
20170323092613317.jpg,0,timestamp,9262,train
20170323092614899.jpg,0,timestamp,9263,test
20170323092852818.jpg,0,timestamp,9264,train
20170323092854411.jpg,0,timestamp,9265,train
20170323093048743.jpg,0,timestamp,9266,train
20170323093304023.jpg,0,timestamp,9267,train
20170323093305605.jpg,0,timestamp,9268,train
007-0033-000.jpg,1,hyphen,9269,val
007-0096-000.jpg,1,hyphen,9270,train
007-0106-000.jpg,1,hyphen,9271,test
007-0110-000.jpg,1,hyphen,9272,val
007-0338-000.jpg,1,hyphen,9273,val
007-0347-000.jpg,1,hyphen,9274,train
007-0578-000.jpg,1,hyphen,9275,test
007-0629-000.jpg,1,hyphen,9276,train
007-0664-000.jpg,1,hyphen,9277,train
007-0705-000.jpg,1,hyphen,9278,train
007-0708-000.jpg,1,hyphen,9279,train
007-0713-000.jpg,1,hyphen,9280,train
007-0725-000.jpg,1,hyphen,9281,train
007-0820-000.jpg,1,hyphen,9282,train
007-0907-000.jpg,1,hyphen,9283,train
007-1047-000.jpg,1,hyphen,9284,train
007-1076-000.jpg,1,hyphen,9285,train
007-1181-000.jpg,1,hyphen,9286,test
007-1185-000.jpg,1,hyphen,9287,train
007-1210-000.jpg,1,hyphen,9288,train
007-1229-000.jpg,1,hyphen,9289,val
007-1273-000.jpg,1,hyphen,9290,train
007-1329-000.jpg,1,hyphen,9291,test
007-1425-000.jpg,1,hyphen,9292,train
007-1501-000.jpg,1,hyphen,9293,val
007-1510-000.jpg,1,hyphen,9294,train
007-1755-100.jpg,1,hyphen,9295,train
007-1756-100.jpg,1,hyphen,9296,train
007-1757-100.jpg,1,hyphen,9297,train
007-1758-100.jpg,1,hyphen,9298,test
007-1762-100.jpg,1,hyphen,9299,val
007-1769-100.jpg,1,hyphen,9300,train
007-1774-100.jpg,1,hyphen,9301,train
007-1776-100.jpg,1,hyphen,9302,test
007-1777-100.jpg,1,hyphen,9303,train
007-1779-100.jpg,1,hyphen,9304,train
007-1780-100.jpg,1,hyphen,9305,train
007-1785-100.jpg,1,hyphen,9306,train
007-1786-100.jpg,1,hyphen,9307,train
007-1787-100.jpg,1,hyphen,9308,val
007-1790-100.jpg,1,hyphen,9309,train
007-1791-100.jpg,1,hyphen,9310,train
007-1795-100.jpg,1,hyphen,9311,test
007-1800-100.jpg,1,hyphen,9312,train
007-1801-100.jpg,1,hyphen,9313,train
007-1802-100.jpg,1,hyphen,9314,train
007-1810-100.jpg,1,hyphen,9315,train
007-1811-100.jpg,1,hyphen,9316,train
007-1822-100.jpg,1,hyphen,9317,train
007-1824-100.jpg,1,hyphen,9318,test
007-1825-100.jpg,1,hyphen,9319,train
007-1831-100.jpg,1,hyphen,9320,train
007-1835-100.jpg,1,hyphen,9321,val
007-1843-100.jpg,1,hyphen,9322,train
007-1846-100.jpg,1,hyphen,9323,val
007-1852-100.jpg,1,hyphen,9324,train
007-1857-100.jpg,1,hyphen,9325,test
007-1865-100.jpg,1,hyphen,9326,train
007-1869-100.jpg,1,hyphen,9327,train
007-1870-100.jpg,1,hyphen,9328,train
007-1872-100.jpg,1,hyphen,9329,train
007-1875-100.jpg,1,hyphen,9330,train
007-1877-100.jpg,1,hyphen,9331,train
007-1884-100.jpg,1,hyphen,9332,val
007-1890-100.jpg,1,hyphen,9333,train
007-1893-100.jpg,1,hyphen,9334,val
007-1894-100.jpg,1,hyphen,9335,train
007-1895-100.jpg,1,hyphen,9336,test
007-1896-100.jpg,1,hyphen,9337,train
007-1897-100.jpg,1,hyphen,9338,train
007-1900-100.jpg,1,hyphen,9339,train
007-1901-100.jpg,1,hyphen,9340,test
007-1902-100.jpg,1,hyphen,9341,val
007-1904-100.jpg,1,hyphen,9342,train
007-1906-100.jpg,1,hyphen,9343,train
007-1908-100.jpg,1,hyphen,9344,train
007-1910-100.jpg,1,hyphen,9345,train
007-1911-100.jpg,1,hyphen,9346,train
007-1912-100.jpg,1,hyphen,9347,train
007-1913-100.jpg,1,hyphen,9348,test
007-1918-100.jpg,1,hyphen,9349,val
007-1920-100.jpg,1,hyphen,9350,train
007-1924-100.jpg,1,hyphen,9351,train
007-1925-100.jpg,1,hyphen,9352,train
007-1929-100.jpg,1,hyphen,9353,val
007-1933-100.jpg,1,hyphen,9354,train
007-1934-100.jpg,1,hyphen,9355,test
007-1936-100.jpg,1,hyphen,9356,train
007-1937-100.jpg,1,hyphen,9357,train
007-1938-100.jpg,1,hyphen,9358,train
007-1939-100.jpg,1,hyphen,9359,test
007-1941-100.jpg,1,hyphen,9360,train
007-1942-100.jpg,1,hyphen,9361,train
007-1943-100.jpg,1,hyphen,9362,val
007-1947-100.jpg,1,hyphen,9363,train
007-1949-100.jpg,1,hyphen,9364,train
007-1950-100.jpg,1,hyphen,9365,train
007-1953-100.jpg,1,hyphen,9366,train
007-1959-100.jpg,1,hyphen,9367,train
007-1961-100.jpg,1,hyphen,9368,train
007-1962-100.jpg,1,hyphen,9369,test
007-1963-100.jpg,1,hyphen,9370,train
007-1965-100.jpg,1,hyphen,9371,val
007-1966-100.jpg,1,hyphen,9372,train
007-1967-100.jpg,1,hyphen,9373,train
007-1970-100.jpg,1,hyphen,9374,val
007-1971-100.jpg,1,hyphen,9375,test
007-1972-100.jpg,1,hyphen,9376,train
007-1974-100.jpg,1,hyphen,9377,train
007-1975-100.jpg,1,hyphen,9378,train
007-1977-100.jpg,1,hyphen,9379,train
007-1978-100.jpg,1,hyphen,9380,train
007-1980-100.jpg,1,hyphen,9381,test
007-1983-100.jpg,1,hyphen,9382,val
007-1985-100.jpg,1,hyphen,9383,train
007-1997-100.jpg,1,hyphen,9384,train
007-2000-100.jpg,1,hyphen,9385,train
007-2003-100.jpg,1,hyphen,9386,val
007-2005-100.jpg,1,hyphen,9387,train
007-2009-100.jpg,1,hyphen,9388,train
007-2010-100.jpg,1,hyphen,9389,train
007-2011-100.jpg,1,hyphen,9390,test
007-2012-100.jpg,1,hyphen,9391,train
007-2013-100.jpg,1,hyphen,9392,train
007-2015-100.jpg,1,hyphen,9393,train
007-2022-100.jpg,1,hyphen,9394,train
007-2025-100.jpg,1,hyphen,9395,train
007-2032-100.jpg,1,hyphen,9396,train
007-2034-100.jpg,1,hyphen,9397,test
007-2041-100.jpg,1,hyphen,1978,train
007-2045-100.jpg,1,hyphen,9398,val
007-2047-100.jpg,1,hyphen,9399,train
007-2049-100.jpg,1,hyphen,9400,train
007-2053-100.jpg,1,hyphen,9401,test
007-2067-100.jpg,1,hyphen,9402,train
007-2068-100.jpg,1,hyphen,9403,train
007-2071-100.jpg,1,hyphen,9404,val
007-2074-100.jpg,1,hyphen,9405,train
007-2087-100.jpg,1,hyphen,9406,train
007-2092-100.jpg,1,hyphen,9407,train
007-2093-100.jpg,1,hyphen,9408,train
007-2094-100.jpg,1,hyphen,9409,train
007-2096-100.jpg,1,hyphen,9410,test
007-2098-100.jpg,1,hyphen,9411,val
007-2100-100.jpg,1,hyphen,9412,train
007-2101-100.jpg,1,hyphen,9413,train
007-2102-100.jpg,1,hyphen,9414,train
007-2103-100.jpg,1,hyphen,9415,train
007-2104-100.jpg,1,hyphen,9416,train
007-2105-100.jpg,1,hyphen,9417,test
007-2109-100.jpg,1,hyphen,9418,train
007-2110-100.jpg,1,hyphen,9419,train
007-2117-100.jpg,1,hyphen,9420,val
007-2121-100.jpg,1,hyphen,9421,train
007-2124-100.jpg,1,hyphen,9422,train
007-2126-100.jpg,1,hyphen,9423,train
007-2127-100.jpg,1,hyphen,9424,test
007-2128-100.jpg,1,hyphen,9425,train
007-2129-100.jpg,1,hyphen,9426,train
007-2134-100.jpg,1,hyphen,9427,val
007-2142-100.jpg,1,hyphen,9428,train
007-2147-100.jpg,1,hyphen,9429,train
007-2151-100.jpg,1,hyphen,9430,train
007-2154-100.jpg,1,hyphen,9431,test
007-2155-100.jpg,1,hyphen,9432,train
007-2156-100.jpg,1,hyphen,9433,train
007-2157-100.jpg,1,hyphen,9434,train
007-2161-100.jpg,1,hyphen,9435,val
007-2163-100.jpg,1,hyphen,9436,train
007-2164-100.jpg,1,hyphen,9437,train
007-2167-100.jpg,1,hyphen,9438,train
007-2168-100.jpg,1,hyphen,9439,test
007-2169-100.jpg,1,hyphen,9440,val
007-2170-100.jpg,1,hyphen,9441,train
007-2171-100.jpg,1,hyphen,9442,train
007-2172-100.jpg,1,hyphen,9443,train
007-2173-100.jpg,1,hyphen,9444,train
007-2182-100.jpg,1,hyphen,9445,val
007-2185-100.jpg,1,hyphen,9446,test
007-2186-100.jpg,1,hyphen,9447,train
007-2187-100.jpg,1,hyphen,9448,train
007-2188-100.jpg,1,hyphen,9449,train
007-2201-100.jpg,1,hyphen,9450,train
007-2208-100.jpg,1,hyphen,9451,train
007-2211-100.jpg,1,hyphen,9452,train
007-2216-100.jpg,1,hyphen,9453,test
007-2221-100.jpg,1,hyphen,9454,val
007-2227-100.jpg,1,hyphen,9455,train
007-2228-100.jpg,1,hyphen,9456,train
007-2231-100.jpg,1,hyphen,9457,train
007-2232-100.jpg,1,hyphen,9458,train
007-2234-100.jpg,1,hyphen,9459,val
007-2240-100.jpg,1,hyphen,9460,train
007-2241-100.jpg,1,hyphen,9461,test
007-2246-100.jpg,1,hyphen,9462,train
007-2248-100.jpg,1,hyphen,9463,train
007-2257-100.jpg,1,hyphen,9464,train
007-2259-100.jpg,1,hyphen,9465,val
007-2260-100.jpg,1,hyphen,9466,train
007-2261-100.jpg,1,hyphen,9467,test
007-2262-100.jpg,1,hyphen,9468,train
007-2263-100.jpg,1,hyphen,9469,train
007-2264-100.jpg,1,hyphen,9470,train
007-2267-100.jpg,1,hyphen,9471,train
007-2268-100.jpg,1,hyphen,9472,train
007-2269-100.jpg,1,hyphen,9473,train
007-2273-100.jpg,1,hyphen,9474,train
007-2275-100.jpg,1,hyphen,9475,train
007-2280-100.jpg,1,hyphen,9476,test
007-2281-100.jpg,1,hyphen,9477,val
007-2282-100.jpg,1,hyphen,9478,train
007-2283-100.jpg,1,hyphen,9479,train
007-2284-100.jpg,1,hyphen,9480,train
007-2286-100.jpg,1,hyphen,9481,train
007-2288-100.jpg,1,hyphen,9482,test
007-2292-100.jpg,1,hyphen,9483,train
007-2293-100.jpg,1,hyphen,9484,train
007-2296-100.jpg,1,hyphen,9485,val
007-2300-100.jpg,1,hyphen,9486,train
007-2302-100.jpg,1,hyphen,9487,train
007-2303-100.jpg,1,hyphen,9488,train
007-2305-100.jpg,1,hyphen,9489,val
007-2308-100.jpg,1,hyphen,9490,train
007-2313-100.jpg,1,hyphen,9491,test
007-2320-100.jpg,1,hyphen,9492,train
007-2322-100.jpg,1,hyphen,9493,val
007-2323-100.jpg,1,hyphen,9494,test
007-2324-100.jpg,1,hyphen,9495,train
007-2329-100.jpg,1,hyphen,9496,train
007-2332-100.jpg,1,hyphen,9497,train
007-2333-100.jpg,1,hyphen,9498,train
007-2334-100.jpg,1,hyphen,9499,train
007-2336-100.jpg,1,hyphen,9500,train
007-2337-100.jpg,1,hyphen,9501,train
007-2338-100.jpg,1,hyphen,9502,train
007-2341-100.jpg,1,hyphen,9503,train
007-2342-100.jpg,1,hyphen,9504,test
007-2343-100.jpg,1,hyphen,9505,val
007-2347-100.jpg,1,hyphen,9506,train
007-2348-100.jpg,1,hyphen,9507,train
007-2349-100.jpg,1,hyphen,9508,train
007-2350-100.jpg,1,hyphen,9509,train
007-2351-100.jpg,1,hyphen,9510,train
007-2357-100.jpg,1,hyphen,9511,train
007-2359-100.jpg,1,hyphen,9512,val
007-2360-100.jpg,1,hyphen,9513,test
007-2362-100.jpg,1,hyphen,9514,train
007-2363-100.jpg,1,hyphen,9515,val
007-2364-100.jpg,1,hyphen,9516,train
007-2366-100.jpg,1,hyphen,9517,test
007-2367-100.jpg,1,hyphen,9518,train
007-2369-100.jpg,1,hyphen,9519,train
007-2371-100.jpg,1,hyphen,9520,train
007-2373-100.jpg,1,hyphen,9521,train
007-2375-100.jpg,1,hyphen,9522,test
007-2376-100.jpg,1,hyphen,9523,train
007-2377-100.jpg,1,hyphen,9524,val
007-2378-100.jpg,1,hyphen,9525,train
007-2380-100.jpg,1,hyphen,9526,train
007-2381-100.jpg,1,hyphen,9527,train
007-2386-100.jpg,1,hyphen,9528,val
007-2387-100.jpg,1,hyphen,9529,train
007-2388-100.jpg,1,hyphen,9530,train
007-2389-100.jpg,1,hyphen,9531,test
007-2392-100.jpg,1,hyphen,9532,train
007-2394-100.jpg,1,hyphen,9533,train
007-2396-100.jpg,1,hyphen,9534,train
007-2397-100.jpg,1,hyphen,9535,train
007-2399-100.jpg,1,hyphen,9536,train
007-2400-100.jpg,1,hyphen,9537,test
007-2401-100.jpg,1,hyphen,9538,train
007-2404-100.jpg,1,hyphen,9539,val
007-2406-100.jpg,1,hyphen,9540,train
007-2407-100.jpg,1,hyphen,9541,train
007-2409-100.jpg,1,hyphen,9542,train
007-2410-100.jpg,1,hyphen,9543,val
007-2412-100.jpg,1,hyphen,9544,test
007-2413-100.jpg,1,hyphen,9545,train
007-2414-100.jpg,1,hyphen,9546,train
007-2415-100.jpg,1,hyphen,9547,train
007-2416-100.jpg,1,hyphen,9548,val
007-2417-100.jpg,1,hyphen,9549,train
007-2427-100.jpg,1,hyphen,9550,test
007-2429-100.jpg,1,hyphen,9551,train
007-2430-100.jpg,1,hyphen,9552,train
007-2432-100.jpg,1,hyphen,9553,train
007-2434-100.jpg,1,hyphen,9554,train
007-2435-100.jpg,1,hyphen,9555,train
007-2441-100.jpg,1,hyphen,9556,train
007-2442-100.jpg,1,hyphen,9557,train
007-2443-100.jpg,1,hyphen,9558,test
007-2445-100.jpg,1,hyphen,9559,val
007-2451-100.jpg,1,hyphen,9560,val
007-2454-100.jpg,1,hyphen,9561,train
007-2455-100.jpg,1,hyphen,9562,train
007-2456-100.jpg,1,hyphen,9563,train
007-2457-100.jpg,1,hyphen,9564,train
007-2458-100.jpg,1,hyphen,9565,test
007-2459-100.jpg,1,hyphen,9566,train
007-2461-100.jpg,1,hyphen,9567,train
007-2465-100.jpg,1,hyphen,9568,train
007-2468-100.jpg,1,hyphen,9569,val
007-2469-100.jpg,1,hyphen,9570,train
007-2470-100.jpg,1,hyphen,9571,train
007-2472-100.jpg,1,hyphen,9572,train
007-2474-100.jpg,1,hyphen,9573,train
007-2475-100.jpg,1,hyphen,9574,train
007-2476-100.jpg,1,hyphen,9575,train
007-2478-100.jpg,1,hyphen,9576,test
007-2479-100.jpg,1,hyphen,9577,train
007-2480-100.jpg,1,hyphen,9578,train
007-2481-100.jpg,1,hyphen,9579,val
007-2482-100.jpg,1,hyphen,9580,test
007-2485-100.jpg,1,hyphen,9581,train
007-2486-100.jpg,1,hyphen,9582,train
007-0045-000.jpg,2,hyphen,9583,train
007-0093-000.jpg,2,hyphen,9584,train
007-0139-000.jpg,2,hyphen,9585,val
007-0144-000.jpg,2,hyphen,9586,train
007-0156-000.jpg,2,hyphen,9587,val
007-0185-000.jpg,2,hyphen,9588,test
007-0228-000.jpg,2,hyphen,9589,train
007-0313-000.jpg,2,hyphen,9590,train
007-0354-000.jpg,2,hyphen,9591,train
007-0463-000.jpg,2,hyphen,9592,train
007-0542-000.jpg,2,hyphen,9593,test
007-0555-000.jpg,2,hyphen,9594,train
007-0651-000.jpg,2,hyphen,9595,train
007-0657-000.jpg,2,hyphen,9596,train
007-0677-000.jpg,2,hyphen,9597,train
007-0693-000.jpg,2,hyphen,9598,train
007-0699-000.jpg,2,hyphen,9599,val
007-0706-000.jpg,2,hyphen,9600,train
007-0709-000.jpg,2,hyphen,9601,train
007-0714-000.jpg,2,hyphen,9602,train
007-0717-000.jpg,2,hyphen,9603,train
007-0727-000.jpg,2,hyphen,9604,test
007-0730-000.jpg,2,hyphen,9605,train
007-0848-000.jpg,2,hyphen,9606,val
007-0849-000.jpg,2,hyphen,9607,test
007-0851-000.jpg,2,hyphen,9608,train
007-0993-000.jpg,2,hyphen,9609,train
007-1135-000.jpg,2,hyphen,9610,train
007-1270-000.jpg,2,hyphen,9611,train
007-1305-000.jpg,2,hyphen,9612,train
007-1309-000.jpg,2,hyphen,9613,train
007-1319-000.jpg,2,hyphen,9614,test
007-1321-000.jpg,2,hyphen,9615,val
007-1350-000.jpg,2,hyphen,9616,train
007-1355-000.jpg,2,hyphen,9617,train
007-1399-000.jpg,2,hyphen,9618,train
007-1437-000.jpg,2,hyphen,9619,train
007-1462-000.jpg,2,hyphen,9620,val
007-1476-000.jpg,2,hyphen,9621,test
007-1505-000.jpg,2,hyphen,9622,train
007-1556-000.jpg,2,hyphen,9623,train
007-1652-000.jpg,2,hyphen,9624,train
007-1653-000.jpg,2,hyphen,9625,val
007-1662-000.jpg,2,hyphen,9626,train
007-1689-000.jpg,2,hyphen,9627,train
007-1753-100.jpg,2,hyphen,9628,train
007-1754-100.jpg,2,hyphen,9629,train
007-1760-100.jpg,2,hyphen,9630,test
007-1761-100.jpg,2,hyphen,9631,train
007-1764-100.jpg,2,hyphen,9632,train
007-1765-100.jpg,2,hyphen,9633,val
007-1766-100.jpg,2,hyphen,9634,train
007-1767-100.jpg,2,hyphen,9635,train
007-1768-100.jpg,2,hyphen,9636,train
007-1770-100.jpg,2,hyphen,9637,train
007-1771-100.jpg,2,hyphen,9638,test
007-1773-100.jpg,2,hyphen,9639,train
007-1778-100.jpg,2,hyphen,9640,val
007-1781-100.jpg,2,hyphen,9641,train
007-1782-100.jpg,2,hyphen,9642,test
007-1784-100.jpg,2,hyphen,9643,train
007-1788-100.jpg,2,hyphen,9644,train
007-1789-100.jpg,2,hyphen,9645,train
007-1793-100.jpg,2,hyphen,9646,train
007-1798-100.jpg,2,hyphen,9647,train
007-1804-100.jpg,2,hyphen,9648,train
007-1807-100.jpg,2,hyphen,9649,val
007-1808-100.jpg,2,hyphen,9650,train
007-1809-100.jpg,2,hyphen,9651,train
007-1812-100.jpg,2,hyphen,9652,test
007-1813-100.jpg,2,hyphen,9653,train
007-1814-100.jpg,2,hyphen,9654,val
007-1815-100.jpg,2,hyphen,9655,train
007-1816-100.jpg,2,hyphen,9656,test
007-1817-100.jpg,2,hyphen,9657,train
007-1818-100.jpg,2,hyphen,9658,train
007-1819-100.jpg,2,hyphen,9659,train
007-1820-100.jpg,2,hyphen,9660,train
007-1821-100.jpg,2,hyphen,9661,train
007-1823-100.jpg,2,hyphen,9662,train
007-1826-100.jpg,2,hyphen,9663,test
007-1827-100.jpg,2,hyphen,9664,train
007-1828-100.jpg,2,hyphen,9665,val
007-1829-100.jpg,2,hyphen,9666,train
007-1830-100.jpg,2,hyphen,9667,val
007-1833-100.jpg,2,hyphen,9668,train
007-1834-100.jpg,2,hyphen,9669,train
007-1836-100.jpg,2,hyphen,9670,train
007-1837-100.jpg,2,hyphen,9671,test
007-1838-100.jpg,2,hyphen,9672,train
007-1839-100.jpg,2,hyphen,9673,train
007-1840-100.jpg,2,hyphen,9674,train
007-1842-100.jpg,2,hyphen,9675,train
007-1844-100.jpg,2,hyphen,9676,val
007-1847-100.jpg,2,hyphen,9677,train
007-1851-100.jpg,2,hyphen,9678,train
007-1853-100.jpg,2,hyphen,9679,train
007-1854-100.jpg,2,hyphen,9680,train
007-1855-100.jpg,2,hyphen,9681,test
007-1856-100.jpg,2,hyphen,9682,train
007-1861-100.jpg,2,hyphen,9683,train
007-1862-100.jpg,2,hyphen,9684,val
007-1867-100.jpg,2,hyphen,9685,test
007-1871-100.jpg,2,hyphen,9686,train
007-1873-100.jpg,2,hyphen,9687,train
007-1876-100.jpg,2,hyphen,9688,train
007-1878-100.jpg,2,hyphen,9689,train
007-1879-100.jpg,2,hyphen,9690,val
007-1880-100.jpg,2,hyphen,9691,train
007-1881-100.jpg,2,hyphen,9692,test
007-1882-100.jpg,2,hyphen,9693,train
007-1883-100.jpg,2,hyphen,9694,train
007-1887-100.jpg,2,hyphen,9695,test
007-1889-100.jpg,2,hyphen,9696,train
007-1898-100.jpg,2,hyphen,9697,train
007-1899-100.jpg,2,hyphen,9698,train
007-1905-100.jpg,2,hyphen,9699,train
007-1907-100.jpg,2,hyphen,9700,train
007-1909-100.jpg,2,hyphen,9701,val
007-1914-100.jpg,2,hyphen,9702,train
007-1915-100.jpg,2,hyphen,9703,train
007-1921-100.jpg,2,hyphen,9704,train
007-1922-100.jpg,2,hyphen,9705,test
007-1923-100.jpg,2,hyphen,9706,val
007-1926-100.jpg,2,hyphen,9707,train
007-1927-100.jpg,2,hyphen,9708,val
007-1928-100.jpg,2,hyphen,9709,train
007-1931-100.jpg,2,hyphen,9710,train
007-1932-100.jpg,2,hyphen,9711,train
007-1940-100.jpg,2,hyphen,9712,train
007-1946-100.jpg,2,hyphen,9713,train
007-1951-100.jpg,2,hyphen,9714,test
007-1952-100.jpg,2,hyphen,9715,train
007-1955-100.jpg,2,hyphen,9716,train
007-1956-100.jpg,2,hyphen,9717,train
007-1957-100.jpg,2,hyphen,9718,train
007-1969-100.jpg,2,hyphen,9719,val
007-1973-100.jpg,2,hyphen,9720,test
007-1976-100.jpg,2,hyphen,9721,train
007-1979-100.jpg,2,hyphen,9722,train
007-1984-100.jpg,2,hyphen,9723,train
007-1986-100.jpg,2,hyphen,9724,train
007-1987-100.jpg,2,hyphen,9725,test
007-1988-100.jpg,2,hyphen,9726,val
007-1989-100.jpg,2,hyphen,9727,train
007-1990-100.jpg,2,hyphen,9728,train
007-1991-100.jpg,2,hyphen,9729,train
007-1994-100.jpg,2,hyphen,9730,train
007-1996-100.jpg,2,hyphen,9731,train
007-1998-100.jpg,2,hyphen,9732,train
007-2004-100.jpg,2,hyphen,9733,train
007-2006-100.jpg,2,hyphen,9734,train
007-2007-100.jpg,2,hyphen,9735,val
007-2008-100.jpg,2,hyphen,9736,train
007-2018-100.jpg,2,hyphen,9737,test
007-2019-100.jpg,2,hyphen,9738,train
007-2020-100.jpg,2,hyphen,9739,val
007-2021-100.jpg,2,hyphen,9740,train
007-2023-100.jpg,2,hyphen,9741,train
007-2024-100.jpg,2,hyphen,9742,test
007-2027-100.jpg,2,hyphen,9743,val
007-2028-100.jpg,2,hyphen,9744,train
007-2029-100.jpg,2,hyphen,9745,train
007-2030-100.jpg,2,hyphen,9746,train
007-2031-100.jpg,2,hyphen,9747,train
007-2033-100.jpg,2,hyphen,9748,train
007-2035-100.jpg,2,hyphen,9749,train
007-2036-100.jpg,2,hyphen,9750,train
007-2037-100.jpg,2,hyphen,9751,test
007-2038-100.jpg,2,hyphen,9752,train
007-2039-100.jpg,2,hyphen,9753,test
007-2042-100.jpg,2,hyphen,9754,train
007-2043-100.jpg,2,hyphen,9755,val
007-2044-100.jpg,2,hyphen,9756,train
007-2046-100.jpg,2,hyphen,9757,val
007-2048-100.jpg,2,hyphen,9758,train
007-2050-100.jpg,2,hyphen,9759,train
007-2051-100.jpg,2,hyphen,9760,train
007-2052-100.jpg,2,hyphen,9761,train
007-2054-100.jpg,2,hyphen,9762,train
007-2055-100.jpg,2,hyphen,9763,test
007-2056-100.jpg,2,hyphen,9764,train
007-2057-100.jpg,2,hyphen,9765,train
007-2058-100.jpg,2,hyphen,9766,train
007-2060-100.jpg,2,hyphen,9767,val
007-2070-100.jpg,2,hyphen,9768,test
007-2076-100.jpg,2,hyphen,9769,train
007-2078-100.jpg,2,hyphen,9770,train
007-2079-100.jpg,2,hyphen,9771,train
007-2080-100.jpg,2,hyphen,9772,train
007-2081-100.jpg,2,hyphen,9773,train
007-2082-100.jpg,2,hyphen,9774,train
007-2083-100.jpg,2,hyphen,9775,train
007-2084-100.jpg,2,hyphen,9776,train
007-2085-100.jpg,2,hyphen,9777,test
007-2086-100.jpg,2,hyphen,9778,train
007-2088-100.jpg,2,hyphen,9779,val
007-2089-100.jpg,2,hyphen,9780,train
007-2090-100.jpg,2,hyphen,9781,train
007-2091-100.jpg,2,hyphen,9782,test
007-2095-100.jpg,2,hyphen,9783,train
007-2099-100.jpg,2,hyphen,9784,val
007-2106-100.jpg,2,hyphen,9785,train
007-2107-100.jpg,2,hyphen,9786,train
007-2108-100.jpg,2,hyphen,9787,train
007-2111-100.jpg,2,hyphen,9788,train
007-2112-100.jpg,2,hyphen,9789,train
007-2113-100.jpg,2,hyphen,9790,val
007-2114-100.jpg,2,hyphen,9791,train
007-2115-100.jpg,2,hyphen,9792,train
007-2118-100.jpg,2,hyphen,9793,test
007-2119-100.jpg,2,hyphen,9794,train
007-2122-100.jpg,2,hyphen,9795,train
007-2123-100.jpg,2,hyphen,9796,train
007-2125-100.jpg,2,hyphen,9797,train
007-2132-100.jpg,2,hyphen,9798,test
007-2133-100.jpg,2,hyphen,9799,val
007-2138-100.jpg,2,hyphen,9800,train
007-2139-100.jpg,2,hyphen,9801,train
007-2143-100.jpg,2,hyphen,9802,train
007-2145-100.jpg,2,hyphen,9803,test
007-2146-100.jpg,2,hyphen,9804,train
007-2149-100.jpg,2,hyphen,9805,train
007-2150-100.jpg,2,hyphen,9806,train
007-2152-100.jpg,2,hyphen,9807,val
007-2158-100.jpg,2,hyphen,9808,val
007-2160-100.jpg,2,hyphen,9809,train
007-2166-100.jpg,2,hyphen,9810,train
007-2174-100.jpg,2,hyphen,9811,train
007-2175-100.jpg,2,hyphen,9812,train
007-2178-100.jpg,2,hyphen,9813,train
007-2179-100.jpg,2,hyphen,9814,train
007-2181-100.jpg,2,hyphen,9815,test
007-2184-100.jpg,2,hyphen,9816,train
007-2200-100.jpg,2,hyphen,9817,train
007-2210-100.jpg,2,hyphen,9818,val
007-2212-100.jpg,2,hyphen,9819,train
007-2213-100.jpg,2,hyphen,9820,train
007-2214-100.jpg,2,hyphen,9821,test
007-2215-100.jpg,2,hyphen,9822,train
007-2218-100.jpg,2,hyphen,9823,train
007-2219-100.jpg,2,hyphen,9824,train
007-2220-100.jpg,2,hyphen,9825,train
007-2222-100.jpg,2,hyphen,9826,test
007-2224-100.jpg,2,hyphen,9827,val
007-2229-100.jpg,2,hyphen,9828,train
007-2230-100.jpg,2,hyphen,9829,train
007-2235-100.jpg,2,hyphen,9830,train
007-2238-100.jpg,2,hyphen,9831,train
007-2239-100.jpg,2,hyphen,9832,train
007-2242-100.jpg,2,hyphen,9833,test
007-2243-100.jpg,2,hyphen,9834,train
007-2245-100.jpg,2,hyphen,9835,train
007-2249-100.jpg,2,hyphen,9836,train
007-2250-100.jpg,2,hyphen,9837,train
007-2252-100.jpg,2,hyphen,9838,train
007-2253-100.jpg,2,hyphen,9839,train
007-2255-100.jpg,2,hyphen,9840,val
007-2258-100.jpg,2,hyphen,9841,val
007-2266-100.jpg,2,hyphen,9842,test
007-2270-100.jpg,2,hyphen,9843,train
007-2271-100.jpg,2,hyphen,9844,train
007-2272-100.jpg,2,hyphen,9845,val
007-2276-100.jpg,2,hyphen,9846,train
007-2278-100.jpg,2,hyphen,9847,test
007-2279-100.jpg,2,hyphen,9848,train
007-2285-100.jpg,2,hyphen,9849,train
007-2287-100.jpg,2,hyphen,9850,train
007-2290-100.jpg,2,hyphen,9851,train
007-2291-100.jpg,2,hyphen,9852,test
007-2294-100.jpg,2,hyphen,9853,val
007-2295-100.jpg,2,hyphen,9854,train
007-2297-100.jpg,2,hyphen,9855,train
007-2298-100.jpg,2,hyphen,9856,train
007-2299-100.jpg,2,hyphen,9857,train
007-2301-100.jpg,2,hyphen,9858,test
007-2304-100.jpg,2,hyphen,9859,train
007-2307-100.jpg,2,hyphen,9860,train
007-2310-100.jpg,2,hyphen,9861,test
007-2311-100.jpg,2,hyphen,9862,train
007-2312-100.jpg,2,hyphen,9863,val
007-2314-100.jpg,2,hyphen,9864,train
007-2315-100.jpg,2,hyphen,9865,train
007-2316-100.jpg,2,hyphen,9866,train
007-2317-100.jpg,2,hyphen,9867,train
007-2318-100.jpg,2,hyphen,9868,train
007-2319-100.jpg,2,hyphen,9869,train
007-2321-100.jpg,2,hyphen,9870,val
007-2325-100.jpg,2,hyphen,9871,train
007-2326-100.jpg,2,hyphen,9872,test
007-2327-100.jpg,2,hyphen,9873,train
007-2328-100.jpg,2,hyphen,9874,train
007-2330-100.jpg,2,hyphen,9875,train
007-2331-100.jpg,2,hyphen,9876,train
007-2335-100.jpg,2,hyphen,9877,train
007-2339-100.jpg,2,hyphen,9878,test
007-2340-100.jpg,2,hyphen,9879,val
007-2344-100.jpg,2,hyphen,9880,val
007-2345-100.jpg,2,hyphen,9881,train
007-2346-100.jpg,2,hyphen,9882,train
007-2353-100.jpg,2,hyphen,9883,train
007-2354-100.jpg,2,hyphen,9884,train
007-2355-100.jpg,2,hyphen,9885,train
007-2356-100.jpg,2,hyphen,9886,val
007-2365-100.jpg,2,hyphen,9887,test
007-2372-100.jpg,2,hyphen,9888,train
007-2374-100.jpg,2,hyphen,9889,train
007-2379-100.jpg,2,hyphen,9890,train
007-2382-100.jpg,2,hyphen,9891,train
007-2383-100.jpg,2,hyphen,9892,train
007-2384-100.jpg,2,hyphen,9893,train
007-2385-100.jpg,2,hyphen,9894,test
007-2390-100.jpg,2,hyphen,9895,train
007-2391-100.jpg,2,hyphen,9896,train
007-2393-100.jpg,2,hyphen,9897,val
007-2395-100.jpg,2,hyphen,9898,train
007-2398-100.jpg,2,hyphen,9899,test
007-2402-100.jpg,2,hyphen,9900,train
007-2403-100.jpg,2,hyphen,9901,train
007-2405-100.jpg,2,hyphen,9902,train
007-2408-100.jpg,2,hyphen,9903,train
007-2418-100.jpg,2,hyphen,9904,val
007-2419-100.jpg,2,hyphen,9905,train
007-2421-100.jpg,2,hyphen,9906,test
007-2422-100.jpg,2,hyphen,9907,train
007-2424-100.jpg,2,hyphen,9908,train
007-2425-100.jpg,2,hyphen,9909,train
007-2426-100.jpg,2,hyphen,9910,train
007-2428-100.jpg,2,hyphen,9911,train
007-2431-100.jpg,2,hyphen,9912,test
007-2433-100.jpg,2,hyphen,9913,train
007-2436-100.jpg,2,hyphen,9914,train
007-2437-100.jpg,2,hyphen,9915,val
007-2438-100.jpg,2,hyphen,9916,train
007-2439-100.jpg,2,hyphen,9917,train
007-2440-100.jpg,2,hyphen,9918,val
007-2444-100.jpg,2,hyphen,9919,test
007-2446-100.jpg,2,hyphen,9920,train
007-2447-100.jpg,2,hyphen,9921,train
007-2448-100.jpg,2,hyphen,9922,train
007-2449-100.jpg,2,hyphen,9923,train
007-2450-100.jpg,2,hyphen,9924,train
007-2452-100.jpg,2,hyphen,9925,val
007-2453-100.jpg,2,hyphen,9926,test
007-2460-100.jpg,2,hyphen,9927,train
007-2462-100.jpg,2,hyphen,9928,train
007-2463-100.jpg,2,hyphen,9929,train
007-2464-100.jpg,2,hyphen,9930,train
007-2466-100.jpg,2,hyphen,9931,train
007-2467-100.jpg,2,hyphen,9932,test
007-2471-100.jpg,2,hyphen,9933,val
007-2473-100.jpg,2,hyphen,9934,train
007-2477-100.jpg,2,hyphen,9935,train
007-2483-100.jpg,2,hyphen,9936,train
007-2484-100.jpg,2,hyphen,9937,train
007-2487-100.jpg,2,hyphen,9938,train
007-2488-100.jpg,2,hyphen,9939,val
007-2490-100.jpg,2,hyphen,9940,train
007-2491-100.jpg,2,hyphen,9941,train
007-2494-100.jpg,2,hyphen,9942,train
007-2495-100.jpg,2,hyphen,9943,test
007-2496-100.jpg,2,hyphen,9944,train
007-2499-100.jpg,2,hyphen,9945,val
007-2502-100.jpg,2,hyphen,9946,train
007-2506-100.jpg,2,hyphen,9947,train
007-2507-100.jpg,2,hyphen,9948,train
007-2510-100.jpg,2,hyphen,9949,train
007-2511-100.jpg,2,hyphen,9950,test
007-2513-100.jpg,2,hyphen,9951,train
007-2515-100.jpg,2,hyphen,9952,train
007-2517-100.jpg,2,hyphen,9953,train
007-2525-100.jpg,2,hyphen,9954,val
007-2530-100.jpg,2,hyphen,9955,train
007-2531-100.jpg,2,hyphen,9956,train
007-2534-100.jpg,2,hyphen,9957,train
007-2535-100.jpg,2,hyphen,9958,test
007-2536-100.jpg,2,hyphen,9959,val
007-2537-100.jpg,2,hyphen,9960,train
007-2538-100.jpg,2,hyphen,9961,train
007-2541-100.jpg,2,hyphen,9962,train
007-2544-100.jpg,2,hyphen,9963,train
007-2545-100.jpg,2,hyphen,9964,test
007-2548-100.jpg,2,hyphen,9965,train
007-2552-100.jpg,2,hyphen,9966,train
007-2555-100.jpg,2,hyphen,9967,train
007-2556-100.jpg,2,hyphen,9968,val
007-2558-100.jpg,2,hyphen,9969,train
007-2562-100.jpg,2,hyphen,9970,train
007-2563-100.jpg,2,hyphen,9971,train
007-2564-100.jpg,2,hyphen,9972,train
007-2565-100.jpg,2,hyphen,9973,test
007-2571-100.jpg,2,hyphen,9974,test
007-2574-100.jpg,2,hyphen,9975,val
007-2576-100.jpg,2,hyphen,9976,train
007-2579-100.jpg,2,hyphen,9977,train
007-2580-100.jpg,2,hyphen,9978,train
007-2582-100.jpg,2,hyphen,9979,val
007-2584-100.jpg,2,hyphen,9980,train
007-2585-100.jpg,2,hyphen,9981,train
007-2586-100.jpg,2,hyphen,9982,train
007-2589-100.jpg,2,hyphen,9983,train
007-2590-100.jpg,2,hyphen,9984,train
007-2591-100.jpg,2,hyphen,9985,train
007-2592-100.jpg,2,hyphen,9986,test
007-2593-100.jpg,2,hyphen,9987,train
007-2594-100.jpg,2,hyphen,9988,val
007-2597-100.jpg,2,hyphen,9989,train
007-2598-100.jpg,2,hyphen,9990,train
007-2601-100.jpg,2,hyphen,9991,train
007-2603-100.jpg,2,hyphen,9992,train
007-2604-100.jpg,2,hyphen,9993,test
007-2605-100.jpg,2,hyphen,9994,train
007-2609-100.jpg,2,hyphen,9995,val
007-2610-100.jpg,2,hyphen,9996,train
007-2611-100.jpg,2,hyphen,9997,train
007-2612-100.jpg,2,hyphen,9998,train
007-2613-100.jpg,2,hyphen,9999,test
007-2614-100.jpg,2,hyphen,10000,train
007-2615-100.jpg,2,hyphen,10001,train
007-2618-100.jpg,2,hyphen,10002,train
007-2620-100.jpg,2,hyphen,10003,train
007-2624-100.jpg,2,hyphen,10004,train
007-2627-100.jpg,2,hyphen,10005,test
007-2628-100.jpg,2,hyphen,10006,val
007-2631-100.jpg,2,hyphen,10007,val
007-2635-100.jpg,2,hyphen,10008,train
007-2640-100.jpg,2,hyphen,10009,train
007-2641-100.jpg,2,hyphen,10010,train
007-2642-100.jpg,2,hyphen,10011,test
007-2643-100.jpg,2,hyphen,10012,train
007-2645-100.jpg,2,hyphen,10013,train
007-2649-100.jpg,2,hyphen,10014,train
007-2651-100.jpg,2,hyphen,10015,train
007-2652-100.jpg,2,hyphen,9567,train
007-2653-100.jpg,2,hyphen,10016,train
007-2654-100.jpg,2,hyphen,10017,val
007-2655-100.jpg,2,hyphen,10018,train
007-2658-100.jpg,2,hyphen,10019,train
007-2659-100.jpg,2,hyphen,10020,test
007-2660-100.jpg,2,hyphen,10021,train
007-2661-100.jpg,2,hyphen,10022,train
007-2662-100.jpg,2,hyphen,10023,train
007-2663-100.jpg,2,hyphen,10024,val
007-2664-100.jpg,2,hyphen,10025,train
007-2667-100.jpg,2,hyphen,10026,test
007-2668-100.jpg,2,hyphen,10027,train
007-2671-100.jpg,2,hyphen,10028,train
007-2673-100.jpg,2,hyphen,10029,train
007-2675-100.jpg,2,hyphen,10030,train
007-2676-100.jpg,2,hyphen,10031,train
007-2678-100.jpg,2,hyphen,10032,val
007-2679-100.jpg,2,hyphen,10033,train
007-2680-100.jpg,2,hyphen,10034,train
007-2686-100.jpg,2,hyphen,10035,test
007-2687-100.jpg,2,hyphen,10036,train
007-2688-100.jpg,2,hyphen,10037,test
007-2690-100.jpg,2,hyphen,10038,train
007-2693-100.jpg,2,hyphen,10039,train
007-2698-100.jpg,2,hyphen,10040,val
007-2699-100.jpg,2,hyphen,10041,train
007-2701-100.jpg,2,hyphen,10042,test
007-2708-100.jpg,2,hyphen,10043,train
007-2709-100.jpg,2,hyphen,10044,train
007-2713-100.jpg,2,hyphen,10045,train
007-2714-100.jpg,2,hyphen,10046,train
007-2718-100.jpg,2,hyphen,10047,val
007-2724-100.jpg,2,hyphen,10048,test
007-2727-100.jpg,2,hyphen,10049,val
007-2732-100.jpg,2,hyphen,10050,train
007-2735-100.jpg,2,hyphen,10051,train
007-2736-100.jpg,2,hyphen,10052,train
007-2737-100.jpg,2,hyphen,10053,train
007-2741-100.jpg,2,hyphen,10054,train
007-2742-100.jpg,2,hyphen,10055,train
007-2746-100.jpg,2,hyphen,10056,test
007-2747-100.jpg,2,hyphen,10057,train
007-2749-100.jpg,2,hyphen,10058,train
007-2753-100.jpg,2,hyphen,10059,train
007-2754-100.jpg,2,hyphen,10060,val
007-2758-100.jpg,2,hyphen,10061,train
007-2759-100.jpg,2,hyphen,10062,train
007-2762-100.jpg,2,hyphen,10063,train
007-2763-100.jpg,2,hyphen,10064,test
007-2765-100.jpg,2,hyphen,10065,train
007-2767-100.jpg,2,hyphen,10066,val
007-2773-100.jpg,2,hyphen,10067,train
007-2774-100.jpg,2,hyphen,10068,train
007-2775-100.jpg,2,hyphen,10069,train
007-2778-100.jpg,2,hyphen,10070,train
007-2779-100.jpg,2,hyphen,10071,train
007-2780-100.jpg,2,hyphen,10072,test
007-2783-100.jpg,2,hyphen,10073,train
007-2784-100.jpg,2,hyphen,10074,val
007-2789-100.jpg,2,hyphen,10075,train
007-2791-100.jpg,2,hyphen,10076,train
007-2792-100.jpg,2,hyphen,10077,train
007-2793-100.jpg,2,hyphen,10078,train
007-2794-100.jpg,2,hyphen,10079,train
007-2796-100.jpg,2,hyphen,10080,val
007-2797-100.jpg,2,hyphen,10081,val
007-2799-100.jpg,2,hyphen,10082,test
007-2800-100.jpg,2,hyphen,10083,train
007-2803-100.jpg,2,hyphen,10084,train
007-2804-100.jpg,2,hyphen,10085,val
007-2806-100.jpg,2,hyphen,10086,val
007-2807-100.jpg,2,hyphen,10087,test
007-2810-100.jpg,2,hyphen,10088,train
007-2813-100.jpg,2,hyphen,10089,train
007-2816-100.jpg,2,hyphen,10090,train
007-2817-100.jpg,2,hyphen,10091,train
007-2818-100.jpg,2,hyphen,10092,train
007-2819-100.jpg,2,hyphen,10093,train
007-2820-100.jpg,2,hyphen,10094,train
007-2821-100.jpg,2,hyphen,10095,train
007-2822-100.jpg,2,hyphen,10096,test
007-2826-100.jpg,2,hyphen,10097,train
007-2827-100.jpg,2,hyphen,10098,train
007-2832-100.jpg,2,hyphen,10099,train
007-2833-100.jpg,2,hyphen,10100,val
007-2838-100.jpg,2,hyphen,10101,train
007-2847-100.jpg,2,hyphen,10102,train
007-2849-100.jpg,2,hyphen,10103,test
007-2851-100.jpg,2,hyphen,10104,train
007-2853-100.jpg,2,hyphen,10105,train
007-2855-100.jpg,2,hyphen,10106,test
007-2858-100.jpg,2,hyphen,10107,train
007-2860-100.jpg,2,hyphen,10108,train
007-2861-100.jpg,2,hyphen,10109,train
007-2864-100.jpg,2,hyphen,10110,train
007-2868-100.jpg,2,hyphen,10111,train
007-2869-100.jpg,2,hyphen,10112,val
007-2870-100.jpg,2,hyphen,10113,train
007-2881-100.jpg,2,hyphen,10114,train
007-2887-100.jpg,2,hyphen,10115,train
007-2888-100.jpg,2,hyphen,10116,val
007-2893-100.jpg,2,hyphen,10117,train
007-2894-100.jpg,2,hyphen,10118,test
007-2895-100.jpg,2,hyphen,10119,train
007-2896-100.jpg,2,hyphen,10120,train
007-2897-100.jpg,2,hyphen,10121,test
007-2898-100.jpg,2,hyphen,10122,val
007-2899-100.jpg,2,hyphen,10123,train
007-2900-100.jpg,2,hyphen,10124,train
007-2901-100.jpg,2,hyphen,10125,train
007-2909-100.jpg,2,hyphen,10126,val
007-2910-100.jpg,2,hyphen,10127,train
007-2912-100.jpg,2,hyphen,10128,test
007-2914-100.jpg,2,hyphen,10129,train
007-2915-100.jpg,2,hyphen,10130,train
007-2916-100.jpg,2,hyphen,10131,train
007-2918-100.jpg,2,hyphen,10132,train
007-2919-100.jpg,2,hyphen,10133,train
007-2921-100.jpg,2,hyphen,10134,train
007-2923-100.jpg,2,hyphen,10135,test
007-2924-100.jpg,2,hyphen,10136,train
007-2925-100.jpg,2,hyphen,10137,train
007-2927-100.jpg,2,hyphen,10138,train
007-2928-100.jpg,2,hyphen,10139,val
007-2929-100.jpg,2,hyphen,10140,train
007-2930-100.jpg,2,hyphen,10141,train
007-2931-100.jpg,2,hyphen,10142,test
007-2932-100.jpg,2,hyphen,10143,val
007-2933-100.jpg,2,hyphen,10144,train
007-2934-100.jpg,2,hyphen,10145,train
007-2935-100.jpg,2,hyphen,10146,val
007-2939-100.jpg,2,hyphen,10147,train
007-2940-100.jpg,2,hyphen,10148,train
007-2944-100.jpg,2,hyphen,10149,train
007-2946-100.jpg,2,hyphen,10150,test
007-2948-100.jpg,2,hyphen,10151,train
007-2949-100.jpg,2,hyphen,10152,train
007-2950-100.jpg,2,hyphen,10153,train
007-2951-100.jpg,2,hyphen,10154,train
007-2952-100.jpg,2,hyphen,10155,train
007-2954-100.jpg,2,hyphen,10156,train
007-2955-100.jpg,2,hyphen,10157,test
007-2956-100.jpg,2,hyphen,10158,train
007-2957-100.jpg,2,hyphen,10159,train
007-2964-100.jpg,2,hyphen,10160,val
007-2965-100.jpg,2,hyphen,10161,train
007-2967-100.jpg,2,hyphen,10162,train
007-2969-100.jpg,2,hyphen,10163,test
007-2970-100.jpg,2,hyphen,10164,train
007-2974-100.jpg,2,hyphen,10165,train
007-2975-100.jpg,2,hyphen,10166,train
007-2977-100.jpg,2,hyphen,10167,val
007-2978-100.jpg,2,hyphen,10168,test
007-2979-100.jpg,2,hyphen,10169,train
007-2980-100.jpg,2,hyphen,10170,val
007-2984-100.jpg,2,hyphen,10171,train
007-2989-100.jpg,2,hyphen,10172,train
007-2991-100.jpg,2,hyphen,10173,train
007-2992-100.jpg,2,hyphen,10174,train
007-2993-100.jpg,2,hyphen,10175,train
007-2994-100.jpg,2,hyphen,10176,train
007-2997-100.jpg,2,hyphen,10177,test
007-2999-100.jpg,2,hyphen,10178,train
007-3000-100.jpg,2,hyphen,10179,train
007-3002-100.jpg,2,hyphen,10180,train
007-3004-100.jpg,2,hyphen,10181,train
007-3005-100.jpg,2,hyphen,10182,train
007-3007-100.jpg,2,hyphen,10183,val
007-3010-100.jpg,2,hyphen,10184,train
007-3012-100.jpg,2,hyphen,10185,train
007-3013-100.jpg,2,hyphen,10186,test
007-3014-100.jpg,2,hyphen,10187,train
007-3015-100.jpg,2,hyphen,10188,train
007-3016-100.jpg,2,hyphen,10189,train
007-3017-100.jpg,2,hyphen,10190,val
007-3018-100.jpg,2,hyphen,10191,train
007-3024-100.jpg,2,hyphen,10192,train
007-3025-100.jpg,2,hyphen,10193,test
007-3026-100.jpg,2,hyphen,10194,train
007-3028-100.jpg,2,hyphen,10195,train
007-3030-100.jpg,2,hyphen,10196,train
007-3031-100.jpg,2,hyphen,10197,val
007-3035-100.jpg,2,hyphen,10198,train
007-3046-100.jpg,2,hyphen,10199,test
007-3049-100.jpg,2,hyphen,10200,train
007-3054-100.jpg,2,hyphen,10201,train
007-3055-100.jpg,2,hyphen,10202,val
007-3056-100.jpg,2,hyphen,10203,train
007-3057-100.jpg,2,hyphen,10204,train
007-3058-100.jpg,2,hyphen,10205,train
007-3060-100.jpg,2,hyphen,10206,test
007-3063-100.jpg,2,hyphen,10207,train
007-3066-100.jpg,2,hyphen,10208,train
007-3067-100.jpg,2,hyphen,10209,val
007-3070-100.jpg,2,hyphen,10210,train
007-3071-100.jpg,2,hyphen,10211,train
007-3072-100.jpg,2,hyphen,10212,train
007-3073-100.jpg,2,hyphen,10213,train
007-3074-100.jpg,2,hyphen,10214,test
007-3076-100.jpg,2,hyphen,10215,train
007-3077-100.jpg,2,hyphen,10216,train
007-3078-100.jpg,2,hyphen,10217,val
007-3079-100.jpg,2,hyphen,10218,train
007-3080-100.jpg,2,hyphen,10219,test
007-3086-100.jpg,2,hyphen,10220,train
007-3087-100.jpg,2,hyphen,10221,train
007-3091-100.jpg,2,hyphen,10222,train
007-3092-100.jpg,2,hyphen,10223,train
007-3093-100.jpg,2,hyphen,10224,val
007-3097-100.jpg,2,hyphen,10225,train
007-3099-100.jpg,2,hyphen,10226,train
007-3106-100.jpg,2,hyphen,10227,train
007-3108-100.jpg,2,hyphen,10228,train
007-3109-100.jpg,2,hyphen,10229,val
007-3110-100.jpg,2,hyphen,10230,test
007-3111-100.jpg,2,hyphen,10231,train
007-3112-100.jpg,2,hyphen,10232,train
007-3117-100.jpg,2,hyphen,10233,train
007-3123-100.jpg,2,hyphen,10234,test
007-3126-100.jpg,2,hyphen,10235,train
007-3127-100.jpg,2,hyphen,10236,train
007-3129-100.jpg,2,hyphen,10237,train
007-3130-100.jpg,2,hyphen,10238,val
007-3133-100.jpg,2,hyphen,10239,train
007-3134-100.jpg,2,hyphen,10240,train
007-3135-100.jpg,2,hyphen,10241,test
007-3136-100.jpg,2,hyphen,10242,train
007-3137-100.jpg,2,hyphen,10243,train
007-3139-100.jpg,2,hyphen,10244,train
007-3141-100.jpg,2,hyphen,10245,train
007-3142-100.jpg,2,hyphen,10246,val
007-3143-100.jpg,2,hyphen,10247,test
007-3144-100.jpg,2,hyphen,10248,train
007-3145-100.jpg,2,hyphen,10249,train
007-3147-100.jpg,2,hyphen,10250,train
007-3148-100.jpg,2,hyphen,10251,val
007-3149-100.jpg,2,hyphen,10252,train
007-3150-100.jpg,2,hyphen,10253,train
007-3151-100.jpg,2,hyphen,10254,train
007-3152-100.jpg,2,hyphen,10255,test
007-3153-100.jpg,2,hyphen,10256,train
007-3154-100.jpg,2,hyphen,10257,train
007-3155-100.jpg,2,hyphen,10258,train
007-3156-100.jpg,2,hyphen,10259,train
007-3159-100.jpg,2,hyphen,10260,val
007-3162-100.jpg,2,hyphen,10261,train
007-3163-100.jpg,2,hyphen,10262,test
007-3164-100.jpg,2,hyphen,10263,train
007-3165-100.jpg,2,hyphen,10264,train
007-3166-100.jpg,2,hyphen,10265,train
007-3168-100.jpg,2,hyphen,10266,val
007-3171-100.jpg,2,hyphen,10267,train
007-3175-100.jpg,2,hyphen,10268,train
007-3177-100.jpg,2,hyphen,10269,val
007-3178-100.jpg,2,hyphen,10270,test
007-3182-100.jpg,2,hyphen,10271,train
007-3183-100.jpg,2,hyphen,10272,train
007-3186-100.jpg,2,hyphen,10273,train
007-3187-100.jpg,2,hyphen,10274,train
007-3188-100.jpg,2,hyphen,10275,train
007-3190-100.jpg,2,hyphen,10276,train
007-3194-100.jpg,2,hyphen,10277,test
007-3195-100.jpg,2,hyphen,10278,train
007-3198-100.jpg,2,hyphen,10279,train
007-3199-100.jpg,2,hyphen,10280,val
007-3203-100.jpg,2,hyphen,10281,test
007-3204-100.jpg,2,hyphen,10282,train
007-3206-100.jpg,2,hyphen,10283,train
007-3208-100.jpg,2,hyphen,10284,train
007-3211-100.jpg,2,hyphen,10285,train
007-3214-100.jpg,2,hyphen,10286,val
007-3215-100.jpg,2,hyphen,10287,train
007-3219-100.jpg,2,hyphen,10288,train
007-3220-100.jpg,2,hyphen,10289,train
007-3224-100.jpg,2,hyphen,10290,train
007-3227-100.jpg,2,hyphen,10291,train
007-3228-100.jpg,2,hyphen,10292,test
007-3229-100.jpg,2,hyphen,10293,val
007-3230-100.jpg,2,hyphen,10294,train
007-3232-100.jpg,2,hyphen,10295,train
007-3233-100.jpg,2,hyphen,10296,test
007-3234-100.jpg,2,hyphen,10297,train
007-3235-100.jpg,2,hyphen,10298,train
007-3236-100.jpg,2,hyphen,10299,train
007-3241-100.jpg,2,hyphen,10300,train
007-3243-100.jpg,2,hyphen,10301,val
007-3247-100.jpg,2,hyphen,10302,train
007-3249-100.jpg,2,hyphen,10303,test
007-3252-100.jpg,2,hyphen,10304,train
007-3257-100.jpg,2,hyphen,10305,train
007-3258-100.jpg,2,hyphen,10306,train
007-3265-100.jpg,2,hyphen,10307,train
007-3266-100.jpg,2,hyphen,10308,val
007-3269-100.jpg,2,hyphen,10309,train
007-3274-100.jpg,2,hyphen,10310,train
007-3277-100.jpg,2,hyphen,10311,test
007-3279-200.jpg,2,hyphen,10312,val
007-3280-200.jpg,2,hyphen,10313,train
007-3281-200.jpg,2,hyphen,10314,train
007-3282-200.jpg,2,hyphen,10315,train
007-3283-200.jpg,2,hyphen,10316,train
007-3284-200.jpg,2,hyphen,10317,train
007-3285-200.jpg,2,hyphen,10318,test
007-3287-200.jpg,2,hyphen,10319,train
007-3288-200.jpg,2,hyphen,10320,val
007-3289-200.jpg,2,hyphen,10321,train
007-3290-200.jpg,2,hyphen,10322,train
007-3291-200.jpg,2,hyphen,10323,train
007-3292-200.jpg,2,hyphen,10324,train
007-3293-200.jpg,2,hyphen,10325,train
007-3294-200.jpg,2,hyphen,10326,test
007-3295-200.jpg,2,hyphen,10327,train
007-3296-200.jpg,2,hyphen,10328,train
007-3297-200.jpg,2,hyphen,10329,val
007-3298-200.jpg,2,hyphen,10330,train
007-3299-200.jpg,2,hyphen,10331,train
007-3300-200.jpg,2,hyphen,10332,train
007-3301-200.jpg,2,hyphen,10333,test
007-3302-200.jpg,2,hyphen,10334,train
007-3303-200.jpg,2,hyphen,10335,val
007-3304-200.jpg,2,hyphen,10336,train
007-3305-200.jpg,2,hyphen,10337,test
007-3306-200.jpg,2,hyphen,10338,train
007-3307-200.jpg,2,hyphen,10339,train
007-3308-200.jpg,2,hyphen,10340,train
007-3309-200.jpg,2,hyphen,10341,train
007-3310-200.jpg,2,hyphen,10342,val
007-3311-200.jpg,2,hyphen,10343,train
007-3312-200.jpg,2,hyphen,10344,train
007-3313-200.jpg,2,hyphen,10345,train
007-3314-200.jpg,2,hyphen,10346,train
007-3315-200.jpg,2,hyphen,10347,train
007-3316-200.jpg,2,hyphen,10348,test
007-3317-200.jpg,2,hyphen,10349,train
007-3318-200.jpg,2,hyphen,10350,train
007-3319-200.jpg,2,hyphen,10351,train
007-3320-200.jpg,2,hyphen,10352,train
007-3321-200.jpg,2,hyphen,10353,test
007-3323-200.jpg,2,hyphen,10354,val
007-3324-200.jpg,2,hyphen,10355,train
007-3325-200.jpg,2,hyphen,10356,train
007-3326-200.jpg,2,hyphen,10357,train
007-3327-200.jpg,2,hyphen,10358,val
007-3328-200.jpg,2,hyphen,10359,train
007-3329-200.jpg,2,hyphen,10360,test
007-3330-200.jpg,2,hyphen,10361,train
007-3331-200.jpg,2,hyphen,10362,train
007-3332-200.jpg,2,hyphen,10363,val
007-3333-200.jpg,2,hyphen,10364,train
007-3334-200.jpg,2,hyphen,10365,train
007-3335-200.jpg,2,hyphen,10366,train
007-3336-200.jpg,2,hyphen,10367,train
007-3337-200.jpg,2,hyphen,10368,train
007-3338-200.jpg,2,hyphen,10369,train
007-3339-200.jpg,2,hyphen,10370,test
007-3340-200.jpg,2,hyphen,10371,val
007-3341-200.jpg,2,hyphen,10372,train
007-3342-200.jpg,2,hyphen,10373,train
007-3343-200.jpg,2,hyphen,10374,test
007-3344-200.jpg,2,hyphen,10375,train
007-3345-200.jpg,2,hyphen,10376,train
007-3346-200.jpg,2,hyphen,10377,train
007-3347-200.jpg,2,hyphen,10378,val
007-3348-200.jpg,2,hyphen,10379,train
007-3349-200.jpg,2,hyphen,10380,train
007-3350-200.jpg,2,hyphen,10381,test
007-3351-200.jpg,2,hyphen,10382,train
007-3352-200.jpg,2,hyphen,10383,test
007-3353-200.jpg,2,hyphen,10384,train
007-3354-200.jpg,2,hyphen,10385,train
007-3355-200.jpg,2,hyphen,10386,train
007-3357-200.jpg,2,hyphen,10387,train
007-3358-200.jpg,2,hyphen,10388,val
007-3361-200.jpg,2,hyphen,10389,train
007-3362-200.jpg,2,hyphen,10390,train
007-3365-200.jpg,2,hyphen,10391,train
007-3368-200.jpg,2,hyphen,10392,train
007-3369-200.jpg,2,hyphen,10393,val
007-3370-200.jpg,2,hyphen,10394,test
007-3372-200.jpg,2,hyphen,10395,train
007-3375-200.jpg,2,hyphen,10396,train
007-3376-200.jpg,2,hyphen,10397,train
007-3377-200.jpg,2,hyphen,10398,train
007-3378-200.jpg,2,hyphen,10399,train
007-3379-200.jpg,2,hyphen,10400,val
007-3380-200.jpg,2,hyphen,10401,train
007-3381-200.jpg,2,hyphen,10402,train
007-3382-200.jpg,2,hyphen,10403,test
007-3383-200.jpg,2,hyphen,10404,train
007-3384-200.jpg,2,hyphen,10405,val
007-3385-200.jpg,2,hyphen,10406,train
007-3386-200.jpg,2,hyphen,10407,train
007-3387-200.jpg,2,hyphen,10408,train
007-3388-200.jpg,2,hyphen,10409,test
007-3389-200.jpg,2,hyphen,10410,train
007-3390-200.jpg,2,hyphen,10411,train
007-3391-200.jpg,2,hyphen,10412,val
007-3392-200.jpg,2,hyphen,10413,train
007-3393-200.jpg,2,hyphen,10414,train
007-3394-200.jpg,2,hyphen,10415,train
007-3395-200.jpg,2,hyphen,10416,train
007-3396-200.jpg,2,hyphen,10417,train
007-3397-200.jpg,2,hyphen,10418,train
007-3398-200.jpg,2,hyphen,10419,test
007-3399-200.jpg,2,hyphen,10420,train
007-3400-200.jpg,2,hyphen,10421,val
007-3401-200.jpg,2,hyphen,10422,train
007-3402-200.jpg,2,hyphen,10423,train
007-3403-200.jpg,2,hyphen,10424,test
007-3404-200.jpg,2,hyphen,10425,train
007-3405-200.jpg,2,hyphen,10426,val
007-3406-200.jpg,2,hyphen,10427,train
007-3407-200.jpg,2,hyphen,10428,train
007-3408-200.jpg,2,hyphen,10429,train
007-3409-200.jpg,2,hyphen,10430,train
007-3410-200.jpg,2,hyphen,10431,train
007-3411-200.jpg,2,hyphen,10432,test
007-3412-200.jpg,2,hyphen,10433,val
007-3413-200.jpg,2,hyphen,10434,train
007-3414-200.jpg,2,hyphen,10435,train
007-3415-200.jpg,2,hyphen,10436,train
007-3416-200.jpg,2,hyphen,10437,test
007-3417-200.jpg,2,hyphen,10438,train
007-3418-200.jpg,2,hyphen,10439,train
007-3419-200.jpg,2,hyphen,10440,train
007-3420-200.jpg,2,hyphen,10441,train
007-3421-200.jpg,2,hyphen,10442,val
007-3422-200.jpg,2,hyphen,10443,train
007-3423-200.jpg,2,hyphen,10444,test
007-3424-200.jpg,2,hyphen,10445,train
007-3425-200.jpg,2,hyphen,10446,train
007-3426-200.jpg,2,hyphen,10447,train
007-3427-200.jpg,2,hyphen,10448,train
007-3428-200.jpg,2,hyphen,10449,val
007-3429-200.jpg,2,hyphen,10450,train
007-3430-200.jpg,2,hyphen,10451,test
007-3431-200.jpg,2,hyphen,10452,train
007-3432-200.jpg,2,hyphen,10453,train
007-3433-200.jpg,2,hyphen,10454,train
007-3434-200.jpg,2,hyphen,10455,train
007-3435-200.jpg,2,hyphen,10456,train
007-3436-200.jpg,2,hyphen,10457,test
007-3437-200.jpg,2,hyphen,10458,val
007-3438-200.jpg,2,hyphen,10459,train
007-3439-200.jpg,2,hyphen,10460,train
007-3440-200.jpg,2,hyphen,10461,train
007-3441-200.jpg,2,hyphen,10462,val
007-3442-200.jpg,2,hyphen,10463,train
007-3443-200.jpg,2,hyphen,10464,train
007-3444-200.jpg,2,hyphen,10465,test
007-3445-200.jpg,2,hyphen,10466,train
007-3446-200.jpg,2,hyphen,10467,train
007-3448-200.jpg,2,hyphen,10468,train
007-3449-200.jpg,2,hyphen,10469,train
007-3451-200.jpg,2,hyphen,10470,val
007-3452-200.jpg,2,hyphen,10471,train
007-3453-200.jpg,2,hyphen,10472,test
007-3454-200.jpg,2,hyphen,10473,train
007-3455-200.jpg,2,hyphen,10474,train
007-3456-200.jpg,2,hyphen,10475,val
007-3457-200.jpg,2,hyphen,10476,train
007-3458-200.jpg,2,hyphen,10477,train
007-3459-200.jpg,2,hyphen,10478,train
007-3460-200.jpg,2,hyphen,10479,train
007-3461-200.jpg,2,hyphen,10480,train
007-3462-200.jpg,2,hyphen,10481,test
007-3463-200.jpg,2,hyphen,10482,val
007-3464-200.jpg,2,hyphen,10483,train
007-3466-200.jpg,2,hyphen,10484,train
007-3467-200.jpg,2,hyphen,10485,train
007-3468-200.jpg,2,hyphen,10486,train
007-3469-200.jpg,2,hyphen,10487,test
007-3470-200.jpg,2,hyphen,10488,train
007-3471-200.jpg,2,hyphen,10489,val
007-3472-200.jpg,2,hyphen,10490,train
007-3473-200.jpg,2,hyphen,10491,train
007-3474-200.jpg,2,hyphen,10492,test
007-3475-200.jpg,2,hyphen,10493,train
007-3476-200.jpg,2,hyphen,10494,train
007-3477-200.jpg,2,hyphen,10495,train
007-3478-200.jpg,2,hyphen,10496,val
007-3479-200.jpg,2,hyphen,10497,train
007-3480-200.jpg,2,hyphen,10498,test
007-3481-200.jpg,2,hyphen,10499,train
007-3482-200.jpg,2,hyphen,10500,train
007-3483-200.jpg,2,hyphen,10501,train
007-3484-200.jpg,2,hyphen,10502,train
007-3485-200.jpg,2,hyphen,10503,val
007-3486-200.jpg,2,hyphen,10504,train
007-3487-200.jpg,2,hyphen,10505,train
007-3490-200.jpg,2,hyphen,10506,train
007-3491-200.jpg,2,hyphen,10507,test
007-3492-200.jpg,2,hyphen,10508,train
007-3494-200.jpg,2,hyphen,10509,train
007-3495-200.jpg,2,hyphen,10510,val
007-3496-200.jpg,2,hyphen,10511,train
007-3497-200.jpg,2,hyphen,10512,train
007-3498-200.jpg,2,hyphen,10513,train
007-3499-200.jpg,2,hyphen,10514,test
007-3500-200.jpg,2,hyphen,10515,train
007-3501-200.jpg,2,hyphen,10516,train
007-3502-200.jpg,2,hyphen,10517,val
007-3503-200.jpg,2,hyphen,10518,train
007-3504-200.jpg,2,hyphen,10519,train
007-3506-200.jpg,2,hyphen,10520,train
007-3507-200.jpg,2,hyphen,10521,test
007-3508-200.jpg,2,hyphen,10522,train
007-3509-200.jpg,2,hyphen,10523,train
007-3510-200.jpg,2,hyphen,10524,val
007-3511-200.jpg,2,hyphen,10525,train
007-3512-200.jpg,2,hyphen,10526,train
007-3513-200.jpg,2,hyphen,10527,train
007-3514-200.jpg,2,hyphen,10528,train
007-3515-200.jpg,2,hyphen,10529,train
007-3517-200.jpg,2,hyphen,10530,train
007-3519-200.jpg,2,hyphen,10531,test
007-3520-200.jpg,2,hyphen,10532,test
007-3521-200.jpg,2,hyphen,10533,val
007-3522-200.jpg,2,hyphen,10534,train
007-3523-200.jpg,2,hyphen,10535,train
007-3524-200.jpg,2,hyphen,10536,train
007-3525-200.jpg,2,hyphen,10537,train
007-3526-200.jpg,2,hyphen,10538,train
007-3527-200.jpg,2,hyphen,10539,val
007-3528-200.jpg,2,hyphen,10540,train
007-3530-200.jpg,2,hyphen,10541,train
007-3531-200.jpg,2,hyphen,10542,train
007-3532-200.jpg,2,hyphen,10543,test
007-3533-200.jpg,2,hyphen,10544,train
007-3534-200.jpg,2,hyphen,10545,val
007-3535-200.jpg,2,hyphen,10546,train
007-3536-200.jpg,2,hyphen,10547,train
007-3537-200.jpg,2,hyphen,10548,train
007-3538-200.jpg,2,hyphen,10549,train
007-3539-200.jpg,2,hyphen,10550,test
007-3540-200.jpg,2,hyphen,10551,train
007-3541-200.jpg,2,hyphen,10552,val
007-3543-200.jpg,2,hyphen,10553,train
007-3544-200.jpg,2,hyphen,10554,train
007-3545-200.jpg,2,hyphen,10555,train
007-3546-200.jpg,2,hyphen,10556,test
007-3547-200.jpg,2,hyphen,10557,train
007-3549-200.jpg,2,hyphen,10558,train
007-3550-200.jpg,2,hyphen,10559,train
007-3551-200.jpg,2,hyphen,10560,train
007-3552-200.jpg,2,hyphen,10561,val
007-3553-200.jpg,2,hyphen,10562,train
007-3554-200.jpg,2,hyphen,10563,test
007-3555-200.jpg,2,hyphen,10564,train
007-3556-200.jpg,2,hyphen,10565,train
007-3557-200.jpg,2,hyphen,10566,val
007-3558-200.jpg,2,hyphen,10567,train
007-3559-200.jpg,2,hyphen,10568,train
007-3560-200.jpg,2,hyphen,10569,test
007-3561-200.jpg,2,hyphen,10570,train
007-3564-200.jpg,2,hyphen,10571,train
007-3565-200.jpg,2,hyphen,10572,train
007-3566-200.jpg,2,hyphen,10573,val
007-3568-200.jpg,2,hyphen,10574,train
007-3569-200.jpg,2,hyphen,10575,test
007-3570-200.jpg,2,hyphen,10576,train
007-3571-200.jpg,2,hyphen,10577,train
007-3572-200.jpg,2,hyphen,10578,train
007-3573-200.jpg,2,hyphen,10579,train
007-3574-200.jpg,2,hyphen,10580,val
007-3575-200.jpg,2,hyphen,10581,train
007-3576-200.jpg,2,hyphen,10582,train
007-3577-200.jpg,2,hyphen,10583,train
007-3578-200.jpg,2,hyphen,10584,train
007-3580-200.jpg,2,hyphen,10585,test
007-3581-200.jpg,2,hyphen,10586,train
007-3582-200.jpg,2,hyphen,10587,train
007-3586-200.jpg,2,hyphen,10588,test
007-3587-200.jpg,2,hyphen,10589,val
007-3588-200.jpg,2,hyphen,10590,train
007-3589-200.jpg,2,hyphen,10591,train
007-3590-200.jpg,2,hyphen,10592,test
007-3591-200.jpg,2,hyphen,10593,train
007-3592-200.jpg,2,hyphen,10594,train
007-3593-200.jpg,2,hyphen,10595,val
007-3594-200.jpg,2,hyphen,10596,train
007-3595-200.jpg,2,hyphen,10597,train
007-3596-200.jpg,2,hyphen,10598,train
007-3597-200.jpg,2,hyphen,10599,train
007-3598-200.jpg,2,hyphen,10600,train
007-3599-200.jpg,2,hyphen,10601,train
007-3600-200.jpg,2,hyphen,10602,train
007-3601-200.jpg,2,hyphen,10603,val
007-3602-200.jpg,2,hyphen,10604,train
007-3603-200.jpg,2,hyphen,10605,train
007-3604-200.jpg,2,hyphen,10606,train
007-3605-200.jpg,2,hyphen,10607,test
007-3606-200.jpg,2,hyphen,10608,train
007-3607-200.jpg,2,hyphen,10609,train
007-3608-200.jpg,2,hyphen,10610,val
007-3609-200.jpg,2,hyphen,10611,train
007-3610-200.jpg,2,hyphen,10612,test
007-3611-200.jpg,2,hyphen,10613,train
007-3613-200.jpg,2,hyphen,10614,train
007-3614-200.jpg,2,hyphen,10615,train
007-3615-200.jpg,2,hyphen,10616,train
007-3616-200.jpg,2,hyphen,10617,val
007-3617-200.jpg,2,hyphen,10618,train
007-3618-200.jpg,2,hyphen,10619,train
007-3619-200.jpg,2,hyphen,10620,train
007-3620-200.jpg,2,hyphen,10621,train
007-3621-200.jpg,2,hyphen,10622,test
007-3622-200.jpg,2,hyphen,10623,train
007-3623-200.jpg,2,hyphen,10624,val
007-3624-200.jpg,2,hyphen,10625,train
007-3625-200.jpg,2,hyphen,10626,train
007-3626-200.jpg,2,hyphen,10627,train
007-3627-200.jpg,2,hyphen,10628,test
007-3628-200.jpg,2,hyphen,10629,train
007-3629-200.jpg,2,hyphen,10630,train
007-3630-200.jpg,2,hyphen,10631,val
007-3631-200.jpg,2,hyphen,10632,train
007-3632-200.jpg,2,hyphen,10633,train
007-3633-200.jpg,2,hyphen,10634,train
007-3635-200.jpg,2,hyphen,10635,train
007-3636-200.jpg,2,hyphen,10636,test
007-3637-200.jpg,2,hyphen,10637,train
007-3638-200.jpg,2,hyphen,10638,val
007-3639-200.jpg,2,hyphen,10639,test
007-3640-200.jpg,2,hyphen,10640,train
007-3641-200.jpg,2,hyphen,10641,train
007-3642-200.jpg,2,hyphen,10642,train
007-3643-200.jpg,2,hyphen,10643,val
007-3644-200.jpg,2,hyphen,10644,train
007-3645-200.jpg,2,hyphen,10645,train
007-3646-200.jpg,2,hyphen,10646,train
007-3647-200.jpg,2,hyphen,10647,train
007-3648-200.jpg,2,hyphen,10648,train
007-3649-200.jpg,2,hyphen,10649,train
007-3650-200.jpg,2,hyphen,10650,test
007-3651-200.jpg,2,hyphen,10651,train
007-3652-200.jpg,2,hyphen,10652,val
007-3653-200.jpg,2,hyphen,10653,train
007-3654-200.jpg,2,hyphen,10654,train
007-3655-200.jpg,2,hyphen,10655,train
007-3656-200.jpg,2,hyphen,10656,test
007-3657-200.jpg,2,hyphen,10657,val
007-3658-200.jpg,2,hyphen,10658,train
007-3659-200.jpg,2,hyphen,10659,train
007-3660-200.jpg,2,hyphen,10660,test
007-3661-200.jpg,2,hyphen,10661,train
007-3662-200.jpg,2,hyphen,10662,train
007-3663-200.jpg,2,hyphen,10663,train
007-3664-200.jpg,2,hyphen,10664,train
007-3665-200.jpg,2,hyphen,10665,train
007-3666-200.jpg,2,hyphen,10666,val
007-3667-200.jpg,2,hyphen,10667,train
007-3668-200.jpg,2,hyphen,10668,train
007-3669-200.jpg,2,hyphen,10669,train
007-3670-200.jpg,2,hyphen,10670,test
007-3671-200.jpg,2,hyphen,10671,train
007-3672-200.jpg,2,hyphen,10672,train
007-3673-200.jpg,2,hyphen,10673,val
007-3674-200.jpg,2,hyphen,10674,train
007-3676-200.jpg,2,hyphen,10675,train
007-3677-200.jpg,2,hyphen,10676,train
007-3678-200.jpg,2,hyphen,10677,train
007-3679-200.jpg,2,hyphen,10678,test
007-3680-200.jpg,2,hyphen,10679,val
007-3681-200.jpg,2,hyphen,10680,train
007-3682-200.jpg,2,hyphen,10681,val
007-3683-200.jpg,2,hyphen,10682,train
007-3684-200.jpg,2,hyphen,10683,train
007-3685-200.jpg,2,hyphen,10684,test
007-3686-200.jpg,2,hyphen,10685,train
007-3687-200.jpg,2,hyphen,10686,train
007-3688-200.jpg,2,hyphen,10687,train
007-3689-200.jpg,2,hyphen,10688,val
007-3690-200.jpg,2,hyphen,10689,train
007-3691-200.jpg,2,hyphen,10690,test
007-3692-200.jpg,2,hyphen,10691,train
007-3693-200.jpg,2,hyphen,10692,train
007-3694-200.jpg,2,hyphen,10693,train
007-3695-200.jpg,2,hyphen,10694,train
007-3696-200.jpg,2,hyphen,10695,train
007-3697-200.jpg,2,hyphen,10696,val
007-3698-200.jpg,2,hyphen,10697,train
007-3699-200.jpg,2,hyphen,10698,test
007-3700-200.jpg,2,hyphen,10699,val
007-3701-200.jpg,2,hyphen,10700,train
007-3702-200.jpg,2,hyphen,10701,train
007-3703-200.jpg,2,hyphen,10702,train
007-3704-200.jpg,2,hyphen,10703,train
007-3706-200.jpg,2,hyphen,10704,val
007-3708-200.jpg,2,hyphen,10705,train
007-3709-200.jpg,2,hyphen,10706,test
007-3710-200.jpg,2,hyphen,10707,train
007-3711-200.jpg,2,hyphen,10708,train
007-3712-200.jpg,2,hyphen,10709,train
007-3713-200.jpg,2,hyphen,10710,train
007-3715-200.jpg,2,hyphen,10711,train
007-3716-200.jpg,2,hyphen,10712,train
007-3717-200.jpg,2,hyphen,10713,test
007-3718-200.jpg,2,hyphen,10714,val
007-3719-200.jpg,2,hyphen,10715,train
007-3720-200.jpg,2,hyphen,10716,test
007-3721-200.jpg,2,hyphen,10717,train
007-3722-200.jpg,2,hyphen,10718,train
007-3724-200.jpg,2,hyphen,10719,val
007-3725-200.jpg,2,hyphen,10720,train
007-3726-200.jpg,2,hyphen,10721,train
007-3727-200.jpg,2,hyphen,10722,train
007-3728-200.jpg,2,hyphen,10723,train
007-3729-200.jpg,2,hyphen,10724,val
007-3730-200.jpg,2,hyphen,10725,train
007-3731-200.jpg,2,hyphen,10726,test
007-3732-200.jpg,2,hyphen,10727,train
007-3733-200.jpg,2,hyphen,10728,train
007-3734-200.jpg,2,hyphen,10729,train
007-3735-200.jpg,2,hyphen,10730,train
007-3736-200.jpg,2,hyphen,10731,val
007-3737-200.jpg,2,hyphen,10732,train
007-3739-200.jpg,2,hyphen,10733,test
007-3740-200.jpg,2,hyphen,10734,train
007-3741-200.jpg,2,hyphen,10735,train
007-3742-200.jpg,2,hyphen,10736,train
007-3743-200.jpg,2,hyphen,10737,train
007-3744-200.jpg,2,hyphen,10738,train
007-3745-200.jpg,2,hyphen,10739,train
007-3746-200.jpg,2,hyphen,10740,val
007-3747-200.jpg,2,hyphen,10741,test
007-3748-200.jpg,2,hyphen,10742,test
007-3749-200.jpg,2,hyphen,10743,train
007-3750-200.jpg,2,hyphen,10744,train
007-3753-200.jpg,2,hyphen,10745,train
007-3754-200.jpg,2,hyphen,10746,train
007-3755-200.jpg,2,hyphen,10747,train
007-3756-200.jpg,2,hyphen,10748,test
007-3757-200.jpg,2,hyphen,10749,train
007-3758-200.jpg,2,hyphen,10750,train
007-3759-200.jpg,2,hyphen,10751,train
007-3760-200.jpg,2,hyphen,10752,train
007-3761-200.jpg,2,hyphen,10753,train
007-3762-200.jpg,2,hyphen,10754,val
007-3763-200.jpg,2,hyphen,10755,val
007-3764-200.jpg,2,hyphen,10756,test
007-3765-200.jpg,2,hyphen,10757,train
007-3766-200.jpg,2,hyphen,10758,train
007-3767-200.jpg,2,hyphen,10759,test
007-3768-200.jpg,2,hyphen,10760,train
007-3769-200.jpg,2,hyphen,10761,train
007-3770-200.jpg,2,hyphen,10762,train
007-3772-200.jpg,2,hyphen,10763,val
007-3773-200.jpg,2,hyphen,10764,train
007-3774-200.jpg,2,hyphen,10765,train
007-3775-200.jpg,2,hyphen,10766,train
007-3776-200.jpg,2,hyphen,10767,train
007-3778-200.jpg,2,hyphen,10768,train
007-3779-200.jpg,2,hyphen,10769,train
007-3780-200.jpg,2,hyphen,10770,val
007-3781-200.jpg,2,hyphen,10771,train
007-3782-200.jpg,2,hyphen,10772,test
007-3783-200.jpg,2,hyphen,10773,train
007-3784-200.jpg,2,hyphen,10774,train
007-3785-200.jpg,2,hyphen,10775,train
007-3786-200.jpg,2,hyphen,10776,val
007-3787-200.jpg,2,hyphen,10777,train
007-3788-200.jpg,2,hyphen,10778,test
007-3789-200.jpg,2,hyphen,10779,train
007-3790-200.jpg,2,hyphen,10780,train
007-3791-200.jpg,2,hyphen,10781,train
007-3792-200.jpg,2,hyphen,10782,val
007-3793-200.jpg,2,hyphen,10783,train
007-3794-200.jpg,2,hyphen,10784,train
007-3795-200.jpg,2,hyphen,10785,test
007-3796-200.jpg,2,hyphen,10786,train
007-3797-200.jpg,2,hyphen,10787,train
007-3798-200.jpg,2,hyphen,10788,train
007-3799-200.jpg,2,hyphen,10789,train
007-3800-200.jpg,2,hyphen,10790,train
007-3801-200.jpg,2,hyphen,10791,train
007-3802-200.jpg,2,hyphen,10792,test
007-3803-200.jpg,2,hyphen,10793,val
007-3804-200.jpg,2,hyphen,10794,train
007-3805-200.jpg,2,hyphen,10795,train
007-3806-200.jpg,2,hyphen,10796,train
007-3807-200.jpg,2,hyphen,10797,train
007-3808-200.jpg,2,hyphen,10798,test
007-3809-200.jpg,2,hyphen,10799,val
007-3810-200.jpg,2,hyphen,10800,train
007-3811-200.jpg,2,hyphen,10801,train
007-3812-200.jpg,2,hyphen,10802,train
007-3814-200.jpg,2,hyphen,10803,train
007-3815-200.jpg,2,hyphen,10804,train
007-3816-200.jpg,2,hyphen,10805,train
007-3817-200.jpg,2,hyphen,10806,val
007-3818-200.jpg,2,hyphen,10807,train
007-3819-200.jpg,2,hyphen,10808,test
007-3820-200.jpg,2,hyphen,10809,train
007-3821-200.jpg,2,hyphen,10810,train
007-3822-200.jpg,2,hyphen,10811,train
007-3823-200.jpg,2,hyphen,10812,train
007-3824-200.jpg,2,hyphen,10813,test
007-3825-200.jpg,2,hyphen,10814,train
007-3826-200.jpg,2,hyphen,10815,train
007-3827-200.jpg,2,hyphen,10816,val
007-3828-200.jpg,2,hyphen,10817,test
007-3829-200.jpg,2,hyphen,10818,train
007-3830-200.jpg,2,hyphen,10819,train
007-3831-200.jpg,2,hyphen,10820,train
007-3832-200.jpg,2,hyphen,10821,val
007-3833-200.jpg,2,hyphen,10822,train
007-3834-200.jpg,2,hyphen,10823,train
007-3835-200.jpg,2,hyphen,10824,train
007-3836-200.jpg,2,hyphen,10825,train
007-3837-200.jpg,2,hyphen,10826,test
007-3838-200.jpg,2,hyphen,10827,train
007-3839-200.jpg,2,hyphen,10828,train
007-3840-200.jpg,2,hyphen,10829,val
007-3841-200.jpg,2,hyphen,10830,train
007-3842-200.jpg,2,hyphen,10831,test
007-3843-200.jpg,2,hyphen,10832,train
007-3844-200.jpg,2,hyphen,10833,train
007-3845-200.jpg,2,hyphen,10834,train
007-3846-200.jpg,2,hyphen,10835,train
007-3847-200.jpg,2,hyphen,10836,train
007-3848-200.jpg,2,hyphen,10837,val
007-3849-200.jpg,2,hyphen,10838,train
007-3850-200.jpg,2,hyphen,10839,test
007-3851-200.jpg,2,hyphen,10840,test
007-3852-200.jpg,2,hyphen,10841,train
007-3853-200.jpg,2,hyphen,10842,val
007-3854-200.jpg,2,hyphen,10843,train
007-3855-200.jpg,2,hyphen,10844,train
007-3856-200.jpg,2,hyphen,10845,train
007-3857-200.jpg,2,hyphen,10846,train
007-3858-200.jpg,2,hyphen,10847,train
007-3859-200.jpg,2,hyphen,10848,train
007-3860-200.jpg,2,hyphen,10849,train
007-3862-200.jpg,2,hyphen,10850,train
007-3863-200.jpg,2,hyphen,10851,val
007-3864-200.jpg,2,hyphen,10852,train
007-3865-200.jpg,2,hyphen,10853,train
007-3866-200.jpg,2,hyphen,10854,train
007-3867-200.jpg,2,hyphen,10855,train
007-3868-200.jpg,2,hyphen,10856,test
007-3869-200.jpg,2,hyphen,10857,val
007-3870-200.jpg,2,hyphen,10858,train
007-3871-200.jpg,2,hyphen,10859,train
007-3872-200.jpg,2,hyphen,10860,train
007-3873-200.jpg,2,hyphen,10861,test
007-3874-200.jpg,2,hyphen,10862,train
007-3875-200.jpg,2,hyphen,10863,train
007-3876-200.jpg,2,hyphen,10864,val
007-3877-200.jpg,2,hyphen,10865,train
007-3878-200.jpg,2,hyphen,10866,train
007-3879-200.jpg,2,hyphen,10867,train
007-3880-200.jpg,2,hyphen,10868,train
007-3881-200.jpg,2,hyphen,10869,test
007-3882-200.jpg,2,hyphen,10870,train
007-3883-200.jpg,2,hyphen,10871,val
007-3884-200.jpg,2,hyphen,10872,train
007-3885-200.jpg,2,hyphen,10873,train
007-3886-200.jpg,2,hyphen,10874,train
007-3887-200.jpg,2,hyphen,10875,train
007-3888-200.jpg,2,hyphen,10876,val
007-3889-200.jpg,2,hyphen,10877,test
007-3890-200.jpg,2,hyphen,10878,train
007-3891-200.jpg,2,hyphen,10879,train
007-3893-200.jpg,2,hyphen,10880,train
007-3894-200.jpg,2,hyphen,10881,train
007-3895-200.jpg,2,hyphen,10882,test
007-3896-200.jpg,2,hyphen,10883,train
007-3898-200.jpg,2,hyphen,10884,train
007-3899-200.jpg,2,hyphen,10885,train
007-3900-200.jpg,2,hyphen,10886,train
007-3901-200.jpg,2,hyphen,10887,val
007-3902-200.jpg,2,hyphen,10888,train
007-3903-200.jpg,2,hyphen,10889,train
007-3904-200.jpg,2,hyphen,10890,test
007-3905-200.jpg,2,hyphen,10891,train
007-3906-200.jpg,2,hyphen,10892,train
007-3907-200.jpg,2,hyphen,10893,val
007-3908-200.jpg,2,hyphen,10894,train
007-3909-200.jpg,2,hyphen,10895,train
007-3910-200.jpg,2,hyphen,10896,val
007-3911-200.jpg,2,hyphen,10897,train
007-3912-200.jpg,2,hyphen,10898,test
007-3913-200.jpg,2,hyphen,10899,train
007-3914-200.jpg,2,hyphen,10900,train
007-3915-200.jpg,2,hyphen,10901,train
007-3916-200.jpg,2,hyphen,10902,test
007-3917-200.jpg,2,hyphen,10903,train
007-3918-200.jpg,2,hyphen,10904,train
007-3919-200.jpg,2,hyphen,10905,val
007-3920-200.jpg,2,hyphen,10906,train
007-3921-200.jpg,2,hyphen,10907,train
007-3922-200.jpg,2,hyphen,10908,train
007-3923-200.jpg,2,hyphen,10909,test
007-3924-200.jpg,2,hyphen,10910,train
007-3927-200.jpg,2,hyphen,10911,train
007-3928-200.jpg,2,hyphen,10912,val
007-3929-200.jpg,2,hyphen,10913,train
007-3930-200.jpg,2,hyphen,10914,train
007-3933-200.jpg,2,hyphen,10915,train
007-3934-200.jpg,2,hyphen,10916,train
007-3935-200.jpg,2,hyphen,10917,train
007-3938-200.jpg,2,hyphen,10918,val
007-3939-200.jpg,2,hyphen,10919,test
007-3940-200.jpg,2,hyphen,10920,train
007-3941-200.jpg,2,hyphen,10921,train
007-3942-200.jpg,2,hyphen,10922,train
007-3944-200.jpg,2,hyphen,10923,train
007-3947-200.jpg,2,hyphen,10924,test
007-3948-200.jpg,2,hyphen,10925,train
007-3949-200.jpg,2,hyphen,10926,val
007-3950-200.jpg,2,hyphen,10927,train
007-3951-200.jpg,2,hyphen,10928,train
007-3952-200.jpg,2,hyphen,10929,train
007-3953-200.jpg,2,hyphen,10930,train
007-3954-200.jpg,2,hyphen,10931,train
007-3956-200.jpg,2,hyphen,10932,test
007-3957-200.jpg,2,hyphen,10933,val
007-3958-200.jpg,2,hyphen,10934,train
007-3959-200.jpg,2,hyphen,10935,train
007-3960-200.jpg,2,hyphen,10936,test
007-3961-200.jpg,2,hyphen,10937,train
007-3962-200.jpg,2,hyphen,10938,train
007-3963-200.jpg,2,hyphen,10939,train
007-3964-200.jpg,2,hyphen,10940,test
007-3965-200.jpg,2,hyphen,10941,train
007-3966-200.jpg,2,hyphen,10942,val
007-3967-200.jpg,2,hyphen,10943,val
007-3968-200.jpg,2,hyphen,10944,train
007-3969-200.jpg,2,hyphen,10945,train
007-3970-200.jpg,2,hyphen,10946,train
007-3971-200.jpg,2,hyphen,10947,train
007-3972-200.jpg,2,hyphen,10948,train
007-3973-200.jpg,2,hyphen,10949,val
007-3974-200.jpg,2,hyphen,10950,train
007-3975-200.jpg,2,hyphen,10951,train
007-3976-200.jpg,2,hyphen,10952,test
007-3977-200.jpg,2,hyphen,10953,train
007-3978-200.jpg,2,hyphen,10954,train
007-3980-200.jpg,2,hyphen,10955,train
007-3981-200.jpg,2,hyphen,10956,train
007-3982-200.jpg,2,hyphen,10957,train
007-3983-200.jpg,2,hyphen,10958,train
007-3984-200.jpg,2,hyphen,10959,train
007-3985-200.jpg,2,hyphen,10960,test
007-3986-200.jpg,2,hyphen,10961,val
007-3987-200.jpg,2,hyphen,10962,train
007-3988-200.jpg,2,hyphen,10963,train
007-3989-200.jpg,2,hyphen,10964,train
007-3990-200.jpg,2,hyphen,10965,train
007-3991-200.jpg,2,hyphen,10966,train
007-3992-200.jpg,2,hyphen,10967,test
007-3993-200.jpg,2,hyphen,10968,val
007-3994-200.jpg,2,hyphen,10969,train
007-3995-200.jpg,2,hyphen,10970,train
007-3996-200.jpg,2,hyphen,10971,train
007-3997-200.jpg,2,hyphen,10972,val
007-3998-200.jpg,2,hyphen,10973,train
007-3999-200.jpg,2,hyphen,10974,train
007-4000-200.jpg,2,hyphen,10975,test
007-4001-200.jpg,2,hyphen,10976,train
007-4002-200.jpg,2,hyphen,10977,train
007-4003-200.jpg,2,hyphen,10978,train
007-4004-200.jpg,2,hyphen,10979,train
007-4005-200.jpg,2,hyphen,10980,train
007-4006-200.jpg,2,hyphen,10981,test
007-4007-200.jpg,2,hyphen,10982,val
007-4008-200.jpg,2,hyphen,10983,train
007-4009-200.jpg,2,hyphen,10984,val
007-4010-200.jpg,2,hyphen,10985,train
007-4011-200.jpg,2,hyphen,10986,train
007-4012-200.jpg,2,hyphen,10987,train
007-4013-200.jpg,2,hyphen,10988,test
007-4014-200.jpg,2,hyphen,10989,train
007-4015-200.jpg,2,hyphen,10990,train
007-4016-200.jpg,2,hyphen,10991,train
007-4017-200.jpg,2,hyphen,10992,train
007-4018-200.jpg,2,hyphen,10993,train
007-4019-200.jpg,2,hyphen,10994,train
007-4020-200.jpg,2,hyphen,10995,test
007-4023-200.jpg,2,hyphen,10996,train
007-4025-200.jpg,2,hyphen,10997,val
007-4027-200.jpg,2,hyphen,10998,train
007-4028-200.jpg,2,hyphen,10999,train
007-4031-200.jpg,2,hyphen,11000,test
007-4032-200.jpg,2,hyphen,11001,train
007-4033-200.jpg,2,hyphen,11002,train
007-4034-200.jpg,2,hyphen,11003,train
007-4036-200.jpg,2,hyphen,11004,train
007-4037-200.jpg,2,hyphen,11005,train
007-4038-200.jpg,2,hyphen,11006,val
007-4039-200.jpg,2,hyphen,11007,train
007-4040-200.jpg,2,hyphen,11008,train
007-4041-200.jpg,2,hyphen,11009,test
007-4042-200.jpg,2,hyphen,11010,train
007-4043-200.jpg,2,hyphen,11011,val
007-4044-200.jpg,2,hyphen,11012,train
007-4047-200.jpg,2,hyphen,11013,train
007-4048-200.jpg,2,hyphen,11014,test
007-4049-200.jpg,2,hyphen,11015,train
007-4050-200.jpg,2,hyphen,11016,train
007-4051-200.jpg,2,hyphen,11017,train
007-4052-200.jpg,2,hyphen,11018,train
007-4053-200.jpg,2,hyphen,11019,val
007-4054-200.jpg,2,hyphen,11020,train
007-4055-200.jpg,2,hyphen,11021,train
007-4056-200.jpg,2,hyphen,11022,train
007-4058-200.jpg,2,hyphen,11023,train
007-4059-200.jpg,2,hyphen,11024,val
007-4060-200.jpg,2,hyphen,11025,test
007-4061-200.jpg,2,hyphen,11026,train
007-4063-200.jpg,2,hyphen,11027,train
007-4064-200.jpg,2,hyphen,11028,train
007-4066-200.jpg,2,hyphen,11029,train
007-4067-200.jpg,2,hyphen,11030,train
007-4068-200.jpg,2,hyphen,11031,train
007-4069-200.jpg,2,hyphen,11032,test
007-4070-200.jpg,2,hyphen,11033,val
007-4071-200.jpg,2,hyphen,11034,train
007-4073-200.jpg,2,hyphen,11035,train
007-4074-200.jpg,2,hyphen,11036,train
007-4075-200.jpg,2,hyphen,11037,train
007-4076-200.jpg,2,hyphen,11038,train
007-4077-200.jpg,2,hyphen,11039,test
007-4078-200.jpg,2,hyphen,11040,val
007-4079-200.jpg,2,hyphen,11041,test
007-4080-200.jpg,2,hyphen,11042,train
007-4081-200.jpg,2,hyphen,11043,train
007-4082-200.jpg,2,hyphen,11044,train
007-4083-200.jpg,2,hyphen,11045,train
007-4084-200.jpg,2,hyphen,11046,train
007-4085-200.jpg,2,hyphen,11047,val
007-4086-200.jpg,2,hyphen,11048,train
007-4087-200.jpg,2,hyphen,11049,test
007-4088-200.jpg,2,hyphen,11050,train
007-4089-200.jpg,2,hyphen,11051,train
007-4090-200.jpg,2,hyphen,11052,train
007-4091-200.jpg,2,hyphen,11053,train
007-4092-200.jpg,2,hyphen,11054,train
007-4093-200.jpg,2,hyphen,11055,val
007-4094-200.jpg,2,hyphen,11056,train
007-4095-200.jpg,2,hyphen,11057,train
007-4096-200.jpg,2,hyphen,11058,train
007-4097-200.jpg,2,hyphen,11059,train
007-4098-200.jpg,2,hyphen,11060,val
007-4099-200.jpg,2,hyphen,11061,train
007-4100-200.jpg,2,hyphen,11062,test
007-4101-200.jpg,2,hyphen,11063,train
007-4102-200.jpg,2,hyphen,11064,train
007-4103-200.jpg,2,hyphen,11065,test
007-4104-200.jpg,2,hyphen,11066,train
007-4105-200.jpg,2,hyphen,11067,train
007-4106-200.jpg,2,hyphen,11068,test
007-4107-200.jpg,2,hyphen,11069,val
007-4108-200.jpg,2,hyphen,11070,val
007-4109-200.jpg,2,hyphen,11071,train
007-4110-200.jpg,2,hyphen,11072,train
007-4111-200.jpg,2,hyphen,11073,train
007-4112-200.jpg,2,hyphen,11074,train
007-4113-200.jpg,2,hyphen,11075,train
007-4114-200.jpg,2,hyphen,11076,val
007-4115-200.jpg,2,hyphen,11077,train
007-4116-200.jpg,2,hyphen,11078,train
007-4117-200.jpg,2,hyphen,11079,train
007-4118-200.jpg,2,hyphen,11080,train
007-4119-200.jpg,2,hyphen,11081,test
007-4120-200.jpg,2,hyphen,11082,train
007-4121-200.jpg,2,hyphen,11083,train
007-4122-200.jpg,2,hyphen,11084,train
007-4124-200.jpg,2,hyphen,11085,val
007-4127-200.jpg,2,hyphen,11086,train
007-4132-200.jpg,2,hyphen,11087,train
007-4136-200.jpg,2,hyphen,11088,test
007-4137-200.jpg,2,hyphen,11089,train
007-4138-200.jpg,2,hyphen,11090,val
007-4139-200.jpg,2,hyphen,11091,test
007-4140-200.jpg,2,hyphen,11092,train
007-4141-200.jpg,2,hyphen,11093,train
007-4142-200.jpg,2,hyphen,11094,train
007-4143-200.jpg,2,hyphen,11095,train
007-4144-200.jpg,2,hyphen,11096,train
007-4145-200.jpg,2,hyphen,11097,train
007-4146-200.jpg,2,hyphen,11098,val
007-4147-200.jpg,2,hyphen,11098,val
007-4148-200.jpg,2,hyphen,11099,train
007-4149-200.jpg,2,hyphen,11100,train
007-4150-200.jpg,2,hyphen,11101,test
007-4151-200.jpg,2,hyphen,11102,train
007-4152-200.jpg,2,hyphen,11103,train
007-4153-200.jpg,2,hyphen,11104,val
007-4155-200.jpg,2,hyphen,11105,train
007-4156-200.jpg,2,hyphen,11106,train
007-4157-200.jpg,2,hyphen,11107,train
007-4158-200.jpg,2,hyphen,11108,train
007-4159-200.jpg,2,hyphen,11109,test
007-4160-200.jpg,2,hyphen,11110,train
007-4161-200.jpg,2,hyphen,11111,test
007-4162-200.jpg,2,hyphen,11112,val
007-4163-200.jpg,2,hyphen,11113,train
007-4164-200.jpg,2,hyphen,11114,train
007-4165-200.jpg,2,hyphen,11115,train
007-4166-200.jpg,2,hyphen,11116,train
007-4167-200.jpg,2,hyphen,11117,train
007-4168-200.jpg,2,hyphen,11118,test
007-4169-200.jpg,2,hyphen,11119,val
007-4170-200.jpg,2,hyphen,11120,val
007-4171-200.jpg,2,hyphen,11121,train
007-4172-200.jpg,2,hyphen,11122,train
007-4173-200.jpg,2,hyphen,11123,train
007-4174-200.jpg,2,hyphen,11124,train
007-4175-200.jpg,2,hyphen,11125,train
007-4176-200.jpg,2,hyphen,11126,train
007-4177-200.jpg,2,hyphen,11127,train
007-4178-200.jpg,2,hyphen,11128,train
007-4179-200.jpg,2,hyphen,11129,test
007-4181-200.jpg,2,hyphen,11130,train
007-4182-200.jpg,2,hyphen,11131,train
007-4183-200.jpg,2,hyphen,11132,val
007-4185-200.jpg,2,hyphen,11133,train
007-4186-200.jpg,2,hyphen,11134,train
007-4187-200.jpg,2,hyphen,11135,train
007-4188-200.jpg,2,hyphen,11136,test
007-4189-200.jpg,2,hyphen,11137,train
007-4190-200.jpg,2,hyphen,11138,train
007-4192-200.jpg,2,hyphen,11139,val
007-4193-200.jpg,2,hyphen,11140,train
007-4194-200.jpg,2,hyphen,11141,train
007-4195-200.jpg,2,hyphen,11142,train
007-4196-200.jpg,2,hyphen,11143,train
007-4197-200.jpg,2,hyphen,11144,train
007-4198-200.jpg,2,hyphen,11145,train
007-4199-200.jpg,2,hyphen,11146,test
007-4200-200.jpg,2,hyphen,11147,val
007-4201-200.jpg,2,hyphen,11148,train
007-4202-200.jpg,2,hyphen,11149,test
007-4203-200.jpg,2,hyphen,11150,train
007-4205-200.jpg,2,hyphen,11151,train
007-4206-200.jpg,2,hyphen,11152,train
007-4207-200.jpg,2,hyphen,11153,train
007-4208-200.jpg,2,hyphen,11154,val
007-4209-200.jpg,2,hyphen,11155,train
007-4210-200.jpg,2,hyphen,11156,train
007-4211-200.jpg,2,hyphen,11157,train
007-4212-200.jpg,2,hyphen,11158,test
007-4213-200.jpg,2,hyphen,11159,train
007-4214-200.jpg,2,hyphen,11160,val
007-4215-200.jpg,2,hyphen,11161,train
007-4217-200.jpg,2,hyphen,11162,train
007-4218-200.jpg,2,hyphen,11163,train
007-4219-200.jpg,2,hyphen,11164,train
007-4220-200.jpg,2,hyphen,11165,test
007-4221-200.jpg,2,hyphen,11166,train
007-4222-200.jpg,2,hyphen,11167,train
007-4224-200.jpg,2,hyphen,11168,train
007-4225-200.jpg,2,hyphen,11169,train
007-4226-200.jpg,2,hyphen,11170,train
007-4227-200.jpg,2,hyphen,11171,test
007-4228-200.jpg,2,hyphen,11172,val
007-4229-200.jpg,2,hyphen,11173,test
007-4230-200.jpg,2,hyphen,11174,train
007-4231-200.jpg,2,hyphen,11175,train
007-4232-200.jpg,2,hyphen,11176,val
007-4233-200.jpg,2,hyphen,11177,train
007-4234-200.jpg,2,hyphen,11178,train
007-4235-200.jpg,2,hyphen,11179,train
007-4236-200.jpg,2,hyphen,11180,train
007-4237-200.jpg,2,hyphen,11181,val
007-4239-200.jpg,2,hyphen,11182,train
007-4240-200.jpg,2,hyphen,11183,train
007-4241-200.jpg,2,hyphen,11184,train
007-4242-200.jpg,2,hyphen,11185,train
007-4243-200.jpg,2,hyphen,11186,train
007-4244-200.jpg,2,hyphen,11187,val
007-4245-200.jpg,2,hyphen,11188,train
007-4246-200.jpg,2,hyphen,11189,train
007-4247-200.jpg,2,hyphen,11190,train
007-4248-200.jpg,2,hyphen,11191,test
007-4251-200.jpg,2,hyphen,11192,train
007-4252-200.jpg,2,hyphen,11193,train
007-4253-200.jpg,2,hyphen,11194,train
007-4255-200.jpg,2,hyphen,11195,test
007-4256-200.jpg,2,hyphen,11196,val
007-4257-200.jpg,2,hyphen,11197,train
007-4258-200.jpg,2,hyphen,11198,train
007-4259-200.jpg,2,hyphen,11199,train
007-4260-200.jpg,2,hyphen,11200,test
007-4261-200.jpg,2,hyphen,11201,train
007-4262-200.jpg,2,hyphen,11202,val
007-4263-200.jpg,2,hyphen,11203,train
007-4264-200.jpg,2,hyphen,11204,train
007-4265-200.jpg,2,hyphen,11205,train
007-4266-200.jpg,2,hyphen,11206,test
007-4267-200.jpg,2,hyphen,11207,train
007-4268-200.jpg,2,hyphen,11208,train
007-4269-200.jpg,2,hyphen,11209,train
007-4270-200.jpg,2,hyphen,11210,train
007-4271-200.jpg,2,hyphen,11211,val
007-4272-200.jpg,2,hyphen,11212,train
007-4273-200.jpg,2,hyphen,11213,train
007-4274-200.jpg,2,hyphen,11214,val
007-4276-200.jpg,2,hyphen,11215,test
007-4277-200.jpg,2,hyphen,11216,train
007-4278-200.jpg,2,hyphen,11217,train
007-4279-200.jpg,2,hyphen,11218,train
007-4280-200.jpg,2,hyphen,11219,train
007-4281-200.jpg,2,hyphen,11220,train
007-4282-200.jpg,2,hyphen,11221,train
007-4283-200.jpg,2,hyphen,11222,test
007-4284-200.jpg,2,hyphen,11223,val
007-4285-200.jpg,2,hyphen,11224,train
007-4286-200.jpg,2,hyphen,11225,test
007-4287-200.jpg,2,hyphen,11226,train
007-4288-200.jpg,2,hyphen,11227,train
007-4289-200.jpg,2,hyphen,11228,train
007-4291-200.jpg,2,hyphen,11229,train
007-4292-200.jpg,2,hyphen,11230,val
007-4293-200.jpg,2,hyphen,11231,train
007-4294-200.jpg,2,hyphen,11232,train
007-4295-200.jpg,2,hyphen,11233,val
007-4296-200.jpg,2,hyphen,11234,test
007-4297-200.jpg,2,hyphen,11235,train
007-4298-200.jpg,2,hyphen,11236,train
007-4299-200.jpg,2,hyphen,11237,train
007-4300-200.jpg,2,hyphen,11238,train
007-4301-200.jpg,2,hyphen,11239,train
007-4302-200.jpg,2,hyphen,11240,test
007-4303-200.jpg,2,hyphen,11241,train
007-4304-200.jpg,2,hyphen,11242,train
007-4305-200.jpg,2,hyphen,11243,train
007-4306-200.jpg,2,hyphen,11244,train
007-4307-200.jpg,2,hyphen,11245,train
007-4308-200.jpg,2,hyphen,11246,val
007-4309-200.jpg,2,hyphen,11247,test
007-4310-200.jpg,2,hyphen,11248,train
007-4311-200.jpg,2,hyphen,11249,train
007-4312-200.jpg,2,hyphen,11250,train
007-4313-200.jpg,2,hyphen,11251,train
007-4314-200.jpg,2,hyphen,11252,val
007-4315-200.jpg,2,hyphen,11253,train
007-4316-200.jpg,2,hyphen,11254,train
007-4317-200.jpg,2,hyphen,11255,test
007-4318-200.jpg,2,hyphen,11256,train
007-4319-200.jpg,2,hyphen,11257,train
007-4320-200.jpg,2,hyphen,11258,train
007-4321-200.jpg,2,hyphen,11259,val
007-4322-200.jpg,2,hyphen,11260,train
007-4323-200.jpg,2,hyphen,11261,train
007-4324-200.jpg,2,hyphen,11262,train
007-4325-200.jpg,2,hyphen,11263,train
007-4326-200.jpg,2,hyphen,11264,train
007-4327-200.jpg,2,hyphen,11265,test
007-4328-200.jpg,2,hyphen,11266,train
007-4329-200.jpg,2,hyphen,11267,val
007-4330-200.jpg,2,hyphen,11268,train
007-4331-200.jpg,2,hyphen,11269,train
007-4332-200.jpg,2,hyphen,11270,test
007-4333-200.jpg,2,hyphen,11271,train
007-4334-200.jpg,2,hyphen,11272,train
007-4335-200.jpg,2,hyphen,11273,val
007-4336-200.jpg,2,hyphen,11274,train
007-4338-200.jpg,2,hyphen,11275,train
007-4339-200.jpg,2,hyphen,11276,train
007-4340-200.jpg,2,hyphen,11277,test
007-4341-200.jpg,2,hyphen,11278,val
007-4342-200.jpg,2,hyphen,11279,train
007-4343-200.jpg,2,hyphen,11280,train
007-4344-200.jpg,2,hyphen,11281,train
007-4345-200.jpg,2,hyphen,11282,train
007-4346-200.jpg,2,hyphen,11283,train
007-4347-200.jpg,2,hyphen,11284,train
007-4348-200.jpg,2,hyphen,11285,test
007-4349-200.jpg,2,hyphen,11286,train
007-4350-200.jpg,2,hyphen,11287,train
007-4351-200.jpg,2,hyphen,11288,val
007-4352-200.jpg,2,hyphen,11289,train
007-4353-200.jpg,2,hyphen,11290,train
007-4354-200.jpg,2,hyphen,11291,train
007-4355-200.jpg,2,hyphen,11292,train
007-4356-200.jpg,2,hyphen,11293,test
007-4357-200.jpg,2,hyphen,11294,val
007-4358-200.jpg,2,hyphen,11295,train
007-4360-200.jpg,2,hyphen,2325,train
007-4361-200.jpg,2,hyphen,11296,train
007-4362-200.jpg,2,hyphen,11297,train
007-4363-200.jpg,2,hyphen,11298,test
007-4364-200.jpg,2,hyphen,11299,val
007-4365-200.jpg,2,hyphen,11300,train
007-4366-200.jpg,2,hyphen,11301,train
007-4367-200.jpg,2,hyphen,11302,train
007-4368-200.jpg,2,hyphen,11303,train
007-4369-200.jpg,2,hyphen,11304,train
007-4370-200.jpg,2,hyphen,11305,test
007-4371-200.jpg,2,hyphen,11306,val
007-4372-200.jpg,2,hyphen,11307,train
007-4373-200.jpg,2,hyphen,11308,train
007-4374-200.jpg,2,hyphen,11309,train
007-4375-200.jpg,2,hyphen,11310,train
007-4376-200.jpg,2,hyphen,11311,test
007-4377-200.jpg,2,hyphen,11312,train
007-4378-200.jpg,2,hyphen,11313,train
007-4379-200.jpg,2,hyphen,11314,train
007-4380-200.jpg,2,hyphen,11315,train
007-4383-200.jpg,2,hyphen,11316,val
007-4384-200.jpg,2,hyphen,11317,train
007-4385-200.jpg,2,hyphen,11318,train
007-4386-200.jpg,2,hyphen,11319,val
007-4387-200.jpg,2,hyphen,11320,train
007-4388-200.jpg,2,hyphen,11321,train
007-4389-200.jpg,2,hyphen,11322,train
007-4390-200.jpg,2,hyphen,11323,test
007-4391-200.jpg,2,hyphen,11324,train
007-4392-200.jpg,2,hyphen,11325,test
007-4393-200.jpg,2,hyphen,11326,train
007-4394-200.jpg,2,hyphen,11327,train
007-4395-200.jpg,2,hyphen,11328,train
007-4396-200.jpg,2,hyphen,11329,val
007-4397-200.jpg,2,hyphen,11330,train
007-4398-200.jpg,2,hyphen,11331,test
007-4399-200.jpg,2,hyphen,11332,train
007-4400-200.jpg,2,hyphen,11333,train
007-4401-200.jpg,2,hyphen,11334,train
007-4402-200.jpg,2,hyphen,11335,train
007-4403-200.jpg,2,hyphen,11336,val
007-4404-200.jpg,2,hyphen,11337,train
007-4406-200.jpg,2,hyphen,11338,test
007-4407-200.jpg,2,hyphen,11339,train
007-4408-200.jpg,2,hyphen,11340,train
007-4409-200.jpg,2,hyphen,11341,train
007-4410-200.jpg,2,hyphen,11342,train
007-4411-200.jpg,2,hyphen,11343,train
007-4412-200.jpg,2,hyphen,11344,val
007-4413-200.jpg,2,hyphen,11345,train
007-4414-200.jpg,2,hyphen,11346,train
007-4415-200.jpg,2,hyphen,11347,test
007-4416-200.jpg,2,hyphen,11348,train
007-4417-200.jpg,2,hyphen,11349,val
007-4418-200.jpg,2,hyphen,11350,train
007-4419-200.jpg,2,hyphen,11351,train
007-4420-200.jpg,2,hyphen,11352,train
007-4421-200.jpg,2,hyphen,11353,train
007-4422-200.jpg,2,hyphen,11354,train
007-4423-200.jpg,2,hyphen,11355,test
007-4424-200.jpg,2,hyphen,11356,val
007-4425-200.jpg,2,hyphen,11357,train
007-4426-200.jpg,2,hyphen,11358,train
007-4427-200.jpg,2,hyphen,11359,test
007-4428-200.jpg,2,hyphen,11360,train
007-4429-200.jpg,2,hyphen,11361,train
007-4430-200.jpg,2,hyphen,11362,train
007-4431-200.jpg,2,hyphen,11363,train
007-4432-200.jpg,2,hyphen,11364,val
007-4434-200.jpg,2,hyphen,11365,test
007-4435-200.jpg,2,hyphen,11366,train
007-4436-200.jpg,2,hyphen,11367,train
007-4437-200.jpg,2,hyphen,11368,train
007-4438-200.jpg,2,hyphen,11369,train
007-4439-200.jpg,2,hyphen,11370,train
007-4440-200.jpg,2,hyphen,11371,train
007-4441-200.jpg,2,hyphen,11372,val
007-4442-200.jpg,2,hyphen,11373,train
007-4443-200.jpg,2,hyphen,11374,train
007-4444-200.jpg,2,hyphen,11375,test
007-4445-200.jpg,2,hyphen,11376,train
007-4446-200.jpg,2,hyphen,11377,val
007-4447-200.jpg,2,hyphen,11378,train
007-4449-200.jpg,2,hyphen,11379,train
007-4452-200.jpg,2,hyphen,11380,train
007-4453-200.jpg,2,hyphen,11381,train
007-4454-200.jpg,2,hyphen,11382,train
007-4455-200.jpg,2,hyphen,11383,test
007-4456-200.jpg,2,hyphen,11384,train
007-4457-200.jpg,2,hyphen,11385,val
007-4458-200.jpg,2,hyphen,11386,train
007-4459-200.jpg,2,hyphen,11387,train
007-4460-200.jpg,2,hyphen,11388,train
007-4461-200.jpg,2,hyphen,11389,train
007-4462-200.jpg,2,hyphen,11390,test
007-4463-200.jpg,2,hyphen,11391,train
007-4464-200.jpg,2,hyphen,11392,train
007-4465-200.jpg,2,hyphen,11393,val
007-4466-200.jpg,2,hyphen,11394,train
007-4467-200.jpg,2,hyphen,11395,test
007-4468-200.jpg,2,hyphen,11396,train
007-4469-200.jpg,2,hyphen,11397,train
007-4470-200.jpg,2,hyphen,11398,train
007-4471-200.jpg,2,hyphen,11399,train
007-4472-200.jpg,2,hyphen,11400,train
007-4473-200.jpg,2,hyphen,11401,val
007-4474-200.jpg,2,hyphen,11402,test
007-4475-200.jpg,2,hyphen,11403,train
007-4476-200.jpg,2,hyphen,11404,train
007-4477-200.jpg,2,hyphen,11405,train
007-4478-200.jpg,2,hyphen,11406,train
007-4479-200.jpg,2,hyphen,11407,val
007-4480-200.jpg,2,hyphen,11408,train
007-4481-200.jpg,2,hyphen,11409,train
007-4482-200.jpg,2,hyphen,11410,train
007-4483-200.jpg,2,hyphen,11411,test
007-4484-200.jpg,2,hyphen,11412,train
007-4485-200.jpg,2,hyphen,11413,val
007-4486-200.jpg,2,hyphen,11414,train
007-4487-200.jpg,2,hyphen,11415,train
007-4488-200.jpg,2,hyphen,11416,test
007-4489-200.jpg,2,hyphen,11417,train
007-4490-200.jpg,2,hyphen,11418,train
007-4491-200.jpg,2,hyphen,11419,train
007-4492-200.jpg,2,hyphen,11420,train
007-4493-200.jpg,2,hyphen,11421,val
007-4494-200.jpg,2,hyphen,11422,train
007-4495-200.jpg,2,hyphen,11423,train
007-4496-200.jpg,2,hyphen,11424,test
007-4497-200.jpg,2,hyphen,11425,train
007-4498-200.jpg,2,hyphen,11426,train
007-4499-200.jpg,2,hyphen,11427,val
007-4500-200.jpg,2,hyphen,11428,train
007-4501-200.jpg,2,hyphen,11429,train
007-4502-200.jpg,2,hyphen,11430,train
007-4503-200.jpg,2,hyphen,11431,train
007-4504-200.jpg,2,hyphen,11432,train
007-4505-200.jpg,2,hyphen,11433,train
007-4506-200.jpg,2,hyphen,11434,test
007-4507-200.jpg,2,hyphen,11435,val
007-4508-200.jpg,2,hyphen,11436,train
007-4509-200.jpg,2,hyphen,11437,test
007-4510-200.jpg,2,hyphen,11438,train
007-4511-200.jpg,2,hyphen,11439,train
007-4512-200.jpg,2,hyphen,11440,train
007-4513-200.jpg,2,hyphen,11441,val
007-4514-200.jpg,2,hyphen,11442,train
007-4515-200.jpg,2,hyphen,11443,train
007-4516-200.jpg,2,hyphen,11444,train
007-4517-200.jpg,2,hyphen,11445,train
007-4518-200.jpg,2,hyphen,11446,val
007-4520-200.jpg,2,hyphen,11447,train
007-4521-200.jpg,2,hyphen,11448,train
007-4522-200.jpg,2,hyphen,11449,train
007-4523-200.jpg,2,hyphen,11450,test
007-4524-200.jpg,2,hyphen,11451,train
007-4525-200.jpg,2,hyphen,11452,train
007-4526-200.jpg,2,hyphen,11453,train
007-4527-200.jpg,2,hyphen,11454,train
007-4528-200.jpg,2,hyphen,11455,test
007-4529-200.jpg,2,hyphen,11456,val
007-4530-200.jpg,2,hyphen,11457,val
007-4531-200.jpg,2,hyphen,11458,train
007-4532-200.jpg,2,hyphen,11459,train
007-4533-200.jpg,2,hyphen,11460,train
007-4534-200.jpg,2,hyphen,11461,train
007-4535-200.jpg,2,hyphen,11462,train
007-4537-200.jpg,2,hyphen,11463,train
007-4538-200.jpg,2,hyphen,11464,train
007-4539-200.jpg,2,hyphen,11465,val
007-4540-200.jpg,2,hyphen,11466,val
007-4541-200.jpg,2,hyphen,11467,test
007-4542-200.jpg,2,hyphen,11468,train
007-4543-200.jpg,2,hyphen,11469,train
007-4544-200.jpg,2,hyphen,11470,test
007-4545-200.jpg,2,hyphen,11471,train
007-4546-200.jpg,2,hyphen,11472,train
007-4547-200.jpg,2,hyphen,11473,train
007-4548-200.jpg,2,hyphen,11474,test
007-4549-200.jpg,2,hyphen,11475,train
007-4550-200.jpg,2,hyphen,11476,train
007-4552-200.jpg,2,hyphen,11477,train
007-4553-200.jpg,2,hyphen,11478,train
007-4554-200.jpg,2,hyphen,11479,train
007-4555-200.jpg,2,hyphen,11480,test
007-4556-200.jpg,2,hyphen,11481,train
007-4557-200.jpg,2,hyphen,11482,train
007-4558-200.jpg,2,hyphen,11483,train
007-4559-200.jpg,2,hyphen,11484,val
007-4560-200.jpg,2,hyphen,11485,train
007-4561-200.jpg,2,hyphen,11486,train
007-4562-200.jpg,2,hyphen,11487,train
007-4565-200.jpg,2,hyphen,11488,test
007-4566-200.jpg,2,hyphen,11489,train
007-4567-200.jpg,2,hyphen,11490,train
007-4568-200.jpg,2,hyphen,11491,val
007-4569-200.jpg,2,hyphen,11492,train
007-4570-200.jpg,2,hyphen,11493,train
007-4571-200.jpg,2,hyphen,10411,train
007-4572-200.jpg,2,hyphen,11494,train
007-4573-200.jpg,2,hyphen,11495,test
007-4574-200.jpg,2,hyphen,11496,val
007-4575-200.jpg,2,hyphen,11497,train
007-4576-200.jpg,2,hyphen,11498,train
007-4577-200.jpg,2,hyphen,11499,train
007-4578-200.jpg,2,hyphen,11500,train
007-4579-200.jpg,2,hyphen,11501,test
007-4580-200.jpg,2,hyphen,11502,train
007-4581-200.jpg,2,hyphen,11503,train
007-4582-200.jpg,2,hyphen,11504,train
007-4583-200.jpg,2,hyphen,11505,val
007-4584-200.jpg,2,hyphen,11506,train
007-4585-200.jpg,2,hyphen,11507,train
007-4586-200.jpg,2,hyphen,11508,train
007-4587-200.jpg,2,hyphen,11509,test
007-4588-200.jpg,2,hyphen,11510,train
007-4590-200.jpg,2,hyphen,11511,val
007-4591-200.jpg,2,hyphen,11512,train
007-4592-200.jpg,2,hyphen,11513,train
007-4593-200.jpg,2,hyphen,11514,train
007-4594-200.jpg,2,hyphen,11515,train
007-4595-200.jpg,2,hyphen,11516,train
007-4596-200.jpg,2,hyphen,11517,test
007-4597-200.jpg,2,hyphen,11518,train
007-4598-200.jpg,2,hyphen,11519,val
007-4599-200.jpg,2,hyphen,11520,val
007-4600-200.jpg,2,hyphen,11521,train
007-4601-200.jpg,2,hyphen,11522,train
007-4602-200.jpg,2,hyphen,11523,test
007-4603-200.jpg,2,hyphen,11524,train
007-4604-200.jpg,2,hyphen,11525,train
007-4605-200.jpg,2,hyphen,11526,train
007-4606-200.jpg,2,hyphen,11527,train
007-4607-200.jpg,2,hyphen,11528,train
007-4608-200.jpg,2,hyphen,11529,test
007-4609-200.jpg,2,hyphen,11530,train
007-4610-200.jpg,2,hyphen,11531,train
007-4611-200.jpg,2,hyphen,11532,train
007-4612-200.jpg,2,hyphen,11533,val
007-4613-200.jpg,2,hyphen,11534,train
007-4614-200.jpg,2,hyphen,11535,train
007-4615-200.jpg,2,hyphen,11536,train
007-4616-200.jpg,2,hyphen,11537,val
007-4617-200.jpg,2,hyphen,11538,test
007-4619-200.jpg,2,hyphen,11539,train
007-4620-200.jpg,2,hyphen,11540,train
007-4621-200.jpg,2,hyphen,11541,train
007-4622-200.jpg,2,hyphen,11542,train
007-4623-200.jpg,2,hyphen,11543,test
007-4624-200.jpg,2,hyphen,11544,train
007-4625-200.jpg,2,hyphen,11545,train
007-4626-200.jpg,2,hyphen,11546,train
007-4628-200.jpg,2,hyphen,11547,train
007-4629-200.jpg,2,hyphen,11548,val
007-4630-200.jpg,2,hyphen,11549,train
007-4631-200.jpg,2,hyphen,11550,test
007-4632-200.jpg,2,hyphen,11551,train
007-4633-200.jpg,2,hyphen,11552,train
007-4634-200.jpg,2,hyphen,11553,train
007-4636-200.jpg,2,hyphen,11554,val
007-4637-200.jpg,2,hyphen,11555,train
007-4638-200.jpg,2,hyphen,11556,train
007-4639-200.jpg,2,hyphen,11557,test
007-4640-200.jpg,2,hyphen,11558,train
007-4641-200.jpg,2,hyphen,11559,train
007-4642-200.jpg,2,hyphen,11560,train
007-4644-200.jpg,2,hyphen,11561,val
007-4646-200.jpg,2,hyphen,11562,train
007-4647-200.jpg,2,hyphen,11563,train
007-4648-200.jpg,2,hyphen,11564,train
007-4649-200.jpg,2,hyphen,11565,train
007-4650-200.jpg,2,hyphen,11566,test
007-4651-200.jpg,2,hyphen,11567,train
007-4652-200.jpg,2,hyphen,11568,train
007-4653-200.jpg,2,hyphen,11569,val
007-4654-200.jpg,2,hyphen,11570,train
007-4655-200.jpg,2,hyphen,11571,train
007-4656-200.jpg,2,hyphen,11572,test
007-4657-200.jpg,2,hyphen,11573,train
007-4658-200.jpg,2,hyphen,11574,train
007-4659-200.jpg,2,hyphen,11575,val
007-4660-200.jpg,2,hyphen,11576,train
007-4661-200.jpg,2,hyphen,11577,train
007-4662-200.jpg,2,hyphen,11578,train
007-4663-200.jpg,2,hyphen,11579,train
007-4664-200.jpg,2,hyphen,11580,test
007-4665-200.jpg,2,hyphen,11581,train
007-4666-200.jpg,2,hyphen,11582,train
007-4667-200.jpg,2,hyphen,11583,train
007-4668-200.jpg,2,hyphen,11584,val
007-4669-200.jpg,2,hyphen,11585,train
007-4670-200.jpg,2,hyphen,11586,train
007-4671-200.jpg,2,hyphen,11587,test
007-4672-200.jpg,2,hyphen,11588,train
007-4673-200.jpg,2,hyphen,11589,val
007-4674-200.jpg,2,hyphen,11590,train
007-4675-200.jpg,2,hyphen,11591,train
007-4676-200.jpg,2,hyphen,11592,train
007-4677-200.jpg,2,hyphen,11593,train
007-4678-200.jpg,2,hyphen,11594,val
007-4679-200.jpg,2,hyphen,11595,train
007-4680-200.jpg,2,hyphen,11596,train
007-4681-200.jpg,2,hyphen,11597,test
007-4682-200.jpg,2,hyphen,11598,train
007-4683-200.jpg,2,hyphen,11599,test
007-4684-200.jpg,2,hyphen,11600,train
007-4685-200.jpg,2,hyphen,11601,train
007-4686-200.jpg,2,hyphen,11602,train
007-4687-200.jpg,2,hyphen,11603,val
007-4688-200.jpg,2,hyphen,11604,train
007-4689-200.jpg,2,hyphen,11605,val
007-4690-200.jpg,2,hyphen,11606,train
007-4691-200.jpg,2,hyphen,11607,test
007-4692-200.jpg,2,hyphen,11608,train
007-4693-200.jpg,2,hyphen,11609,train
007-4694-200.jpg,2,hyphen,11610,train
007-4695-200.jpg,2,hyphen,11611,train
007-4696-200.jpg,2,hyphen,11612,train
007-4697-200.jpg,2,hyphen,11613,train
007-4698-200.jpg,2,hyphen,11614,train
007-4699-200.jpg,2,hyphen,11615,test
007-4700-200.jpg,2,hyphen,11616,train
007-4701-200.jpg,2,hyphen,11617,val
007-4702-200.jpg,2,hyphen,11618,train
007-4703-200.jpg,2,hyphen,11619,val
007-4706-200.jpg,2,hyphen,11620,train
007-4707-200.jpg,2,hyphen,11621,train
007-4708-200.jpg,2,hyphen,11622,train
007-4709-200.jpg,2,hyphen,11623,train
007-4712-200.jpg,2,hyphen,11624,train
007-4713-200.jpg,2,hyphen,11625,train
007-4714-200.jpg,2,hyphen,11626,train
007-4715-200.jpg,2,hyphen,11627,test
007-4716-200.jpg,2,hyphen,11628,train
007-4717-200.jpg,2,hyphen,11629,test
007-4718-200.jpg,2,hyphen,11630,val
007-4719-200.jpg,2,hyphen,11631,train
007-4720-200.jpg,2,hyphen,11632,train
007-4721-200.jpg,2,hyphen,11633,train
007-4722-200.jpg,2,hyphen,11634,train
007-4723-200.jpg,2,hyphen,11635,test
007-4724-200.jpg,2,hyphen,11636,train
007-4725-200.jpg,2,hyphen,11637,val
007-4726-200.jpg,2,hyphen,11638,train
007-4727-200.jpg,2,hyphen,11639,train
007-4728-200.jpg,2,hyphen,11640,train
007-4729-200.jpg,2,hyphen,11641,train
007-4730-200.jpg,2,hyphen,11642,train
007-4731-200.jpg,2,hyphen,11643,train
007-4732-200.jpg,2,hyphen,11644,test
007-4733-200.jpg,2,hyphen,11645,train
007-4734-200.jpg,2,hyphen,11646,train
007-4735-200.jpg,2,hyphen,11647,val
007-4736-200.jpg,2,hyphen,11648,train
007-4737-200.jpg,2,hyphen,11649,train
007-4738-200.jpg,2,hyphen,11650,train
007-4739-200.jpg,2,hyphen,11651,test
007-4740-200.jpg,2,hyphen,11652,val
007-4741-200.jpg,2,hyphen,11653,train
007-4742-200.jpg,2,hyphen,11654,train
007-4743-200.jpg,2,hyphen,11655,train
007-4744-200.jpg,2,hyphen,11656,train
007-4745-200.jpg,2,hyphen,11657,train
007-4746-200.jpg,2,hyphen,11658,test
007-4747-200.jpg,2,hyphen,11659,train
007-4748-200.jpg,2,hyphen,11660,train
007-4749-200.jpg,2,hyphen,11661,train
007-4750-200.jpg,2,hyphen,11662,val
007-4751-200.jpg,2,hyphen,11663,test
007-4753-200.jpg,2,hyphen,11664,train
007-4754-200.jpg,2,hyphen,11665,train
007-4755-200.jpg,2,hyphen,11666,train
007-4757-200.jpg,2,hyphen,11667,train
007-4759-200.jpg,2,hyphen,11668,train
007-4760-200.jpg,2,hyphen,11669,val
007-4761-200.jpg,2,hyphen,11670,train
007-4766-200.jpg,2,hyphen,11671,train
007-4767-200.jpg,2,hyphen,11672,train
007-4768-200.jpg,2,hyphen,11673,train
007-4769-200.jpg,2,hyphen,11674,train
007-4770-200.jpg,2,hyphen,11675,test
007-4771-200.jpg,2,hyphen,11676,val
007-4772-200.jpg,2,hyphen,11677,train
007-4773-200.jpg,2,hyphen,11678,train
007-4774-200.jpg,2,hyphen,11679,train
007-4775-200.jpg,2,hyphen,11680,test
007-4776-200.jpg,2,hyphen,11681,train
007-4777-200.jpg,2,hyphen,11682,train
007-4778-200.jpg,2,hyphen,11683,train
007-4779-200.jpg,2,hyphen,11684,train
007-4780-200.jpg,2,hyphen,11685,val
007-4781-200.jpg,2,hyphen,11686,test
007-4782-200.jpg,2,hyphen,11687,train
007-4783-200.jpg,2,hyphen,11688,train
007-4784-200.jpg,2,hyphen,11689,train
007-4785-300.jpg,2,hyphen,11690,train
007-4787-300.jpg,2,hyphen,11691,train
007-4788-300.jpg,2,hyphen,11692,test
007-4789-300.jpg,2,hyphen,11693,train
007-4790-300.jpg,2,hyphen,11694,val
007-4791-300.jpg,2,hyphen,11695,train
007-4793-300.jpg,2,hyphen,11696,train
007-4794-300.jpg,2,hyphen,11697,val
007-4795-300.jpg,2,hyphen,11698,train
007-4796-300.jpg,2,hyphen,11699,test
007-4797-300.jpg,2,hyphen,11700,train
007-4798-300.jpg,2,hyphen,11701,train
007-4799-300.jpg,2,hyphen,11702,train
007-4800-300.jpg,2,hyphen,11703,test
007-4801-300.jpg,2,hyphen,11704,train
007-4802-300.jpg,2,hyphen,11705,train
007-4803-300.jpg,2,hyphen,11706,train
007-4804-300.jpg,2,hyphen,11707,val
007-4805-300.jpg,2,hyphen,11708,train
007-4806-300.jpg,2,hyphen,11709,train
007-4807-300.jpg,2,hyphen,11710,train
007-4808-300.jpg,2,hyphen,11711,train
007-4809-300.jpg,2,hyphen,11712,val
007-4810-300.jpg,2,hyphen,11713,train
007-4811-300.jpg,2,hyphen,11714,test
007-4812-300.jpg,2,hyphen,11715,train
007-4813-300.jpg,2,hyphen,11716,train
007-4814-300.jpg,2,hyphen,11717,train
007-4815-300.jpg,2,hyphen,11718,train
007-4816-300.jpg,2,hyphen,11719,val
007-4817-300.jpg,2,hyphen,11720,train
007-4818-300.jpg,2,hyphen,11721,train
007-4819-300.jpg,2,hyphen,11722,test
007-4820-300.jpg,2,hyphen,11723,train
007-4821-300.jpg,2,hyphen,11724,val
007-4822-300.jpg,2,hyphen,11725,train
007-4823-300.jpg,2,hyphen,11726,train
007-4824-300.jpg,2,hyphen,11727,train
007-4826-300.jpg,2,hyphen,11728,train
007-4827-300.jpg,2,hyphen,11729,test
007-4828-300.jpg,2,hyphen,11730,train
007-4829-300.jpg,2,hyphen,11731,train
007-4830-300.jpg,2,hyphen,11732,val
007-4832-300.jpg,2,hyphen,11733,test
007-4833-300.jpg,2,hyphen,11734,train
007-4834-300.jpg,2,hyphen,11735,train
007-4835-300.jpg,2,hyphen,11736,train
007-4836-300.jpg,2,hyphen,11737,train
007-4837-300.jpg,2,hyphen,11738,train
007-4838-300.jpg,2,hyphen,11739,train
007-4839-300.jpg,2,hyphen,11740,test
007-4840-300.jpg,2,hyphen,11741,test
007-4841-300.jpg,2,hyphen,11742,val
007-4843-300.jpg,2,hyphen,11743,train
007-4845-300.jpg,2,hyphen,11744,train
007-4848-300.jpg,2,hyphen,11745,train
007-4849-300.jpg,2,hyphen,11746,train
007-4851-300.jpg,2,hyphen,11747,val
007-4852-300.jpg,2,hyphen,11748,train
007-4853-300.jpg,2,hyphen,11749,train
007-4854-300.jpg,2,hyphen,11750,train
007-4855-300.jpg,2,hyphen,11751,train
007-4856-300.jpg,2,hyphen,11752,train
007-4857-300.jpg,2,hyphen,11753,train
007-4858-300.jpg,2,hyphen,11754,val
007-4859-300.jpg,2,hyphen,11755,train
007-4861-300.jpg,2,hyphen,11756,train
007-4862-300.jpg,2,hyphen,11757,test
007-4863-300.jpg,2,hyphen,11758,train
007-4865-300.jpg,2,hyphen,11759,train
007-4866-300.jpg,2,hyphen,11760,val
007-4867-300.jpg,2,hyphen,11761,train
007-4869-300.jpg,2,hyphen,11762,train
007-4870-300.jpg,2,hyphen,11763,train
007-4871-300.jpg,2,hyphen,11764,train
007-4874-300.jpg,2,hyphen,11765,train
007-4875-300.jpg,2,hyphen,11766,test
007-4876-300.jpg,2,hyphen,11767,train
007-4877-300.jpg,2,hyphen,11768,train
007-4878-300.jpg,2,hyphen,11769,train
007-4879-300.jpg,2,hyphen,11770,train
007-4880-300.jpg,2,hyphen,11771,test
007-4881-300.jpg,2,hyphen,11772,val
007-4882-300.jpg,2,hyphen,11773,train
007-4883-300.jpg,2,hyphen,11774,train
007-4884-300.jpg,2,hyphen,11775,train
007-4886-300.jpg,2,hyphen,11776,val
007-4887-300.jpg,2,hyphen,11777,train
007-4888-300.jpg,2,hyphen,11778,train
007-4889-300.jpg,2,hyphen,11779,train
007-4890-300.jpg,2,hyphen,11780,test
007-4891-300.jpg,2,hyphen,11781,train
007-4892-300.jpg,2,hyphen,11782,val
007-4893-300.jpg,2,hyphen,11783,test
007-4894-300.jpg,2,hyphen,11784,train
007-4895-300.jpg,2,hyphen,11785,train
007-4898-300.jpg,2,hyphen,11786,train
007-4899-300.jpg,2,hyphen,11787,train
007-4900-300.jpg,2,hyphen,11788,val
007-4901-300.jpg,2,hyphen,11789,train
007-4902-300.jpg,2,hyphen,11790,train
007-4904-300.jpg,2,hyphen,11791,train
007-4905-300.jpg,2,hyphen,11792,test
007-4906-300.jpg,2,hyphen,11793,train
007-4907-300.jpg,2,hyphen,11794,val
007-4908-300.jpg,2,hyphen,11795,train
007-4909-300.jpg,2,hyphen,11796,train
007-4910-300.jpg,2,hyphen,11797,train
007-4911-300.jpg,2,hyphen,11798,train
007-4912-300.jpg,2,hyphen,11799,train
007-4913-300.jpg,2,hyphen,11800,val
007-4914-300.jpg,2,hyphen,11801,test
007-4915-300.jpg,2,hyphen,11802,train
007-4916-300.jpg,2,hyphen,11803,train
007-4917-300.jpg,2,hyphen,11804,train
007-4918-300.jpg,2,hyphen,11805,train
007-4919-300.jpg,2,hyphen,11806,train
007-4920-300.jpg,2,hyphen,11807,test
007-4921-300.jpg,2,hyphen,11808,train
007-4922-300.jpg,2,hyphen,11809,train
007-4923-300.jpg,2,hyphen,11810,val
007-4924-300.jpg,2,hyphen,11811,train
007-4925-300.jpg,2,hyphen,11812,train
007-4926-300.jpg,2,hyphen,11813,test
007-4927-300.jpg,2,hyphen,11814,train
007-4928-300.jpg,2,hyphen,11815,train
007-4929-300.jpg,2,hyphen,11816,val
007-1723-000.jpg,3,hyphen,11817,train
007-2289-100.jpg,3,hyphen,11818,train
007-2766-100.jpg,3,hyphen,11819,train
007-3286-200.jpg,3,hyphen,11820,test
007-3360-200.jpg,3,hyphen,11821,train
007-3371-200.jpg,3,hyphen,11822,train
007-3447-200.jpg,3,hyphen,11823,train
007-3450-200.jpg,3,hyphen,11824,train
007-3465-200.jpg,3,hyphen,11825,train
007-3493-200.jpg,3,hyphen,11826,val
007-3518-200.jpg,3,hyphen,11827,test
007-3529-200.jpg,3,hyphen,11828,train
007-3548-200.jpg,3,hyphen,11829,train
007-3567-200.jpg,3,hyphen,11830,train
007-3579-200.jpg,3,hyphen,11831,train
007-3634-200.jpg,3,hyphen,11832,val
007-3675-200.jpg,3,hyphen,11833,train
007-3705-200.jpg,3,hyphen,11834,train
007-3707-200.jpg,3,hyphen,11835,train
007-3714-200.jpg,3,hyphen,11836,test
007-3723-200.jpg,3,hyphen,11837,train
007-3751-200.jpg,3,hyphen,11838,train
007-3752-200.jpg,3,hyphen,11839,val
007-3771-200.jpg,3,hyphen,11840,train
007-3777-200.jpg,3,hyphen,11841,train
007-3813-200.jpg,3,hyphen,11842,train
007-3892-200.jpg,3,hyphen,11843,test
007-3897-200.jpg,3,hyphen,11844,train
007-3931-200.jpg,3,hyphen,11845,train
007-3943-200.jpg,3,hyphen,11846,val
007-3945-200.jpg,3,hyphen,11847,train
007-3946-200.jpg,3,hyphen,11848,test
007-4057-200.jpg,3,hyphen,11849,train
007-4062-200.jpg,3,hyphen,11850,train
007-4065-200.jpg,3,hyphen,11851,train
007-4072-200.jpg,3,hyphen,11852,train
007-4123-200.jpg,3,hyphen,11853,val
007-4154-200.jpg,3,hyphen,11854,train
007-4184-200.jpg,3,hyphen,11855,train
007-4204-200.jpg,3,hyphen,11856,test
007-4216-200.jpg,3,hyphen,11857,train
007-4223-200.jpg,3,hyphen,11858,train
007-4238-200.jpg,3,hyphen,11859,train
007-4249-200.jpg,3,hyphen,11860,train
007-4250-200.jpg,3,hyphen,11861,test
007-4254-200.jpg,3,hyphen,11862,val
007-4275-200.jpg,3,hyphen,11863,train
007-4290-200.jpg,3,hyphen,11864,train
007-4337-200.jpg,3,hyphen,11865,train
007-4359-200.jpg,3,hyphen,11866,train
007-4381-200.jpg,3,hyphen,11867,train
007-4382-200.jpg,3,hyphen,11868,train
007-4405-200.jpg,3,hyphen,11869,test
007-4563-200.jpg,3,hyphen,11870,train
007-4564-200.jpg,3,hyphen,11871,val
007-4645-200.jpg,3,hyphen,11872,train
007-4752-200.jpg,3,hyphen,11873,train
007-4756-200.jpg,3,hyphen,11874,train
007-4786-300.jpg,3,hyphen,11875,val
007-4792-300.jpg,3,hyphen,11876,test
007-4825-300.jpg,3,hyphen,11877,test
007-4831-300.jpg,3,hyphen,11878,train
007-4842-300.jpg,3,hyphen,11879,train
007-4844-300.jpg,3,hyphen,11880,train
007-4846-300.jpg,3,hyphen,11881,train
007-4847-300.jpg,3,hyphen,11882,val
007-4850-300.jpg,3,hyphen,11883,train
007-4868-300.jpg,3,hyphen,11884,train
007-4885-300.jpg,3,hyphen,11885,train
007-4896-300.jpg,3,hyphen,11886,train
007-4897-300.jpg,3,hyphen,11887,test
007-4903-300.jpg,3,hyphen,11888,train
007-4963-300.jpg,3,hyphen,11889,val
007-4975-300.jpg,3,hyphen,11890,train
007-4981-300.jpg,3,hyphen,11891,train
007-4991-300.jpg,3,hyphen,11892,train
007-4992-300.jpg,3,hyphen,11893,train
007-5021-300.jpg,3,hyphen,11894,train
007-5067-300.jpg,3,hyphen,11895,train
007-5076-300.jpg,3,hyphen,11896,train
007-5085-300.jpg,3,hyphen,11897,test
007-5115-300.jpg,3,hyphen,11898,val
007-5116-300.jpg,3,hyphen,11899,train
007-5122-300.jpg,3,hyphen,11900,val
007-5140-300.jpg,3,hyphen,11901,train
007-5167-300.jpg,3,hyphen,11902,train
007-5169-300.jpg,3,hyphen,11903,train
007-5172-300.jpg,3,hyphen,11904,test
007-5186-300.jpg,3,hyphen,11905,train
007-5200-300.jpg,3,hyphen,11906,train
007-5207-300.jpg,3,hyphen,11907,train
007-5208-300.jpg,3,hyphen,11908,train
007-5223-300.jpg,3,hyphen,11909,val
007-5259-300.jpg,3,hyphen,11910,train
007-5290-300.jpg,3,hyphen,11911,train
007-5307-300.jpg,3,hyphen,11912,test
007-5319-300.jpg,3,hyphen,11913,train
007-5334-300.jpg,3,hyphen,11914,train
007-5349-300.jpg,3,hyphen,11915,train
007-5350-300.jpg,3,hyphen,11916,val
007-5361-300.jpg,3,hyphen,11917,train
007-5374-300.jpg,3,hyphen,11918,test
007-5377-300.jpg,3,hyphen,11919,train
007-5405-300.jpg,3,hyphen,11920,train
007-5406-300.jpg,3,hyphen,11921,train
007-5414-300.jpg,3,hyphen,11922,train
007-5430-300.jpg,3,hyphen,11923,val
007-5438-300.jpg,3,hyphen,11924,train
007-5443-300.jpg,3,hyphen,11925,train
007-5444-300.jpg,3,hyphen,11926,test
007-5451-300.jpg,3,hyphen,11927,test
007-5452-300.jpg,3,hyphen,11928,train
007-5457-300.jpg,3,hyphen,11929,val
007-5477-300.jpg,3,hyphen,11930,train
007-5481-300.jpg,3,hyphen,11931,train
007-5482-300.jpg,3,hyphen,11932,train
007-5483-300.jpg,3,hyphen,11933,train
007-5502-300.jpg,3,hyphen,11934,train
007-3122-100.jpg,4,hyphen,11935,train
007-3322-200.jpg,4,hyphen,11936,train
007-3488-200.jpg,4,hyphen,11937,train
007-3489-200.jpg,4,hyphen,11938,train
007-3563-200.jpg,4,hyphen,11939,train
007-3955-200.jpg,4,hyphen,11940,test
007-3979-200.jpg,4,hyphen,11941,val
007-4433-200.jpg,4,hyphen,11942,train
007-4519-200.jpg,4,hyphen,11943,train
007-5046-300.jpg,4,hyphen,11944,val
007-5277-300.jpg,4,hyphen,11945,train
007-5625-300.jpg,4,hyphen,11946,test
007-5892-300.jpg,4,hyphen,11947,train
007-6019-300.jpg,4,hyphen,11948,train
007-6284-400.jpg,4,hyphen,11949,test
007-6285-400.jpg,4,hyphen,11950,train
007-6286-400.jpg,4,hyphen,11951,train
007-6287-400.jpg,4,hyphen,11952,val
007-6288-400.jpg,4,hyphen,11953,train
007-6289-400.jpg,4,hyphen,11954,train
007-6290-400.jpg,4,hyphen,11955,train
007-6292-400.jpg,4,hyphen,11956,train
007-6293-400.jpg,4,hyphen,11957,train
007-6294-400.jpg,4,hyphen,11958,val
007-6295-400.jpg,4,hyphen,11959,train
007-6296-400.jpg,4,hyphen,11960,test
007-6297-400.jpg,4,hyphen,11961,train
007-6298-400.jpg,4,hyphen,11962,train
007-6299-400.jpg,4,hyphen,11963,train
007-6300-400.jpg,4,hyphen,11964,train
007-6301-400.jpg,4,hyphen,11965,train
007-6302-400.jpg,4,hyphen,11966,train
007-6303-400.jpg,4,hyphen,11967,train
007-6304-400.jpg,4,hyphen,11968,train
007-6305-400.jpg,4,hyphen,11969,val
007-6306-400.jpg,4,hyphen,11970,train
007-6307-400.jpg,4,hyphen,11971,test
007-6308-400.jpg,4,hyphen,11972,train
007-6309-400.jpg,4,hyphen,11973,val
007-6310-400.jpg,4,hyphen,11974,train
007-6311-400.jpg,4,hyphen,11975,test
007-6312-400.jpg,4,hyphen,11976,train
007-6313-400.jpg,4,hyphen,11977,train
007-6314-400.jpg,4,hyphen,11978,train
007-6315-400.jpg,4,hyphen,11979,train
007-6316-400.jpg,4,hyphen,11980,train
007-6318-400.jpg,4,hyphen,11981,test
007-6320-400.jpg,4,hyphen,11982,train
007-6322-400.jpg,4,hyphen,11983,val
007-6323-400.jpg,4,hyphen,11984,train
007-6324-400.jpg,4,hyphen,11985,train
007-6326-400.jpg,4,hyphen,11986,train
007-6327-400.jpg,4,hyphen,11987,train
007-6328-400.jpg,4,hyphen,11988,train
007-6329-400.jpg,4,hyphen,11989,test
007-6330-400.jpg,4,hyphen,11990,val
007-6331-400.jpg,4,hyphen,11991,train
007-6332-400.jpg,4,hyphen,11992,train
007-6333-400.jpg,4,hyphen,11993,train
007-6334-400.jpg,4,hyphen,11994,train
007-6335-400.jpg,4,hyphen,11995,train
007-6336-400.jpg,4,hyphen,11996,test
007-6337-400.jpg,4,hyphen,11997,val
007-6339-400.jpg,4,hyphen,11998,train
007-6340-400.jpg,4,hyphen,11999,train
007-6341-400.jpg,4,hyphen,12000,train
007-6342-400.jpg,4,hyphen,12001,test
007-6343-400.jpg,4,hyphen,12002,val
007-6344-400.jpg,4,hyphen,12003,val
007-6345-400.jpg,4,hyphen,12004,train
007-6347-400.jpg,4,hyphen,12005,train
007-6348-400.jpg,4,hyphen,12006,train
007-6349-400.jpg,4,hyphen,12007,train
007-6350-400.jpg,4,hyphen,12008,train
007-6351-400.jpg,4,hyphen,12009,train
007-6352-400.jpg,4,hyphen,12010,test
007-6353-400.jpg,4,hyphen,12011,train
007-6354-400.jpg,4,hyphen,12012,val
007-6355-400.jpg,4,hyphen,12013,train
007-6356-400.jpg,4,hyphen,12014,val
007-6357-400.jpg,4,hyphen,12015,train
007-6358-400.jpg,4,hyphen,12016,train
007-6359-400.jpg,4,hyphen,12017,train
007-6360-400.jpg,4,hyphen,12018,test
007-6361-400.jpg,4,hyphen,12019,train
007-6362-400.jpg,4,hyphen,12020,test
007-6363-400.jpg,4,hyphen,12021,train
007-6364-400.jpg,4,hyphen,12022,train
007-6365-400.jpg,4,hyphen,12023,train
007-6366-400.jpg,4,hyphen,12024,train
007-6367-400.jpg,4,hyphen,12025,val
007-6368-400.jpg,4,hyphen,12026,train
007-6369-400.jpg,4,hyphen,11939,train
007-6370-400.jpg,4,hyphen,12027,train
007-6371-400.jpg,4,hyphen,12028,val
007-6372-400.jpg,4,hyphen,12029,train
007-6373-400.jpg,4,hyphen,12030,train
007-6374-400.jpg,4,hyphen,12031,train
007-6375-400.jpg,4,hyphen,12032,test
007-6376-400.jpg,4,hyphen,12033,train
007-6377-400.jpg,4,hyphen,12034,train
007-6378-400.jpg,4,hyphen,12035,train
007-6379-400.jpg,4,hyphen,12036,train
007-6380-400.jpg,4,hyphen,12037,test
007-6381-400.jpg,4,hyphen,12038,test
007-6382-400.jpg,4,hyphen,12039,val
007-6383-400.jpg,4,hyphen,12040,train
007-6384-400.jpg,4,hyphen,12041,train
007-6385-400.jpg,4,hyphen,12042,train
007-6387-400.jpg,4,hyphen,12043,train
007-6388-400.jpg,4,hyphen,12044,train
007-6389-400.jpg,4,hyphen,12045,train
007-6390-400.jpg,4,hyphen,12046,train
007-6392-400.jpg,4,hyphen,12047,val
007-6393-400.jpg,4,hyphen,12048,val
007-6394-400.jpg,4,hyphen,12049,train
007-6395-400.jpg,4,hyphen,12050,test
007-6396-400.jpg,4,hyphen,12051,train
007-6397-400.jpg,4,hyphen,12052,train
007-6402-400.jpg,4,hyphen,12053,train
007-6403-400.jpg,4,hyphen,12054,train
007-6404-400.jpg,4,hyphen,12055,train
007-6405-400.jpg,4,hyphen,12056,train
007-6406-400.jpg,4,hyphen,12057,test
007-6407-400.jpg,4,hyphen,12058,val
007-6408-400.jpg,4,hyphen,12059,train
007-6409-400.jpg,4,hyphen,12060,train
007-6411-400.jpg,4,hyphen,12061,train
007-6412-400.jpg,4,hyphen,12062,train
007-6413-400.jpg,4,hyphen,12063,train
007-6414-400.jpg,4,hyphen,12064,train
007-6415-400.jpg,4,hyphen,12065,train
007-6416-400.jpg,4,hyphen,12066,val
007-6417-400.jpg,4,hyphen,12067,train
007-6418-400.jpg,4,hyphen,12068,train
007-6419-400.jpg,4,hyphen,12069,test
007-6420-400.jpg,4,hyphen,12070,train
007-6421-400.jpg,4,hyphen,12071,val
007-6422-400.jpg,4,hyphen,12072,train
007-6423-400.jpg,4,hyphen,12073,train
007-6424-400.jpg,4,hyphen,12074,train
007-6425-400.jpg,4,hyphen,12075,train
007-6426-400.jpg,4,hyphen,12076,train
007-6427-400.jpg,4,hyphen,12077,val
007-6428-400.jpg,4,hyphen,12078,test
007-6429-400.jpg,4,hyphen,12079,train
007-6430-400.jpg,4,hyphen,12080,train
007-6431-400.jpg,4,hyphen,12081,test
007-6432-400.jpg,4,hyphen,12082,train
007-6433-400.jpg,4,hyphen,12083,train
007-6434-400.jpg,4,hyphen,12084,train
007-6435-400.jpg,4,hyphen,11983,val
007-6436-400.jpg,4,hyphen,12085,train
007-6437-400.jpg,4,hyphen,12086,train
007-6438-400.jpg,4,hyphen,12087,val
007-6439-400.jpg,4,hyphen,12088,test
007-6440-400.jpg,4,hyphen,12089,train
007-6441-400.jpg,4,hyphen,12090,train
007-6442-400.jpg,4,hyphen,12091,train
007-6443-400.jpg,4,hyphen,12092,train
007-6444-400.jpg,4,hyphen,12093,train
007-6445-400.jpg,4,hyphen,12094,train
007-6446-400.jpg,4,hyphen,12095,test
007-6447-400.jpg,4,hyphen,12096,val
007-6448-400.jpg,4,hyphen,12097,train
007-6449-400.jpg,4,hyphen,12098,train
007-6450-400.jpg,4,hyphen,12099,train
007-6451-400.jpg,4,hyphen,12100,train
007-6452-400.jpg,4,hyphen,12101,val
007-6454-400.jpg,4,hyphen,12102,train
007-6455-400.jpg,4,hyphen,12103,train
007-6456-400.jpg,4,hyphen,12104,train
007-6457-400.jpg,4,hyphen,12105,test
007-6458-400.jpg,4,hyphen,12106,train
007-6459-400.jpg,4,hyphen,12107,train
007-6460-400.jpg,4,hyphen,12108,val
007-6461-400.jpg,4,hyphen,12109,train
007-6462-400.jpg,4,hyphen,12110,train
007-6463-400.jpg,4,hyphen,12111,train
007-6464-400.jpg,4,hyphen,12112,test
007-6465-400.jpg,4,hyphen,12113,train
007-6466-400.jpg,4,hyphen,12114,train
007-6467-400.jpg,4,hyphen,12115,val
007-6468-400.jpg,4,hyphen,12116,test
007-6469-400.jpg,4,hyphen,12117,train
007-6470-400.jpg,4,hyphen,12118,train
007-6471-400.jpg,4,hyphen,12119,train
007-6472-400.jpg,4,hyphen,12120,train
007-6473-400.jpg,4,hyphen,12121,train
007-6474-400.jpg,4,hyphen,12122,val
007-6475-400.jpg,4,hyphen,12123,train
007-6476-400.jpg,4,hyphen,12124,train
007-6477-400.jpg,4,hyphen,12125,test
007-6478-400.jpg,4,hyphen,12126,train
007-6479-400.jpg,4,hyphen,12127,train
007-6480-400.jpg,4,hyphen,12128,train
007-6481-400.jpg,4,hyphen,12129,train
007-6482-400.jpg,4,hyphen,12130,val
007-6483-400.jpg,4,hyphen,12131,train
007-6484-400.jpg,4,hyphen,12132,train
007-6485-400.jpg,4,hyphen,12133,test
007-6486-400.jpg,4,hyphen,12134,train
007-6488-400.jpg,4,hyphen,12135,train
007-6489-400.jpg,4,hyphen,12136,train
007-6490-400.jpg,4,hyphen,12137,val
007-6491-400.jpg,4,hyphen,12138,train
007-6492-400.jpg,4,hyphen,12139,test
007-6493-400.jpg,4,hyphen,12140,train
007-6494-400.jpg,4,hyphen,12141,train
007-6495-400.jpg,4,hyphen,12142,train
007-6496-400.jpg,4,hyphen,12143,train
007-6497-400.jpg,4,hyphen,12144,val
007-6498-400.jpg,4,hyphen,12145,train
007-6499-400.jpg,4,hyphen,12146,test
007-6500-400.jpg,4,hyphen,12147,train
007-6501-400.jpg,4,hyphen,12148,train
007-6502-400.jpg,4,hyphen,12149,train
007-6503-400.jpg,4,hyphen,12150,train
007-6504-400.jpg,4,hyphen,12151,val
007-6505-400.jpg,4,hyphen,12152,train
007-6506-400.jpg,4,hyphen,12153,train
007-6507-400.jpg,4,hyphen,12154,test
007-6508-400.jpg,4,hyphen,12155,train
007-6509-400.jpg,4,hyphen,12156,train
007-6510-400.jpg,4,hyphen,12157,train
007-6511-400.jpg,4,hyphen,12158,train
007-6512-400.jpg,4,hyphen,12159,test
007-6513-400.jpg,4,hyphen,12160,train
007-6514-400.jpg,4,hyphen,12161,train
007-6515-400.jpg,4,hyphen,12162,train
007-6516-400.jpg,4,hyphen,12163,val
007-6517-400.jpg,4,hyphen,12164,train
007-6518-400.jpg,4,hyphen,12165,train
007-6519-400.jpg,4,hyphen,12166,test
007-6520-400.jpg,4,hyphen,12167,train
007-6521-400.jpg,4,hyphen,12168,train
007-6522-400.jpg,4,hyphen,12169,val
007-6523-400.jpg,4,hyphen,12170,train
007-6524-400.jpg,4,hyphen,12171,train
007-6525-400.jpg,4,hyphen,12172,val
007-6526-400.jpg,4,hyphen,12173,train
007-6527-400.jpg,4,hyphen,12174,test
007-6528-400.jpg,4,hyphen,12175,train
007-6529-400.jpg,4,hyphen,12176,train
007-6530-400.jpg,4,hyphen,12177,train
007-6531-400.jpg,4,hyphen,12178,train
007-6532-400.jpg,4,hyphen,12179,train
007-6533-400.jpg,4,hyphen,12180,train
007-6534-400.jpg,4,hyphen,12181,train
007-6535-400.jpg,4,hyphen,12182,test
007-6536-400.jpg,4,hyphen,12183,val
007-6537-400.jpg,4,hyphen,12184,train
007-6538-400.jpg,4,hyphen,12185,val
007-6539-400.jpg,4,hyphen,12186,train
007-6540-400.jpg,4,hyphen,12187,train
007-6541-400.jpg,4,hyphen,12188,train
007-6542-400.jpg,4,hyphen,12189,train
007-6543-400.jpg,4,hyphen,12190,test
007-6545-400.jpg,4,hyphen,12191,train
007-6546-400.jpg,4,hyphen,12192,train
007-6547-400.jpg,4,hyphen,12193,val
007-6548-400.jpg,4,hyphen,12194,train
007-6549-400.jpg,4,hyphen,12195,test
007-6550-400.jpg,4,hyphen,12196,train
007-6551-400.jpg,4,hyphen,12197,train
007-6552-400.jpg,4,hyphen,12198,val
007-6553-400.jpg,4,hyphen,12199,train
007-6554-400.jpg,4,hyphen,12200,test
007-6555-400.jpg,4,hyphen,12201,train
007-6557-400.jpg,4,hyphen,12202,train
007-6558-400.jpg,4,hyphen,12203,train
007-6559-400.jpg,4,hyphen,12204,train
007-6560-400.jpg,4,hyphen,12205,train
007-6561-400.jpg,4,hyphen,12206,train
007-6562-400.jpg,4,hyphen,12207,train
007-6563-400.jpg,4,hyphen,12199,train
007-6564-400.jpg,4,hyphen,12208,test
007-6565-400.jpg,4,hyphen,12209,train
007-6566-400.jpg,4,hyphen,12210,train
007-6567-400.jpg,4,hyphen,12211,val
007-6568-400.jpg,4,hyphen,12212,train
007-6569-400.jpg,4,hyphen,12213,val
007-6570-400.jpg,4,hyphen,12214,train
007-6571-400.jpg,4,hyphen,12215,test
007-6572-400.jpg,4,hyphen,12216,train
007-6573-400.jpg,4,hyphen,12217,train
007-6574-400.jpg,4,hyphen,12218,train
007-6575-400.jpg,4,hyphen,12219,train
007-6576-400.jpg,4,hyphen,12220,train
007-6577-400.jpg,4,hyphen,12221,train
007-6578-400.jpg,4,hyphen,12222,val
007-6579-400.jpg,4,hyphen,12223,train
007-6580-400.jpg,4,hyphen,12224,train
007-6581-400.jpg,4,hyphen,12225,test
007-6582-400.jpg,4,hyphen,12226,train
007-6583-400.jpg,4,hyphen,12227,train
007-6584-400.jpg,4,hyphen,12228,train
007-6585-400.jpg,4,hyphen,12229,test
007-6586-400.jpg,4,hyphen,12230,train
007-6587-400.jpg,4,hyphen,12231,train
007-6588-400.jpg,4,hyphen,12232,train
007-6589-400.jpg,4,hyphen,12233,train
007-6590-400.jpg,4,hyphen,12234,val
007-6591-400.jpg,4,hyphen,12235,train
007-6592-400.jpg,4,hyphen,12236,val
007-6593-400.jpg,4,hyphen,12237,train
007-6594-400.jpg,4,hyphen,12238,train
007-6595-400.jpg,4,hyphen,12239,train
007-6596-400.jpg,4,hyphen,12240,train
007-6597-400.jpg,4,hyphen,12241,val
007-6598-400.jpg,4,hyphen,12242,train
007-6599-400.jpg,4,hyphen,12243,test
007-6600-400.jpg,4,hyphen,12244,train
007-6601-400.jpg,4,hyphen,12245,train
007-6602-400.jpg,4,hyphen,12246,train
007-6603-400.jpg,4,hyphen,12247,train
007-6605-400.jpg,4,hyphen,12248,val
007-6606-400.jpg,4,hyphen,12249,test
007-6608-400.jpg,4,hyphen,12250,test
007-6609-400.jpg,4,hyphen,12251,train
007-6610-400.jpg,4,hyphen,12252,train
007-6611-400.jpg,4,hyphen,12253,train
007-6612-400.jpg,4,hyphen,12254,train
007-6613-400.jpg,4,hyphen,12255,test
007-6615-400.jpg,4,hyphen,12256,train
007-6618-400.jpg,4,hyphen,12257,val
007-6619-400.jpg,4,hyphen,12258,train
007-6620-400.jpg,4,hyphen,12259,train
007-6621-400.jpg,4,hyphen,12260,train
007-6622-400.jpg,4,hyphen,12261,train
007-6623-400.jpg,4,hyphen,12262,val
007-6624-400.jpg,4,hyphen,12263,train
007-6625-400.jpg,4,hyphen,12264,test
007-6626-400.jpg,4,hyphen,12265,train
007-6627-400.jpg,4,hyphen,12266,train
007-6628-400.jpg,4,hyphen,12267,train
007-6629-400.jpg,4,hyphen,12268,val
007-6630-400.jpg,4,hyphen,12269,train
007-6631-400.jpg,4,hyphen,12270,train
007-6632-400.jpg,4,hyphen,12271,train
007-6633-400.jpg,4,hyphen,12272,test
007-6634-400.jpg,4,hyphen,12273,train
007-6635-400.jpg,4,hyphen,12274,train
007-6636-400.jpg,4,hyphen,12275,train
007-6637-400.jpg,4,hyphen,12276,train
007-6638-400.jpg,4,hyphen,12277,train
007-6640-400.jpg,4,hyphen,12278,test
007-6642-400.jpg,4,hyphen,12279,train
007-6643-400.jpg,4,hyphen,12280,test
007-6645-400.jpg,4,hyphen,12281,train
007-6648-400.jpg,4,hyphen,12282,val
007-6649-400.jpg,4,hyphen,12283,train
007-6650-400.jpg,4,hyphen,12284,train
007-6651-400.jpg,4,hyphen,12285,train
007-6652-400.jpg,4,hyphen,12286,test
007-6653-400.jpg,4,hyphen,12287,train
007-6654-400.jpg,4,hyphen,12288,val
007-6655-400.jpg,4,hyphen,12289,train
007-6656-400.jpg,4,hyphen,12290,train
007-6657-400.jpg,4,hyphen,12291,train
007-6658-400.jpg,4,hyphen,12292,val
007-6659-400.jpg,4,hyphen,12293,train
007-6660-400.jpg,4,hyphen,12294,train
007-6661-400.jpg,4,hyphen,12295,train
007-6662-400.jpg,4,hyphen,12296,train
007-6663-400.jpg,4,hyphen,12297,train
007-6664-400.jpg,4,hyphen,12298,test
007-6665-400.jpg,4,hyphen,12299,train
007-6666-400.jpg,4,hyphen,12300,train
007-6667-400.jpg,4,hyphen,12301,val
007-6668-400.jpg,4,hyphen,12302,train
007-6669-400.jpg,4,hyphen,12303,test
007-6670-400.jpg,4,hyphen,12304,train
007-6671-400.jpg,4,hyphen,12305,train
007-6672-400.jpg,4,hyphen,12306,train
007-6673-400.jpg,4,hyphen,12307,val
007-6674-400.jpg,4,hyphen,12308,train
007-6675-400.jpg,4,hyphen,12309,train
007-6676-400.jpg,4,hyphen,12310,train
007-6677-400.jpg,4,hyphen,12311,train
007-6678-400.jpg,4,hyphen,12312,test
007-6679-400.jpg,4,hyphen,12313,train
007-6680-400.jpg,4,hyphen,12314,train
007-6681-400.jpg,4,hyphen,12315,val
007-6682-400.jpg,4,hyphen,12316,train
007-6683-400.jpg,4,hyphen,12317,train
007-6684-400.jpg,4,hyphen,12318,train
007-6685-400.jpg,4,hyphen,12319,val
007-6686-400.jpg,4,hyphen,12320,test
007-6687-400.jpg,4,hyphen,12321,train
007-6688-400.jpg,4,hyphen,12322,train
007-6689-400.jpg,4,hyphen,12323,train
007-6690-400.jpg,4,hyphen,12324,train
007-6691-400.jpg,4,hyphen,12325,test
007-6692-400.jpg,4,hyphen,12326,val
007-6693-400.jpg,4,hyphen,12327,train
007-6694-400.jpg,4,hyphen,12328,train
007-6695-400.jpg,4,hyphen,12329,train
007-6696-400.jpg,4,hyphen,12330,test
007-6697-400.jpg,4,hyphen,12331,train
007-6698-400.jpg,4,hyphen,12332,train
007-6699-400.jpg,4,hyphen,12333,train
007-6700-400.jpg,4,hyphen,12334,train
007-6701-400.jpg,4,hyphen,12335,val
007-6702-400.jpg,4,hyphen,12336,train
007-6704-400.jpg,4,hyphen,12337,train
007-6705-400.jpg,4,hyphen,12338,train
007-6706-400.jpg,4,hyphen,12339,val
007-6707-400.jpg,4,hyphen,12340,train
007-6708-400.jpg,4,hyphen,12341,train
007-6709-400.jpg,4,hyphen,12342,test
007-6710-400.jpg,4,hyphen,12343,train
007-6711-400.jpg,4,hyphen,12344,train
007-6712-400.jpg,4,hyphen,12345,train
007-6713-400.jpg,4,hyphen,12346,val
007-6714-400.jpg,4,hyphen,12347,test
007-6715-400.jpg,4,hyphen,12348,train
007-6716-400.jpg,4,hyphen,12349,train
007-6717-400.jpg,4,hyphen,12350,train
007-6718-400.jpg,4,hyphen,12351,train
007-6719-400.jpg,4,hyphen,12352,train
007-6720-400.jpg,4,hyphen,12353,train
007-6721-400.jpg,4,hyphen,12354,val
007-6722-400.jpg,4,hyphen,12355,test
007-6723-400.jpg,4,hyphen,12356,train
007-6724-400.jpg,4,hyphen,12357,train
007-6725-400.jpg,4,hyphen,12358,train
007-6734-400.jpg,4,hyphen,12359,train
007-6735-400.jpg,4,hyphen,12360,train
007-6736-400.jpg,4,hyphen,12361,test
007-6737-400.jpg,4,hyphen,12362,train
007-6740-400.jpg,4,hyphen,12363,train
007-6741-400.jpg,4,hyphen,12364,val
007-6742-400.jpg,4,hyphen,12365,train
007-6743-400.jpg,4,hyphen,12366,train
007-6745-400.jpg,4,hyphen,12367,train
007-6746-400.jpg,4,hyphen,12368,test
007-6747-400.jpg,4,hyphen,12369,val
007-6748-400.jpg,4,hyphen,12370,train
007-6749-400.jpg,4,hyphen,12371,train
007-6750-400.jpg,4,hyphen,12372,train
007-6751-400.jpg,4,hyphen,12373,train
007-6752-400.jpg,4,hyphen,12374,test
007-6753-400.jpg,4,hyphen,12375,train
007-6754-400.jpg,4,hyphen,12376,val
007-6755-400.jpg,4,hyphen,12377,train
007-6756-400.jpg,4,hyphen,12378,test
007-6757-400.jpg,4,hyphen,12379,train
007-6758-400.jpg,4,hyphen,12380,train
007-6759-400.jpg,4,hyphen,12381,train
007-6760-400.jpg,4,hyphen,12382,val
007-6761-400.jpg,4,hyphen,12383,train
007-6762-400.jpg,4,hyphen,12384,train
007-6763-400.jpg,4,hyphen,12385,train
007-6764-400.jpg,4,hyphen,12386,train
007-6765-400.jpg,4,hyphen,12387,train
