id_code,group,group_size
20170413102628830.jpg,0,1
20170413111955404.jpg,1,1
20170413112015395.jpg,2,1
20170413112017305.jpg,3,1
20170413112528859.jpg,4,1
20170413112758639.jpg,5,1
20170413112758698.jpg,6,1
20170413113351595.jpg,7,1
20170413113710974.jpg,8,1
20170413114550593.jpg,9,1
20170413114556386.jpg,10,1
20170413122857041.jpg,11,1
20170413122939851.jpg,12,1
20170413124003874.jpg,13,1
20170413133417921.jpg,14,1
20170413133507278.jpg,15,1
20170413133512678.jpg,16,1
20170413133629909.jpg,17,1
20170413133939478.jpg,18,1
20170413134137928.jpg,19,1
20170413134221729.jpg,20,1
20170413135413739.jpg,21,1
20170413142536113.jpg,22,1
20170413142542599.jpg,23,1
20170413142900064.jpg,24,1
20170413144614969.jpg,25,1
20170413144619040.jpg,26,1
20170413144644728.jpg,27,1
20170413145755406.jpg,28,1
20170413145814531.jpg,29,1
20170413151851880.jpg,30,1
20170413151855798.jpg,31,1
20170413152155981.jpg,32,1
20170413154250087.jpg,33,1
20170413162943058.jpg,34,1
20170413170211134.jpg,35,1
20170413170216007.jpg,36,1
20170413170304399.jpg,37,1
20170413210915369.jpg,38,1
20170413210926833.jpg,39,1
20170414080303709.jpg,40,1
20170414080328423.jpg,41,1
20170414081158089.jpg,42,1
20170414081200273.jpg,43,1
20170414085648263.jpg,44,1
20170414094409562.jpg,45,1
20170414094410131.jpg,46,1
20170414094443265.jpg,47,1
20170414094612758.jpg,48,1
20170414094843781.jpg,49,1
20170414094845256.jpg,50,1
20170414102603948.jpg,51,1
20170414102629794.jpg,52,1
20170414102630552.jpg,53,1
20170414102752964.jpg,54,1
20170414102854581.jpg,55,1
20170414102933090.jpg,56,1
20170414104052790.jpg,57,1
20170414104217595.jpg,58,1
20170414104218750.jpg,59,1
20170414113605680.jpg,60,1
20170414113710416.jpg,61,1
20170414114604302.jpg,62,1
20170414124909791.jpg,63,1
20170414124917250.jpg,64,1
20170414125150432.jpg,65,1
20170414125158502.jpg,66,1
20170414145526529.jpg,67,1
20170414145958537.jpg,68,1
20170414150026627.jpg,69,1
20170414152313848.jpg,70,1
20170414152453618.jpg,71,1
20170414153840398.jpg,72,1
20170414155329773.jpg,73,1
20170414155517791.jpg,74,1
20170414155522079.jpg,75,1
20170414155609250.jpg,76,1
20170414155613593.jpg,77,1
20170414160456704.jpg,78,1
20170414160504857.jpg,79,1
20170414160712626.jpg,80,1
20170414160717652.jpg,81,1
20170414165230386.jpg,82,1
20170414165313546.jpg,83,1
20170414165313970.jpg,84,1
20170414165409474.jpg,85,1
20170414165409939.jpg,86,1
20170414165457615.jpg,87,1
20170415082515006.jpg,88,1
20170415085332361.jpg,89,1
20170415085333873.jpg,90,1
20170415090308241.jpg,91,1
20170415090309773.jpg,92,1
20170415090759483.jpg,93,1
20170415090800978.jpg,94,1
20170415091130973.jpg,95,1
20170415091132491.jpg,96,1
20170415091834472.jpg,97,1
20170415092114824.jpg,98,1
20170415094348285.jpg,99,1
20170415095518089.jpg,100,1
20170415095710294.jpg,101,1
20170415095711786.jpg,102,1
20170415095934967.jpg,103,1
20170415095936462.jpg,104,1
20170415102343734.jpg,105,1
20170415102345240.jpg,106,1
20170415102837115.jpg,107,1
20170415102850257.jpg,108,1
20170415102951157.jpg,109,1
20170415102951687.jpg,110,1
20170415150529884.jpg,111,1
20170417083146076.jpg,112,1
20170417083154677.jpg,113,1
20170417084222767.jpg,114,1
20170417091142435.jpg,115,1
20170417091848394.jpg,116,1
20170417092512583.jpg,117,1
20170417092513951.jpg,118,1
20170417094353146.jpg,119,1
20170417095129728.jpg,120,1
20170417095343228.jpg,121,1
20170417100914763.jpg,122,1
20170417100941250.jpg,123,1
20170417100943292.jpg,124,1
20170417102028484.jpg,125,1
20170417103919386.jpg,126,1
20170417105010250.jpg,127,1
20170417105013880.jpg,128,1
20170417105035582.jpg,129,1
20170417105037844.jpg,130,1
20170417105044486.jpg,131,1
20170417105054647.jpg,132,1
20170417105107608.jpg,133,1
20170417105356987.jpg,134,1
20170417105357066.jpg,135,1
20170417105530186.jpg,136,1
20170417105537128.jpg,137,1
20170417105537560.jpg,138,1
20170417105754370.jpg,139,1
20170417110130403.jpg,140,1
20170417110130463.jpg,141,1
20170417110643269.jpg,142,1
20170417110727336.jpg,143,1
20170417111714533.jpg,144,1
20170417111719898.jpg,145,1
20170417113118732.jpg,146,1
20170417113118784.jpg,147,1
20170417113309574.jpg,148,1
20170417113313915.jpg,149,1
20170417113604837.jpg,150,1
20170417113720568.jpg,151,1
20170417113725383.jpg,152,1
20170417114046972.jpg,153,1
20170417114049699.jpg,154,1
20170417131236428.jpg,155,1
20170417140743569.jpg,156,1
20170417140954732.jpg,157,1
20170417140954971.jpg,158,1
20170417141027729.jpg,159,1
20170417141233190.jpg,160,1
20170417141233374.jpg,161,1
20170417141312058.jpg,162,1
20170417152005279.jpg,163,1
20170417152010581.jpg,164,1
20170417152832053.jpg,165,1
20170417153440644.jpg,166,1
20170417154540760.jpg,167,1
20170417155511409.jpg,168,1
20170417155554253.jpg,169,1
20170417155614368.jpg,170,1
20170417155614815.jpg,171,1
20170417155706940.jpg,172,1
20170417161433082.jpg,173,1
20170417161513973.jpg,174,1
20170417165158242.jpg,175,1
20170417174055760.jpg,176,1
20170417195632750.jpg,177,1
20170417195644536.jpg,178,1
20170417200127598.jpg,179,1
20170417200522114.jpg,180,1
20170417200625313.jpg,181,1
20170418074457367.jpg,182,1
20170418074744756.jpg,183,1
20170418081208382.jpg,184,1
20170418081730220.jpg,185,1
20170418082353060.jpg,186,1
20170418082456632.jpg,187,1
20170418083045225.jpg,188,1
20170418083047694.jpg,189,1
20170418083234348.jpg,190,1
20170418083235730.jpg,191,1
20170418084108714.jpg,192,1
20170418084110118.jpg,193,1
20170418084529440.jpg,194,1
20170418084818778.jpg,195,1
20170418084834067.jpg,196,1
20170418084844664.jpg,197,1
20170418085138697.jpg,198,1
20170418085337704.jpg,199,1
20170418085547338.jpg,200,1
20170418085549252.jpg,201,1
20170418085617538.jpg,202,1
20170418085727006.jpg,203,1
20170418085728824.jpg,204,1
20170418090054253.jpg,205,1
20170418090144057.jpg,206,1
20170418090252614.jpg,207,1
20170418090254054.jpg,208,1
20170418090649301.jpg,209,1
20170418090650754.jpg,210,1
20170418090904545.jpg,211,1
20170418090922890.jpg,212,1
20170418092035419.jpg,213,1
20170418092249373.jpg,214,1
20170418093222419.jpg,215,1
20170418093223862.jpg,216,1
20170418093300248.jpg,217,1
20170418093444173.jpg,218,1
20170418093447163.jpg,219,1
20170418093622522.jpg,220,1
20170418093623976.jpg,221,1
20170418093854327.jpg,222,1
20170418093855744.jpg,223,1
20170418094314732.jpg,224,1
20170418095137921.jpg,225,1
20170418095138435.jpg,226,1
20170418095345403.jpg,227,1
20170418095658350.jpg,228,1
20170418095851939.jpg,229,1
20170418100054906.jpg,230,1
20170418100259938.jpg,231,1
20170418100817701.jpg,232,1
20170418100819088.jpg,233,1
20170418101108314.jpg,234,1
20170418102230027.jpg,235,1
20170418102231460.jpg,236,1
20170418102429463.jpg,237,1
20170418102648640.jpg,238,1
20170418102650385.jpg,239,1
20170418103051016.jpg,240,1
20170418103052402.jpg,241,1
20170418103218419.jpg,242,1
20170418103222183.jpg,243,1
20170418103813284.jpg,244,1
20170418103848647.jpg,245,1
20170418103851495.jpg,246,1
20170418105328458.jpg,247,1
20170418105415065.jpg,248,1
20170418105730020.jpg,249,1
20170418110026689.jpg,250,1
20170418110028118.jpg,251,1
20170418111402322.jpg,252,1
20170418112220980.jpg,253,1
20170418112807013.jpg,254,1
20170418113348939.jpg,255,1
20170418115334983.jpg,256,1
20170418115345056.jpg,257,1
20170418135117697.jpg,258,1
20170418135331460.jpg,259,1
20170418135336394.jpg,260,1
20170418135348596.jpg,261,1
20170418135527877.jpg,262,1
20170418135622755.jpg,263,1
20170418135629149.jpg,264,1
20170418135719380.jpg,265,1
20170418135726222.jpg,266,1
20170418140113121.jpg,267,1
20170418140747330.jpg,268,1
20170418144937243.jpg,269,1
20170418144948571.jpg,270,1
20170418145526149.jpg,271,1
20170418195527894.jpg,272,1
20170418195543380.jpg,273,1
20170418195909380.jpg,274,1
20170419080252596.jpg,275,1
20170419080253947.jpg,276,1
20170419080502198.jpg,277,1
20170419080503535.jpg,278,1
20170419084158931.jpg,279,1
20170419084206917.jpg,280,1
20170419085415103.jpg,281,1
20170419085416065.jpg,282,1
20170419085622010.jpg,283,1
20170419090321341.jpg,284,1
20170419090928299.jpg,285,1
20170419090934589.jpg,286,1
20170419092132247.jpg,287,1
20170419092947422.jpg,288,1
20170419092948833.jpg,289,1
20170419095201125.jpg,290,1
20170419095202863.jpg,291,1
20170419095623439.jpg,292,1
20170419100215883.jpg,293,1
20170419100815415.jpg,294,1
20170419101727293.jpg,295,1
20170419101929972.jpg,296,1
20170419101931761.jpg,297,1
20170419102337922.jpg,298,1
20170419111558289.jpg,299,1
20170419111609070.jpg,300,1
20170419121209408.jpg,301,1
20170419160330690.jpg,302,1
20170419160343303.jpg,303,1
20170419162922607.jpg,304,1
20170419183802467.jpg,305,1
20170419192450332.jpg,306,1
20170419193829505.jpg,307,1
20170419194510144.jpg,308,1
20170419194515791.jpg,309,1
20170419201833332.jpg,310,1
20170419205020873.jpg,311,1
20170419205027355.jpg,312,1
20170420091403331.jpg,313,1
20170420091642882.jpg,314,1
20170420093558005.jpg,315,1
20170420093642324.jpg,316,1
20170420093648451.jpg,317,1
20170420093649895.jpg,318,1
20170420093702627.jpg,319,1
20170420095437692.jpg,320,1
20170420095437998.jpg,321,1
20170420101418582.jpg,322,1
20170420110601235.jpg,323,1
20170420141209265.jpg,324,1
20170420141214839.jpg,325,1
20170420144942571.jpg,326,1
20170420145136342.jpg,327,1
20170420145707902.jpg,328,1
20170420150826390.jpg,329,1
20170420153059903.jpg,330,1
20170420170215777.jpg,331,1
20170420183148139.jpg,332,1
20170420183706090.jpg,333,1
20170420183711592.jpg,334,1
20170420184012218.jpg,335,1
20170420184017969.jpg,336,1
20170420184212959.jpg,337,1
20170420184344679.jpg,338,1
20170420184350190.jpg,339,1
20170420184435080.jpg,340,1
20170420184440359.jpg,341,1
20170420184512149.jpg,342,1
20170420194636840.jpg,343,1
20170421081125405.jpg,344,1
20170421081130565.jpg,345,1
20170421090155675.jpg,346,1
20170421090240538.jpg,347,1
20170421090335674.jpg,348,1
20170421092004599.jpg,349,1
20170421092005051.jpg,350,1
20170421092147452.jpg,351,1
20170421095818586.jpg,352,1
20170421101201869.jpg,353,1
20170421101203241.jpg,354,1
20170421132955972.jpg,355,1
20170421162345163.jpg,356,1
20170421173701466.jpg,357,1
20170421184417368.jpg,358,1
20170421184432772.jpg,359,1
20170421184607886.jpg,360,1
20170422182757789.jpg,361,1
20170422183243272.jpg,362,1
20170422184600812.jpg,363,1
20170422185554513.jpg,364,1
20170422192440321.jpg,365,1
20170422195603994.jpg,366,1
20170424083904944.jpg,367,1
20170424084133515.jpg,368,1
20170424092157761.jpg,369,1
20170424092158103.jpg,370,1
20170424093054916.jpg,371,1
20170424093103597.jpg,372,1
20170424093430988.jpg,373,1
20170424093951909.jpg,374,1
20170424094834530.jpg,375,1
20170424094836129.jpg,376,1
20170424095916170.jpg,377,1
20170424095919157.jpg,378,1
20170424100139375.jpg,379,1
20170424100139799.jpg,380,1
20170424105339602.jpg,381,1
20170424110302399.jpg,382,1
20170424110302568.jpg,383,1
20170424110805162.jpg,384,1
20170424115230654.jpg,385,1
20170424153038492.jpg,386,1
20170424153355976.jpg,387,1
20170424153416764.jpg,388,2
20170424153610938.jpg,389,1
20170424153621506.jpg,390,1
20170424153738041.jpg,388,2
20170424154139778.jpg,391,1
20170424154246110.jpg,392,1
20170424154304423.jpg,393,1
20170424154404784.jpg,394,1
20170424154505873.jpg,395,1
20170424154526349.jpg,396,1
20170424154607265.jpg,397,1
20170424154619507.jpg,398,1
20170424154708990.jpg,399,1
20170424154840851.jpg,400,1
20170424155002286.jpg,401,1
20170424155139387.jpg,402,1
20170424155625870.jpg,403,1
20170424155646247.jpg,404,1
20170424155727824.jpg,405,1
20170424155738931.jpg,406,1
20170424161103442.jpg,407,1
20170424161116024.jpg,408,1
20170424161221373.jpg,409,1
20170424161235601.jpg,410,1
20170424161425425.jpg,411,1
20170424161438636.jpg,412,1
20170424161654569.jpg,413,1
20170424161706436.jpg,414,1
20170424162030749.jpg,415,1
20170424162044012.jpg,416,1
20170424162204793.jpg,417,1
20170424162218960.jpg,418,1
20170424162337571.jpg,419,1
20170424162352358.jpg,420,1
20170424164440599.jpg,421,1
20170424164446748.jpg,422,1
20170424165420766.jpg,423,1
20170424165426827.jpg,424,1
20170424165545637.jpg,425,1
20170424165551448.jpg,426,1
20170424165653167.jpg,427,1
20170424165659138.jpg,428,1
20170424165808876.jpg,429,1
20170424170317397.jpg,430,1
20170424170506066.jpg,431,1
20170424170615518.jpg,432,1
20170424170726887.jpg,433,1
20170424170732306.jpg,434,1
20170424170818796.jpg,435,1
20170425080320682.jpg,436,1
20170425083714320.jpg,437,1
20170425083714832.jpg,438,1
20170425084700515.jpg,439,1
20170425085526088.jpg,440,1
20170425090234348.jpg,441,1
20170425090234688.jpg,442,1
20170425090503658.jpg,443,1
20170425090714957.jpg,444,1
20170425090715281.jpg,445,1
20170425090800777.jpg,446,1
20170425091625008.jpg,447,1
20170425091742877.jpg,448,1
20170425091743217.jpg,449,1
20170425092638708.jpg,450,1
20170425095922164.jpg,451,1
20170425095922296.jpg,452,1
20170425101622385.jpg,453,1
20170425101622817.jpg,454,1
20170425101658120.jpg,455,1
20170425102143314.jpg,456,1
20170425114609176.jpg,457,1
20170425114619614.jpg,458,1
20170425120021981.jpg,459,1
20170425120323155.jpg,460,1
20170425120522997.jpg,461,1
20170425154845288.jpg,462,1
20170425160443878.jpg,463,1
20170425160445127.jpg,464,1
20170425160717139.jpg,465,1
20170425160718411.jpg,466,1
20170425160737447.jpg,467,1
20170425160738226.jpg,468,1
20170425160813048.jpg,469,1
20170425160813458.jpg,470,1
20170425160836578.jpg,471,1
20170425160838043.jpg,472,1
20170425160911647.jpg,473,1
20170425160957895.jpg,474,1
20170425160958084.jpg,475,1
20170425180850064.jpg,476,1
20170426075630806.jpg,477,1
20170426081022674.jpg,478,1
20170426082359710.jpg,479,1
20170426082440236.jpg,480,1
20170426082522695.jpg,481,1
20170426082624471.jpg,482,1
20170426082658136.jpg,483,1
20170426083617275.jpg,484,1
20170426083835198.jpg,485,1
20170426084805235.jpg,486,1
20170426084806698.jpg,487,1
20170426085050197.jpg,488,1
20170426085051640.jpg,489,1
20170426085448060.jpg,490,1
20170426085909496.jpg,491,1
20170426090330146.jpg,492,1
20170426090413428.jpg,493,1
20170426090503082.jpg,494,1
20170426090535337.jpg,495,1
20170426090644946.jpg,496,1
20170426091057515.jpg,497,1
20170426091057920.jpg,498,1
20170426091840642.jpg,499,1
20170426092143447.jpg,500,1
20170426092544308.jpg,501,1
20170426092544619.jpg,502,1
20170426101343821.jpg,503,1
20170426101502649.jpg,504,1
20170426101559169.jpg,505,1
20170426101818581.jpg,506,1
20170426133908898.jpg,507,2
20170426133913159.jpg,508,2
20170426134053910.jpg,509,1
20170426134105195.jpg,510,1
20170426134414814.jpg,511,2
20170426134444480.jpg,512,2
20170426134639089.jpg,513,1
20170426134827493.jpg,514,2
20170426150556803.jpg,515,1
20170426173807708.jpg,516,1
20170426173811370.jpg,517,1
20170427081426172.jpg,518,1
20170427081427638.jpg,519,1
20170427082251845.jpg,520,1
20170427083332299.jpg,521,1
20170427083333838.jpg,522,1
20170427083753658.jpg,523,1
20170427083754048.jpg,524,1
20170427084113100.jpg,525,1
20170427084114239.jpg,526,1
20170427084313068.jpg,527,1
20170427084526484.jpg,528,1
20170427084526865.jpg,529,1
20170427084620045.jpg,530,1
20170427084620429.jpg,531,1
20170427084657809.jpg,532,1
20170427084743440.jpg,533,1
20170427084743829.jpg,534,1
20170427084825460.jpg,535,1
20170427084825832.jpg,536,1
20170427084914937.jpg,537,1
20170427084916453.jpg,538,1
20170427085054752.jpg,539,1
20170427085243758.jpg,540,1
20170427085536070.jpg,541,1
20170427085556378.jpg,542,1
20170427085624123.jpg,543,1
20170427085651644.jpg,544,1
20170427085722849.jpg,545,1
20170427085812198.jpg,546,1
20170427085829281.jpg,547,1
20170427085831881.jpg,548,1
20170427085924556.jpg,549,1
20170427090010016.jpg,550,1
20170427090150185.jpg,551,1
20170427091003738.jpg,552,1
20170427091005352.jpg,553,1
20170427091208324.jpg,554,1
20170427091715561.jpg,555,1
20170427091717056.jpg,556,1
20170427091903552.jpg,557,1
20170427092001417.jpg,558,1
20170427092252484.jpg,559,1
20170427092253018.jpg,560,1
20170427092355911.jpg,561,1
20170427093014194.jpg,562,1
20170427093015731.jpg,563,1
20170427093238699.jpg,564,1
20170427093433656.jpg,565,1
20170427093625070.jpg,566,1
20170427093626566.jpg,567,1
20170427094003039.jpg,568,1
20170427094235365.jpg,569,1
20170427094404245.jpg,570,1
20170427095046001.jpg,571,1
20170427095240398.jpg,572,1
20170427095241916.jpg,573,1
20170427095438121.jpg,574,1
20170427095807849.jpg,575,1
20170427095906832.jpg,576,1
20170427100254237.jpg,577,1
20170427100457813.jpg,578,1
20170427100644556.jpg,579,1
20170427100707736.jpg,580,1
20170427100717384.jpg,581,1
20170427101039471.jpg,582,1
20170427101349897.jpg,583,1
20170427101352821.jpg,584,1
20170427103116617.jpg,585,1
20170427103321931.jpg,586,1
20170427104445122.jpg,587,1
20170427104531692.jpg,588,1
20170427110111458.jpg,589,1
20170427110111505.jpg,590,1
20170427110231732.jpg,591,1
20170427111038586.jpg,592,1
20170427111038648.jpg,593,1
20170427111816715.jpg,594,1
20170427112247861.jpg,595,1
20170427112247921.jpg,596,1
20170427112456757.jpg,597,1
20170427142918006.jpg,598,1
20170427142921526.jpg,599,1
20170427162324166.jpg,600,1
20170427162327224.jpg,601,1
20170427175714216.jpg,602,1
20170427175716777.jpg,603,1
20170427180037322.jpg,604,1
20170427180039926.jpg,605,1
20170427180147996.jpg,606,1
20170427180154699.jpg,607,1
20170427180329242.jpg,608,1
20170427180330939.jpg,609,1
20170427180436817.jpg,610,1
20170427180440101.jpg,611,1
20170427180531249.jpg,612,1
20170427180535308.jpg,613,1
20170427180629519.jpg,614,1
20170427180631672.jpg,615,1
20170427180712510.jpg,616,1
20170427180715306.jpg,617,1
20170427180836769.jpg,618,1
20170427180842294.jpg,619,1
20170427180847120.jpg,620,1
20170427180853125.jpg,621,1
20170427180931834.jpg,622,1
20170427180935648.jpg,623,1
20170427180947234.jpg,624,1
20170427180950244.jpg,625,1
20170427181053799.jpg,626,1
20170427181057390.jpg,627,1
20170427181149465.jpg,628,1
20170427181154064.jpg,629,1
20170427181227245.jpg,630,1
20170427181229677.jpg,631,1
20170427181248592.jpg,632,1
20170427181251854.jpg,633,1
20170427181340648.jpg,634,1
20170427181343721.jpg,635,1
20170427181444211.jpg,636,1
20170427181448498.jpg,637,1
20170427181455958.jpg,638,1
20170427181456899.jpg,639,1
20170427181543507.jpg,640,1
20170427181546260.jpg,641,1
20170427181556231.jpg,642,1
20170427181603363.jpg,643,1
20170427181653025.jpg,644,1
20170427181653795.jpg,645,1
20170427181700229.jpg,646,1
20170427181707101.jpg,647,1
20170427181753491.jpg,648,1
20170427181757954.jpg,649,1
20170427181823258.jpg,650,1
20170427181844425.jpg,651,1
20170427181852115.jpg,652,1
20170427181940819.jpg,653,1
20170427181949337.jpg,654,1
20170427181951756.jpg,655,1
20170427182001923.jpg,656,1
20170427182048647.jpg,657,1
20170427182059997.jpg,658,1
20170427182104559.jpg,659,1
20170427182106346.jpg,660,1
20170427182207124.jpg,661,1
20170427182213413.jpg,662,1
20170427182217646.jpg,663,1
20170427182230164.jpg,664,1
20170427182316762.jpg,665,1
20170427182323645.jpg,666,1
20170427182331584.jpg,667,1
20170427182408954.jpg,668,1
20170427182515802.jpg,669,1
20170427182524137.jpg,670,1
20170427182528282.jpg,671,1
20170427182611210.jpg,672,1
20170427182616601.jpg,673,1
20170427182705405.jpg,674,1
20170427182751050.jpg,675,1
20170427182754678.jpg,676,1
20170427182819247.jpg,677,1
20170427182823636.jpg,678,1
20170427182837052.jpg,679,1
20170427182842049.jpg,680,1
20170427182911208.jpg,681,1
20170427182915376.jpg,682,1
20170427182939527.jpg,683,1
20170427182953059.jpg,684,1
20170427182956966.jpg,685,1
20170427183037301.jpg,686,1
20170427183048684.jpg,687,1
20170427183057654.jpg,688,1
20170427183137938.jpg,689,1
20170427183143584.jpg,690,1
20170427183153652.jpg,691,1
20170427183200052.jpg,692,1
20170427183304900.jpg,693,1
20170427183345911.jpg,694,1
20170427183348596.jpg,695,1
20170427183428662.jpg,696,1
20170427183436009.jpg,697,1
20170427183624105.jpg,698,1
20170427183630492.jpg,699,1
20170427183729491.jpg,700,1
20170427183732057.jpg,701,1
20170427183816901.jpg,702,1
20170427183820981.jpg,703,1
20170427183907443.jpg,704,1
20170427183912177.jpg,705,1
20170427183919381.jpg,706,1
20170427183925336.jpg,707,1
20170427184000335.jpg,708,1
20170427184002642.jpg,709,1
20170427184009388.jpg,710,1
20170427184014775.jpg,711,1
20170427184052074.jpg,712,1
20170427184052278.jpg,713,1
20170427184057042.jpg,714,1
20170427184100996.jpg,715,1
20170427184204825.jpg,716,1
20170427184207246.jpg,717,1
20170427184222629.jpg,718,1
20170427184255876.jpg,719,1
20170427184257681.jpg,720,1
20170427184307500.jpg,721,1
20170427184310184.jpg,722,1
20170427184346601.jpg,723,1
20170427184416216.jpg,724,1
20170427184422547.jpg,725,1
20170427184431937.jpg,726,1
20170427184442451.jpg,727,1
20170427184513391.jpg,728,1
20170427184515148.jpg,729,1
20170427184532387.jpg,730,1
20170427184535071.jpg,731,1
20170427184614492.jpg,732,1
20170427184617699.jpg,733,1
20170427184631485.jpg,734,1
20170427184634488.jpg,735,1
20170427184848632.jpg,736,1
20170427184854745.jpg,737,1
20170427184904962.jpg,738,1
20170427184911862.jpg,739,1
20170427184931329.jpg,740,1
20170427184933328.jpg,741,1
20170427184957561.jpg,742,1
20170427184959479.jpg,743,1
20170427185012563.jpg,744,1
20170427185015702.jpg,745,1
20170427185055804.jpg,746,1
20170427185059367.jpg,747,1
20170427185104762.jpg,748,1
20170427185111357.jpg,749,1
20170427185139601.jpg,750,1
20170427185141662.jpg,751,1
20170427185156957.jpg,752,1
20170427185204860.jpg,753,1
20170427185225468.jpg,754,1
20170427185309607.jpg,755,1
20170427185312456.jpg,756,1
20170427185345520.jpg,757,1
20170427185347767.jpg,758,1
20170427185357872.jpg,759,1
20170427185406501.jpg,760,1
20170427185436095.jpg,761,1
20170427185440175.jpg,762,1
20170427185451261.jpg,763,1
20170427185458203.jpg,764,1
20170427185530761.jpg,765,1
20170427185536194.jpg,766,1
20170427185548872.jpg,767,1
20170427185626846.jpg,768,1
20170427185627251.jpg,769,1
20170427185636543.jpg,770,1
20170427185641134.jpg,771,1
20170427185706409.jpg,772,1
20170427185709099.jpg,773,1
20170427185725567.jpg,774,1
20170427185752535.jpg,775,1
20170427185756415.jpg,776,1
20170427185822146.jpg,777,1
20170427185824716.jpg,778,1
20170427185859450.jpg,779,1
20170427185913001.jpg,780,1
20170427185920938.jpg,781,1
20170427185941933.jpg,782,1
20170427185948021.jpg,783,1
20170427190001968.jpg,784,1
20170427190008061.jpg,785,1
20170427190031631.jpg,786,1
20170427190058518.jpg,787,1
20170427190101175.jpg,788,1
20170427190114312.jpg,789,1
20170427190117123.jpg,790,1
20170427190202928.jpg,791,1
20170427190217884.jpg,792,1
20170427190222259.jpg,793,1
20170427190253117.jpg,794,1
20170427190305966.jpg,795,1
20170427190312316.jpg,796,1
20170427190354915.jpg,797,1
20170427190356738.jpg,798,1
20170427190444812.jpg,799,1
20170427190452758.jpg,800,1
20170427190458560.jpg,801,1
20170427190546865.jpg,802,1
20170427190551011.jpg,803,1
20170427190558112.jpg,804,1
20170427190607216.jpg,805,1
20170427190630527.jpg,806,1
20170427190638723.jpg,807,1
20170427190704516.jpg,808,1
20170427190717761.jpg,809,1
20170427190719686.jpg,810,1
20170427190749126.jpg,811,1
20170427190800903.jpg,812,1
20170427190805533.jpg,813,1
20170427190812183.jpg,814,1
20170427190859280.jpg,815,1
20170427190903185.jpg,816,1
20170427190949954.jpg,817,1
20170427190956018.jpg,818,1
20170427191042581.jpg,819,1
20170427191045130.jpg,820,1
20170427191045918.jpg,821,1
20170427191132650.jpg,822,1
20170427191135460.jpg,823,1
20170427191213157.jpg,824,1
20170427191218747.jpg,825,1
20170427191222313.jpg,826,1
20170427191255984.jpg,827,1
20170427191341817.jpg,828,1
20170427191346267.jpg,829,1
20170427191518339.jpg,830,1
20170427191526349.jpg,831,1
20170427191615958.jpg,832,1
20170427191654988.jpg,833,1
20170427191700068.jpg,834,1
20170427191812028.jpg,835,1
20170427191818134.jpg,836,1
20170427191915623.jpg,837,1
20170427192012988.jpg,838,1
20170427192016911.jpg,839,1
20170427192110916.jpg,840,1
20170427192115631.jpg,841,1
20170427192155266.jpg,842,1
20170427192201419.jpg,843,1
20170427192237661.jpg,844,1
20170427194205437.jpg,845,1
20170427195456847.jpg,846,1
20170427195508307.jpg,847,1
20170427195851108.jpg,848,1
20170427195906934.jpg,849,1
20170427201458706.jpg,850,1
20170427201816341.jpg,851,1
20170427203106149.jpg,852,1
20170427203229867.jpg,853,1
20170427203319632.jpg,854,1
20170427203324770.jpg,855,1
20170427203808158.jpg,856,1
20170427203912457.jpg,857,1
20170427204349781.jpg,858,1
20170427204510897.jpg,859,1
20170427204630233.jpg,860,1
20170427204639291.jpg,861,1
20170427204739830.jpg,862,1
20170427204804237.jpg,863,1
20170427204940840.jpg,864,1
20170427205355164.jpg,865,1
20170427210022908.jpg,866,1
20170427210217995.jpg,867,1
20170427211147039.jpg,868,1
20170427211751211.jpg,869,1
20170427212136322.jpg,870,1
20170427212809393.jpg,871,1
20170427213348520.jpg,872,1
20170427213821105.jpg,873,1
20170427213832371.jpg,874,1
20170427213940581.jpg,875,1
20170427214059716.jpg,876,1
20170427214203947.jpg,877,1
20170427214214917.jpg,878,1
20170427215012046.jpg,879,1
20170427215116621.jpg,880,1
20170427215121885.jpg,881,1
20170427215222651.jpg,882,1
20170427215354350.jpg,883,1
20170427215748223.jpg,884,1
20170427220200742.jpg,885,1
20170427220204351.jpg,886,1
20170427220503449.jpg,887,1
20170427220626535.jpg,888,1
20170427220809937.jpg,889,1
20170427221132202.jpg,890,1
20170428081644490.jpg,891,1
20170428081649811.jpg,892,1
20170428082500827.jpg,893,1
20170428082715541.jpg,894,1
20170428082715586.jpg,895,1
20170428082724356.jpg,896,1
20170428083309217.jpg,897,1
20170428083313325.jpg,898,1
20170428083319755.jpg,899,1
20170428083456943.jpg,900,1
20170428083534245.jpg,901,1
20170428083804807.jpg,902,1
20170428083858242.jpg,903,1
20170428083930305.jpg,904,1
20170428084148684.jpg,905,1
20170428084152715.jpg,906,1
20170428084223549.jpg,907,1
20170428084252566.jpg,908,1
20170428084312800.jpg,909,1
20170428084730352.jpg,910,1
20170428085040906.jpg,911,1
20170428085204214.jpg,912,1
20170428085349919.jpg,913,1
20170428085829032.jpg,914,1
20170428085841707.jpg,915,1
20170428090531730.jpg,916,1
20170428090532281.jpg,917,1
20170428090609601.jpg,918,1
20170428090728431.jpg,919,1
20170428090729968.jpg,920,1
20170428090925245.jpg,921,1
20170428090925638.jpg,922,1
20170428091136164.jpg,923,1
20170428091136343.jpg,924,1
20170428091343520.jpg,925,1
20170428091343897.jpg,926,1
20170428091458070.jpg,927,1
20170428091636786.jpg,928,1
20170428091637167.jpg,929,1
20170428091724893.jpg,930,1
20170428091726420.jpg,931,1
20170428091733252.jpg,932,1
20170428091735013.jpg,933,1
20170428091825503.jpg,934,1
20170428091827454.jpg,935,1
20170428092059349.jpg,936,1
20170428092101651.jpg,937,1
20170428092139170.jpg,938,1
20170428092140678.jpg,939,1
20170428092328840.jpg,940,1
20170428093034277.jpg,941,1
20170428093035789.jpg,942,1
20170428093227234.jpg,943,1
20170428093229395.jpg,944,1
20170428093232618.jpg,945,1
20170428093839526.jpg,946,1
20170428093841007.jpg,947,1
20170428094324837.jpg,948,1
20170428094434319.jpg,949,1
20170428094903075.jpg,950,1
20170428095359962.jpg,951,1
20170428095431915.jpg,952,1
20170428095433963.jpg,953,1
20170428095819565.jpg,954,1
20170428100042138.jpg,955,1
20170428100316842.jpg,956,1
20170428100326826.jpg,957,1
20170428100642582.jpg,958,1
20170428100838780.jpg,959,1
20170428100842515.jpg,960,1
20170428101346224.jpg,961,1
20170428101346680.jpg,962,1
20170428101540789.jpg,963,1
20170428104123770.jpg,964,4
20170428104127977.jpg,965,3
20170428104528004.jpg,966,1
20170428104536006.jpg,967,1
20170428104701510.jpg,968,1
20170428104714009.jpg,969,1
20170428105022800.jpg,970,1
20170428105426121.jpg,971,1
20170428105824486.jpg,972,4
20170428110005912.jpg,973,1
20170428110010416.jpg,974,1
20170428110148596.jpg,975,1
20170428110413053.jpg,976,1
20170428110422324.jpg,977,1
20170428111044268.jpg,978,1
20170428111534396.jpg,979,1
20170428111539654.jpg,980,1
20170428111949659.jpg,981,1
20170428112718249.jpg,982,1
20170428112733694.jpg,983,1
20170428114525641.jpg,984,1
20170428114529808.jpg,985,1
20170428115748703.jpg,972,4
20170428115908001.jpg,964,4
20170428115910093.jpg,965,3
20170428115936704.jpg,986,1
20170428120034061.jpg,987,1
20170428120313013.jpg,988,1
20170428130130326.jpg,989,1
20170428130132741.jpg,990,1
20170428140421454.jpg,991,1
20170428140422781.jpg,992,1
20170428141212317.jpg,993,1
20170428141950613.jpg,994,1
20170428144006815.jpg,995,1
20170428145629897.jpg,996,1
20170428145842622.jpg,997,1
20170428150003668.jpg,998,1
20170428150052112.jpg,999,1
20170428151436386.jpg,1000,1
20170428152142921.jpg,1001,1
20170428152609924.jpg,1002,1
20170428153008052.jpg,1003,1
20170428153045005.jpg,1004,1
20170428153658816.jpg,1005,1
20170428153703871.jpg,1006,1
20170428153946369.jpg,1007,1
20170428154912997.jpg,1008,1
20170428155659202.jpg,1009,1
20170428155758885.jpg,1010,1
20170428161917714.jpg,1011,1
20170428161920057.jpg,1012,1
20170428161950347.jpg,1013,1
20170428161952960.jpg,1014,1
20170428162049598.jpg,1015,1
20170428162159300.jpg,1016,1
20170428162225876.jpg,1017,1
20170428162227966.jpg,1018,1
20170428163058180.jpg,1019,1
20170428163137336.jpg,1020,1
20170428163139682.jpg,1021,1
20170428163235298.jpg,1022,1
20170428163302235.jpg,1023,1
20170428163613368.jpg,1024,1
20170428163615176.jpg,1025,1
20170428163724513.jpg,1026,1
20170428164017472.jpg,1027,1
20170428164732502.jpg,1028,1
20170428165536203.jpg,1029,1
20170428165555604.jpg,1030,1
20170428165555655.jpg,1031,1
20170429094922803.jpg,1032,1
20170429095809095.jpg,1033,1
20170429100819796.jpg,1034,1
20170429192742478.jpg,1035,1
20170429192924900.jpg,1036,1
20170429193113659.jpg,1037,1
20170429193229179.jpg,1038,1
20170429193414561.jpg,1039,1
20170429193522820.jpg,1040,1
20170429193601147.jpg,1041,1
20170429193605264.jpg,1042,1
20170429194722802.jpg,1043,1
20170429195038009.jpg,1044,1
20170429195304774.jpg,1045,1
20170429195359650.jpg,1046,1
20170429195454588.jpg,1047,1
20170429195456441.jpg,1048,1
20170429195518291.jpg,1049,1
20170429200055021.jpg,1050,1
20170429200105002.jpg,1051,1
20170429200133422.jpg,1052,1
20170429200148838.jpg,1053,1
20170429200151358.jpg,1054,1
20170429200158774.jpg,1055,1
20170429200249270.jpg,1056,1
20170429200312000.jpg,1057,1
20170429200334930.jpg,1058,1
20170429200338006.jpg,1059,1
20170429200413084.jpg,1060,1
20170429200414078.jpg,1061,1
20170429200419712.jpg,1062,1
20170429200429997.jpg,1063,1
20170429200432424.jpg,1064,1
20170429200502952.jpg,1065,1
20170429200507142.jpg,1066,1
20170429200527102.jpg,1067,1
20170429200530941.jpg,1068,1
20170429200544211.jpg,1069,1
20170429200552854.jpg,1070,1
20170429200623809.jpg,1071,1
20170429200631121.jpg,1072,1
20170429200702514.jpg,1073,1
20170429200729875.jpg,1074,1
20170429200817412.jpg,1075,1
20170429200822003.jpg,1076,1
20170429200829964.jpg,1077,1
20170429200929998.jpg,1078,1
20170429200930619.jpg,1079,1
20170429200932243.jpg,1080,1
20170429200936018.jpg,1081,1
20170429201027628.jpg,1082,1
20170429201030556.jpg,1083,1
20170429201123659.jpg,1084,1
20170429201133633.jpg,1085,1
20170429201134611.jpg,1086,1
20170429201403506.jpg,1087,1
20170429201406937.jpg,1088,1
20170429201421870.jpg,1089,1
20170429201425625.jpg,1090,1
20170429201527326.jpg,1091,1
20170429201530314.jpg,1092,1
20170429201540436.jpg,1093,1
20170429201614845.jpg,1094,1
20170429201617730.jpg,1095,1
20170429201700517.jpg,1096,1
20170429201707510.jpg,1097,1
20170429201712189.jpg,1098,1
20170429201715366.jpg,1099,1
20170429201751503.jpg,1100,1
20170429201802065.jpg,1101,1
20170429201902088.jpg,1102,1
20170429201907699.jpg,1103,1
20170429201916017.jpg,1104,1
20170429201922729.jpg,1105,1
20170429201934466.jpg,1106,1
20170429202008481.jpg,1107,1
20170429202013692.jpg,1108,1
20170429202038141.jpg,1109,1
20170429202042607.jpg,1110,1
20170429202112078.jpg,1111,1
20170429202121717.jpg,1112,1
20170429202200317.jpg,1113,1
20170429202215267.jpg,1114,1
20170429202215846.jpg,1115,1
20170429202216087.jpg,1116,1
20170429202310166.jpg,1117,1
20170429202319993.jpg,1118,1
20170429202324291.jpg,1119,1
20170429202326448.jpg,1120,1
20170429202359507.jpg,1121,1
20170429202412060.jpg,1122,1
20170429202414995.jpg,1123,1
20170429202417002.jpg,1124,1
20170429202459692.jpg,1125,1
20170429202500711.jpg,1126,1
20170429202503125.jpg,1127,1
20170429202509086.jpg,1128,1
20170429202553962.jpg,1129,1
20170429202556062.jpg,1130,1
20170429202615447.jpg,1131,1
20170429202615849.jpg,1132,1
20170429202619215.jpg,1133,1
20170429202627416.jpg,1134,1
20170429202702212.jpg,1135,1
20170429202713383.jpg,1136,1
20170429202820123.jpg,1137,1
20170429202829877.jpg,1138,1
20170429202830686.jpg,1139,1
20170429202931452.jpg,1140,1
20170429202934975.jpg,1141,1
20170429202959824.jpg,1142,1
20170429203004863.jpg,1143,1
20170429203022148.jpg,1144,1
20170429203052748.jpg,1145,1
20170429203054497.jpg,1146,1
20170429203102645.jpg,1147,1
20170429203138411.jpg,1148,1
20170429203152555.jpg,1149,1
20170429203157386.jpg,1150,1
20170429203248590.jpg,1151,1
20170429203302982.jpg,1152,1
20170429203321665.jpg,1153,1
20170429203329412.jpg,1154,1
20170429203336949.jpg,1155,1
20170429203344819.jpg,1156,1
20170429203349506.jpg,1157,1
20170429203400714.jpg,1158,1
20170429203414999.jpg,1159,1
20170429203416134.jpg,1160,1
20170429203446115.jpg,1161,1
20170429203519271.jpg,1162,1
20170429203606004.jpg,1163,1
20170429203618868.jpg,1164,1
20170429203633560.jpg,1165,1
20170429203633599.jpg,1166,1
20170429203635487.jpg,1167,1
20170429203732754.jpg,1168,1
20170429203735241.jpg,1169,1
20170429203743453.jpg,1170,1
20170429203902763.jpg,1171,1
20170429203913742.jpg,1172,1
20170429203914469.jpg,1173,1
20170429203915028.jpg,1174,1
20170429203921289.jpg,1175,1
20170429203928436.jpg,1176,1
20170429203936488.jpg,1177,1
20170429204028596.jpg,1178,1
20170429204056381.jpg,1179,1
20170429204057855.jpg,1180,1
20170429204114041.jpg,1181,1
20170429204121421.jpg,1182,1
20170429204124258.jpg,1183,1
20170429204127993.jpg,1184,1
20170429204130322.jpg,1185,1
20170429204133794.jpg,1186,1
20170429204156044.jpg,1187,1
20170429204203273.jpg,1188,1
20170429204221442.jpg,1189,1
20170429204224555.jpg,1190,1
20170429204229692.jpg,1191,1
20170429204253651.jpg,1192,1
20170429204308140.jpg,1193,1
20170429204318891.jpg,1194,1
20170429204325334.jpg,1195,1
20170429204325698.jpg,1196,1
20170429204329932.jpg,1197,1
20170429204331636.jpg,1198,1
20170429204350949.jpg,1199,1
20170429204429841.jpg,1200,1
20170429204444257.jpg,1201,1
20170429204446471.jpg,1202,1
20170429204447613.jpg,1203,1
20170429204451100.jpg,1204,1
20170429204454340.jpg,1205,1
20170429204455668.jpg,1206,1
20170429204540104.jpg,1207,1
20170429204548636.jpg,1208,1
20170429204556794.jpg,1209,1
20170429204600944.jpg,1210,1
20170429204601078.jpg,1211,1
20170429204645569.jpg,1212,1
20170429204652538.jpg,1213,1
20170429204745543.jpg,1214,1
20170429204749544.jpg,1215,1
20170429204817399.jpg,1216,1
20170429204823425.jpg,1217,1
20170429204914816.jpg,1218,1
20170429204919586.jpg,1219,1
20170429204919846.jpg,1220,1
20170429204936542.jpg,1221,1
20170429205020436.jpg,1222,1
20170429205031598.jpg,1223,1
20170429205037522.jpg,1224,1
20170429205042673.jpg,1225,1
20170429205147287.jpg,1226,1
20170429205149942.jpg,1227,1
20170429205200118.jpg,1228,1
20170429205205636.jpg,1229,1
20170429205236551.jpg,1230,1
20170429205259151.jpg,1231,1
20170429205302250.jpg,1232,1
20170429205336309.jpg,1233,1
20170429205345622.jpg,1234,1
20170429205357439.jpg,1235,1
20170429205359026.jpg,1236,1
20170429205402321.jpg,1237,1
20170429205402333.jpg,1238,1
20170429205459908.jpg,1239,1
20170429205502213.jpg,1240,1
20170429205517075.jpg,1241,1
20170429205522492.jpg,1242,1
20170429205525169.jpg,1243,1
20170429205542770.jpg,1244,1
20170429205604367.jpg,1245,1
20170429205621477.jpg,1246,1
20170429205648335.jpg,1247,1
20170429205725019.jpg,1248,1
20170429205727648.jpg,1249,1
20170429205727730.jpg,1250,1
20170429205807483.jpg,1251,1
20170429205809104.jpg,1252,1
20170429205854448.jpg,1253,1
20170429205857382.jpg,1254,1
20170429205939678.jpg,1255,1
20170429205941167.jpg,1256,1
20170429205941213.jpg,1257,1
20170429210027765.jpg,1258,1
20170429210029753.jpg,1259,1
20170429210120003.jpg,1260,1
20170429210129690.jpg,1261,1
20170429210206630.jpg,1262,1
20170429210208453.jpg,1263,1
20170429210214682.jpg,1264,1
20170429210236417.jpg,1265,1
20170429210316571.jpg,1266,1
20170429210329254.jpg,1267,1
20170429210353879.jpg,1268,1
20170429210400586.jpg,1269,1
20170429210404360.jpg,1270,1
20170429210408066.jpg,1271,1
20170429210422443.jpg,1272,1
20170429210431431.jpg,1273,1
20170429210512044.jpg,1274,1
20170429210608223.jpg,1275,1
20170429210610881.jpg,1276,1
20170429210630507.jpg,1277,1
20170429210635256.jpg,1278,1
20170429210712137.jpg,1279,1
20170429210714738.jpg,1280,1
20170429210734427.jpg,1281,1
20170429210737859.jpg,1282,1
20170429210801172.jpg,1283,1
20170429210806155.jpg,1284,1
20170429210836701.jpg,1285,1
20170429210842626.jpg,1286,1
20170429210854778.jpg,1287,1
20170429210859316.jpg,1288,1
20170429210915900.jpg,1289,1
20170429210938928.jpg,1290,1
20170429210944628.jpg,1291,1
20170429211004089.jpg,1292,1
20170429211011053.jpg,1293,1
20170429211025317.jpg,1294,1
20170429211034855.jpg,1295,1
20170429211108816.jpg,1296,1
20170429211115482.jpg,1297,1
20170429211155663.jpg,1298,1
20170429211250159.jpg,1299,1
20170429211253093.jpg,1300,1
20170429211437781.jpg,1301,1
20170429211535495.jpg,1302,1
20170429211551976.jpg,1303,1
20170429211603875.jpg,1304,1
20170429211655176.jpg,1305,1
20170429211723221.jpg,1306,1
20170429211807328.jpg,1307,1
20170429211817042.jpg,1308,1
20170429211825418.jpg,1309,1
20170429211830286.jpg,1310,1
20170429211930962.jpg,1311,1
20170429211936663.jpg,1312,1
20170429211939728.jpg,1313,1
20170429212025437.jpg,1314,1
20170429212028624.jpg,1315,1
20170429212120568.jpg,1316,1
20170429212130578.jpg,1317,1
20170429212213827.jpg,1318,1
20170429212217526.jpg,1319,1
20170429212303368.jpg,1320,1
20170429212306680.jpg,1321,1
20170429212322109.jpg,1322,1
20170429212332747.jpg,1323,1
20170429212403085.jpg,1324,1
20170429212410445.jpg,1325,1
20170429212437072.jpg,1326,1
20170429212453154.jpg,1327,1
20170429212457762.jpg,1328,1
20170429212526026.jpg,1329,1
20170429212530143.jpg,1330,1
20170429212623221.jpg,1331,1
20170429212634742.jpg,1332,1
20170429212635458.jpg,1333,1
20170429212640572.jpg,1334,1
20170429212713198.jpg,1335,1
20170429212716947.jpg,1336,1
20170429212728245.jpg,1337,1
20170429212734086.jpg,1338,1
20170429212801878.jpg,1339,1
20170429212807968.jpg,1340,1
20170429212835329.jpg,1341,1
20170429212840065.jpg,1342,1
20170429212853903.jpg,1343,1
20170429212859624.jpg,1344,1
20170429212956304.jpg,1345,1
20170429212958244.jpg,1346,1
20170429213018479.jpg,1347,1
20170429213027948.jpg,1348,1
20170429213053184.jpg,1349,1
20170429213129722.jpg,1350,1
20170429213135202.jpg,1351,1
20170429213152276.jpg,1352,1
20170429213158465.jpg,1353,1
20170429213236557.jpg,1354,1
20170429213239042.jpg,1355,1
20170429213257193.jpg,1356,1
20170429213305891.jpg,1357,1
20170429213320500.jpg,1358,1
20170429213324820.jpg,1359,1
20170429213410950.jpg,1360,1
20170429213412314.jpg,1361,1
20170429213420850.jpg,1362,1
20170429213426833.jpg,1363,1
20170429213508406.jpg,1364,1
20170429213519463.jpg,1365,1
20170429213523992.jpg,1366,1
20170429213524443.jpg,1367,1
20170429213623095.jpg,1368,1
20170429213636769.jpg,1369,1
20170429213645735.jpg,1370,1
20170429213720222.jpg,1371,1
20170429213724153.jpg,1372,1
20170429213734106.jpg,1373,1
20170429213736649.jpg,1374,1
20170429213803424.jpg,1375,1
20170429213805846.jpg,1376,1
20170429213932252.jpg,1377,1
20170429213938431.jpg,1378,1
20170429214029038.jpg,1379,1
20170429214037193.jpg,1380,1
20170429214228852.jpg,1381,1
20170429214310392.jpg,1382,1
20170429214321918.jpg,1383,1
20170429214330890.jpg,1384,1
20170429214337111.jpg,1385,1
20170429214424940.jpg,1386,1
20170429214426841.jpg,1387,1
20170429214434015.jpg,1388,1
20170429214436637.jpg,1389,1
20170429214529850.jpg,1390,1
20170429214532498.jpg,1391,1
20170429214540625.jpg,1392,1
20170429214546145.jpg,1393,1
20170429214629036.jpg,1394,1
20170429214633358.jpg,1395,1
20170429214649474.jpg,1396,1
20170429214650223.jpg,1397,1
20170429214713035.jpg,1398,1
20170429214714282.jpg,1399,1
20170429214731181.jpg,1400,1
20170429214734011.jpg,1401,1
20170429214758300.jpg,1402,1
20170429214801658.jpg,1403,1
20170429214810104.jpg,1404,1
20170429214814322.jpg,1405,1
20170429214851803.jpg,1406,1
20170429214900908.jpg,1407,1
20170429214916462.jpg,1408,1
20170429214919301.jpg,1409,1
20170429214952435.jpg,1410,1
20170429215004487.jpg,1411,1
20170429215007174.jpg,1412,1
20170429215045131.jpg,1413,1
20170429215056224.jpg,1414,1
20170429215113781.jpg,1415,1
20170429215119377.jpg,1416,1
20170429215146617.jpg,1417,1
20170429215147601.jpg,1418,1
20170429215216183.jpg,1419,1
20170429215218066.jpg,1420,1
20170429215311097.jpg,1421,1
20170429215315674.jpg,1422,1
20170429215323608.jpg,1423,1
20170429215326784.jpg,1424,1
20170429215416790.jpg,1425,1
20170429215418505.jpg,1426,1
20170429215529619.jpg,1427,1
20170429215534306.jpg,1428,1
20170429215557695.jpg,1429,1
20170429215559883.jpg,1430,1
20170429215625977.jpg,1431,1
20170429215627504.jpg,1432,1
20170429215702685.jpg,1433,1
20170429215707649.jpg,1434,1
20170429215816257.jpg,1435,1
20170429215822630.jpg,1436,1
20170429215836124.jpg,1437,1
20170429215844860.jpg,1438,1
20170429215912489.jpg,1439,1
20170429215921985.jpg,1440,1
20170429215929548.jpg,1441,1
20170429215936481.jpg,1442,1
20170429220006463.jpg,1443,1
20170429220023817.jpg,1444,1
20170429220026798.jpg,1445,1
20170429220029305.jpg,1446,1
20170429220107485.jpg,1447,1
20170429220110763.jpg,1448,1
20170429220118747.jpg,1449,1
20170429220156336.jpg,1450,1
20170429220204962.jpg,1451,1
20170429220215205.jpg,1452,1
20170429220220001.jpg,1453,1
20170429220311454.jpg,1454,1
20170429220312286.jpg,1455,1
20170429220412774.jpg,1456,1
20170429220419535.jpg,1457,1
20170429220511223.jpg,1458,1
20170429220516378.jpg,1459,1
20170429220620536.jpg,1460,1
20170429220626251.jpg,1461,1
20170429220723517.jpg,1462,1
20170429220728492.jpg,1463,1
20170429220809156.jpg,1464,1
20170429220817171.jpg,1465,1
20170429220826018.jpg,1466,1
20170429220832094.jpg,1467,1
20170429220911457.jpg,1468,1
20170429220923270.jpg,1469,1
20170429220928943.jpg,1470,1
20170429220931403.jpg,1471,1
20170429221028450.jpg,1472,1
20170429221034215.jpg,1473,1
20170429221122514.jpg,1474,1
20170429221136981.jpg,1475,1
20170429221140130.jpg,1476,1
20170429221140502.jpg,1477,1
20170429221244887.jpg,1478,1
20170429221245778.jpg,1479,1
20170429221253283.jpg,1480,1
20170429221335754.jpg,1481,1
20170429221344610.jpg,1482,1
20170429221345193.jpg,1483,1
20170429221348614.jpg,1484,1
20170429221437363.jpg,1485,1
20170429221438480.jpg,1486,1
20170429221447384.jpg,1487,1
20170429221451374.jpg,1488,1
20170429221517229.jpg,1489,1
20170429221520080.jpg,1490,1
20170429221601319.jpg,1491,1
20170429221605827.jpg,1492,1
20170429221635070.jpg,1493,1
20170429221739344.jpg,1494,1
20170429221743324.jpg,1495,1
20170429221751727.jpg,1496,1
20170429221754502.jpg,1497,1
20170429221856724.jpg,1498,1
20170429221907741.jpg,1499,1
20170429221951444.jpg,1500,1
20170429222004396.jpg,1501,1
20170429222055704.jpg,1502,1
20170429222139268.jpg,1503,1
20170429222208486.jpg,1504,1
20170429222219419.jpg,1505,1
20170429222236516.jpg,1506,1
20170429222244101.jpg,1507,1
20170429222306771.jpg,1508,1
20170429222316967.jpg,1509,1
20170429222330975.jpg,1510,1
20170429222336805.jpg,1511,1
20170429222421625.jpg,1512,1
20170429222433397.jpg,1513,1
20170429222435339.jpg,1514,1
20170429222523428.jpg,1515,1
20170429222538933.jpg,1516,1
20170429222540020.jpg,1517,1
20170429222553825.jpg,1518,1
20170429222648443.jpg,1519,1
20170429222656417.jpg,1520,1
20170429222706799.jpg,1521,1
20170429222807282.jpg,1522,1
20170429222810408.jpg,1523,1
20170429222818277.jpg,1524,1
20170429222819822.jpg,1525,1
20170429222924732.jpg,1526,1
20170429222925742.jpg,1527,1
20170429222936535.jpg,1528,1
20170429223025303.jpg,1529,1
20170429223035962.jpg,1530,1
20170429223139158.jpg,1531,1
20170429223148908.jpg,1532,1
20170429223234676.jpg,1533,1
20170429223309129.jpg,1534,1
20170429223418838.jpg,1535,1
20170429223429622.jpg,1536,1
20170429223446341.jpg,1537,1
20170429223552940.jpg,1538,1
20170429223628767.jpg,1539,1
20170429223630839.jpg,1540,1
20170429223644846.jpg,1541,1
20170429223736176.jpg,1542,1
20170429223746769.jpg,1543,1
20170429223751001.jpg,1544,1
20170429223754603.jpg,1545,1
20170429223845045.jpg,1546,1
20170429223858612.jpg,1547,1
20170429223916653.jpg,1548,1
20170429223942395.jpg,1549,1
20170429224003353.jpg,1550,1
20170429224019328.jpg,1551,1
20170429224037690.jpg,1552,1
20170429224052500.jpg,1553,1
20170429224122446.jpg,1554,1
20170429224200524.jpg,1555,1
20170429224204244.jpg,1556,1
20170429224248109.jpg,1557,1
20170429224302682.jpg,1558,1
20170429224308450.jpg,1559,1
20170429224326292.jpg,1560,1
20170429224407389.jpg,1561,1
20170429224415970.jpg,1562,1
20170429224439239.jpg,1563,1
20170429224516433.jpg,1564,1
20170429224523474.jpg,1565,1
20170429224542378.jpg,1566,1
20170429224554063.jpg,1567,1
20170429224622325.jpg,1568,1
20170429224633848.jpg,1569,1
20170429224704335.jpg,1570,1
20170429224744829.jpg,1571,1
20170429224757696.jpg,1572,1
20170429224801527.jpg,1573,1
20170429224804529.jpg,1574,1
20170429225234588.jpg,1575,1
20170429225248404.jpg,1576,1
20170429225351324.jpg,1577,1
20170429225400728.jpg,1578,1
20170429225450389.jpg,1579,1
20170429225458235.jpg,1580,1
20170429225610578.jpg,1581,1
20170429225620953.jpg,1582,1
20170429225712760.jpg,1583,1
20170429225721436.jpg,1584,1
20170429225833583.jpg,1585,1
20170429225842980.jpg,1586,1
20170429225935463.jpg,1587,1
20170429225944443.jpg,1588,1
20170429230100144.jpg,1589,1
20170429230105958.jpg,1590,1
20170429230304964.jpg,1591,1
20170429230310614.jpg,1592,1
20170429230556168.jpg,1593,1
20170429230608129.jpg,1594,1
20170429230701863.jpg,1595,1
20170429230712355.jpg,1596,1
20170429230824879.jpg,1597,1
20170429230835610.jpg,1598,1
20170429231040992.jpg,1599,1
20170429231046998.jpg,1600,1
20170429231120977.jpg,1601,1
20170429231129017.jpg,1602,1
20170429231227144.jpg,1603,1
20170429231230211.jpg,1604,1
20170429231316160.jpg,1605,1
20170429231321260.jpg,1606,1
20170429231407736.jpg,1607,1
20170429231417443.jpg,1608,1
20170429231508234.jpg,1609,1
20170429231511129.jpg,1610,1
20170429231600565.jpg,1611,1
20170429231610484.jpg,1612,1
20170429231658211.jpg,1613,1
20170429231659042.jpg,1614,1
20170429231748898.jpg,1615,1
20170429231752118.jpg,1616,1
20170429231836717.jpg,1617,1
20170429231845378.jpg,1618,1
20170429231929091.jpg,1619,1
20170429231939390.jpg,1620,1
20170429232029890.jpg,1621,1
20170429232041823.jpg,1622,1
20170429232122687.jpg,1623,1
20170429232131033.jpg,1624,1
20170429232230433.jpg,1625,1
20170429232237638.jpg,1626,1
20170429232324229.jpg,1627,1
20170429232335757.jpg,1628,1
20170430141128099.jpg,1629,1
20170430141400934.jpg,972,4
20170430141501215.jpg,1630,1
20170430141507700.jpg,1631,1
20170430141737870.jpg,1632,1
20170430142406984.jpg,964,4
20170430142545713.jpg,1633,1
20170430142552391.jpg,1634,1
20170430143038226.jpg,1635,1
20170430144622359.jpg,1636,1
20170430144951621.jpg,1637,1
20170430145035418.jpg,1638,1
20170430145041016.jpg,1639,1
20170430145132881.jpg,972,4
20170430145139479.jpg,1640,1
20170430145542429.jpg,965,3
20170430145548173.jpg,964,4
20170430150825153.jpg,1641,1
20170430150829830.jpg,1642,1
20170430152852201.jpg,1643,1
20170430152855898.jpg,1644,1
20170430153021069.jpg,1645,1
20170430153022204.jpg,1646,1
20170430153125783.jpg,1647,1
20170430154617342.jpg,1648,1
20170430155331241.jpg,1649,1
20170430160453470.jpg,1650,1
20170430160557030.jpg,1651,1
20170430160739508.jpg,1652,1
20170430173752142.jpg,1653,1
20170430173804702.jpg,1654,1
20170430175727365.jpg,1655,1
20170430175729981.jpg,1656,1
20170430175816621.jpg,1657,1
20170430175820317.jpg,1658,1
20170430175855104.jpg,1659,1
20170430175859077.jpg,1660,1
20170430175927451.jpg,1661,1
20170430175930772.jpg,1662,1
20170430175940285.jpg,1663,1
20170430175942977.jpg,1664,1
20170430180010932.jpg,1665,1
20170430180013771.jpg,1666,1
20170430180149866.jpg,1667,1
20170430180153360.jpg,1668,1
20170430180202271.jpg,1669,1
20170430190713424.jpg,1670,1
20170430190716742.jpg,1671,1
20170430190812305.jpg,1672,1
20170430190906592.jpg,1673,1
20170430190910394.jpg,1674,1
20170430191007590.jpg,1675,1
20170430191106662.jpg,1676,1
20170430191111763.jpg,1677,1
20170430191201662.jpg,1678,1
20170430191205889.jpg,1679,1
20170430191250032.jpg,1680,1
20170430191254633.jpg,1681,1
20170430191337526.jpg,1682,1
20170430191342076.jpg,1683,1
20170430191606380.jpg,1684,1
20170430191609332.jpg,1685,1
20170430191705169.jpg,1686,1
20170430191714281.jpg,1687,1
20170430191802300.jpg,1688,1
20170430191806200.jpg,1689,1
20170430191902376.jpg,1690,1
20170430191908651.jpg,1691,1
20170430191939023.jpg,1692,1
20170430191943009.jpg,1693,1
20170430192421866.jpg,1694,1
20170430192432728.jpg,1695,1
20170430192532548.jpg,1696,1
20170430192538230.jpg,1697,1
20170430192632388.jpg,1698,1
20170430192637690.jpg,1699,1
20170430192742374.jpg,1700,1
20170430192746528.jpg,1701,1
20170430192813426.jpg,1702,1
20170430192923388.jpg,1703,1
20170430192941989.jpg,1704,1
20170430192944581.jpg,1705,1
20170430192959163.jpg,1706,1
20170430193108847.jpg,1707,1
20170430193112535.jpg,1708,1
20170430193204945.jpg,1709,1
20170430193232001.jpg,1710,1
20170430193255619.jpg,1711,1
20170430193300723.jpg,1712,1
20170430193321931.jpg,1713,1
20170430193324325.jpg,1714,1
20170430193353131.jpg,1715,1
20170430193354021.jpg,1716,1
20170430193401074.jpg,1717,1
20170430193405847.jpg,1718,1
20170430193459105.jpg,1719,1
20170430193507438.jpg,1720,1
20170430193513456.jpg,1721,1
20170430193517869.jpg,1722,1
20170430193607059.jpg,1723,1
20170430193616817.jpg,1724,1
20170430193625923.jpg,1725,1
20170430193633977.jpg,1726,1
20170430193646374.jpg,1727,1
20170430193710265.jpg,1728,1
20170430193718351.jpg,1729,1
20170430193736644.jpg,1730,1
20170430193738751.jpg,1731,1
20170430193824742.jpg,1732,1
20170430193829449.jpg,1733,1
20170430193849906.jpg,1734,1
20170430193855502.jpg,1735,1
20170430193930489.jpg,1736,1
20170430193938725.jpg,1737,1
20170430194128267.jpg,1738,1
20170430194158570.jpg,1739,1
20170430194228694.jpg,1740,1
20170430194239469.jpg,1741,1
20170430194325280.jpg,1742,1
20170430194330581.jpg,1743,1
20170430194549413.jpg,1744,1
20170430194658679.jpg,1745,1
20170430194805843.jpg,1746,1
20170430194811993.jpg,1747,1
20170430194922807.jpg,1748,1
20170430195017757.jpg,1749,1
20170430195020637.jpg,1750,1
20170430195026297.jpg,1751,1
20170430195029407.jpg,1752,1
20170430195100346.jpg,1753,1
20170430195124766.jpg,1754,1
20170430195129254.jpg,1755,1
20170430195148811.jpg,1756,1
20170430195157992.jpg,1757,1
20170430195202479.jpg,1758,1
20170430195208274.jpg,1759,1
20170430195215780.jpg,1760,1
20170430195236495.jpg,1761,1
20170430195240385.jpg,1762,1
20170430195329560.jpg,1763,1
20170430195329598.jpg,1764,1
20170430195342147.jpg,1765,1
20170430195345823.jpg,1766,1
20170430195408430.jpg,1767,1
20170430195412347.jpg,1768,1
20170430195458005.jpg,1769,1
20170430195502419.jpg,1770,1
20170430195507023.jpg,1771,1
20170430195511875.jpg,1772,1
20170430195620250.jpg,1773,1
20170430195631296.jpg,1774,1
20170430195639622.jpg,1775,1
20170430195726725.jpg,1776,1
20170430195738065.jpg,1777,1
20170430195742603.jpg,1778,1
20170430195829731.jpg,1779,1
20170430195838881.jpg,1780,1
20170430195914892.jpg,1781,1
20170430195959787.jpg,1782,1
20170430200001876.jpg,1783,1
20170430200108000.jpg,1784,1
20170430200115232.jpg,1785,1
20170430200124423.jpg,1786,1
20170430200130967.jpg,1787,1
20170430200148818.jpg,1788,1
20170430200153873.jpg,1789,1
20170430200202781.jpg,1790,1
20170430200207432.jpg,1791,1
20170430200239845.jpg,1792,1
20170430200245076.jpg,1793,1
20170430200313610.jpg,1794,1
20170430200326292.jpg,1795,1
20170430200327049.jpg,1796,1
20170430200328771.jpg,1797,1
20170430200406558.jpg,1798,1
20170430200410145.jpg,1799,1
20170430200418746.jpg,1800,1
20170430200430297.jpg,1801,1
20170430200432406.jpg,1802,1
20170430200453150.jpg,1803,1
20170430200519513.jpg,1804,1
20170430200525077.jpg,1805,1
20170430200542392.jpg,1806,1
20170430200546082.jpg,1807,1
20170430200610488.jpg,1808,1
20170430200643256.jpg,1809,1
20170430200645200.jpg,1810,1
20170430200717384.jpg,1811,1
20170430200740543.jpg,1812,1
20170430200752110.jpg,1813,1
20170430200759773.jpg,1814,1
20170430200802277.jpg,1815,1
20170430200840082.jpg,1816,1
20170430200842654.jpg,1817,1
20170430200908093.jpg,1818,1
20170430200912409.jpg,1819,1
20170430200921962.jpg,1820,1
20170430200924139.jpg,1821,1
20170430200958222.jpg,1822,1
20170430200959365.jpg,1823,1
20170430201006499.jpg,1824,1
20170430201007090.jpg,1825,1
20170430201016828.jpg,1826,1
20170430201050126.jpg,1827,1
20170430201052420.jpg,1828,1
20170430201102868.jpg,1829,1
20170430201106080.jpg,1830,1
20170430201121491.jpg,1831,1
20170430201123607.jpg,1832,1
20170430201144335.jpg,1833,1
20170430201146788.jpg,1834,1
20170430201203478.jpg,1835,1
20170430201208792.jpg,1836,1
20170430201242535.jpg,1837,1
20170430201247723.jpg,1838,1
20170430201256556.jpg,1839,1
20170430201303979.jpg,1840,1
20170430201323898.jpg,1841,1
20170430201327496.jpg,1842,1
20170430201402386.jpg,1843,1
20170430201405963.jpg,1844,1
20170430201414723.jpg,1845,1
20170430201424559.jpg,1846,1
20170430201528262.jpg,1847,1
20170430201632652.jpg,1848,1
20170430201716105.jpg,1849,1
20170430201806128.jpg,1850,1
20170430202041924.jpg,1851,1
20170430202143461.jpg,1852,1
20170430202244071.jpg,1853,1
20170430202442721.jpg,1854,1
20170430202657958.jpg,1855,1
20170430203018290.jpg,1856,1
20170430203932432.jpg,1857,1
20170430203940002.jpg,1858,1
20170430204301874.jpg,1859,1
20170430204352793.jpg,1860,1
20170430204716484.jpg,1861,1
20170430205155457.jpg,1862,1
20170430205404105.jpg,1863,1
20170430205410866.jpg,1864,1
20170502002324525.jpg,1865,1
20170519153205498.jpg,1866,1
20170521005649670.jpg,1867,1
20170521011801513.jpg,1868,1
20170602091433895.jpg,1869,1
20170609165224650.jpg,1870,1
007-2809-100.jpg,1871,1
007-2811-100.jpg,1872,1
007-2812-100.jpg,1873,1
007-2814-100.jpg,1874,1
007-2815-100.jpg,1875,1
007-2823-100.jpg,1876,1
007-2824-100.jpg,1877,1
007-2830-100.jpg,1878,1
007-2831-100.jpg,1879,1
007-2834-100.jpg,1880,1
007-2835-100.jpg,1881,1
007-2836-100.jpg,1882,1
007-2837-100.jpg,1883,1
007-2839-100.jpg,1884,1
007-2840-100.jpg,1885,1
007-2841-100.jpg,1886,1
007-2842-100.jpg,1887,1
007-2843-100.jpg,1888,1
007-2844-100.jpg,1889,1
007-2845-100.jpg,1890,1
007-2846-100.jpg,1891,1
007-2848-100.jpg,1892,1
007-2852-100.jpg,1893,1
007-2856-100.jpg,1894,1
007-2859-100.jpg,1895,1
007-2865-100.jpg,1896,1
007-2867-100.jpg,1897,1
007-2877-100.jpg,1898,1
007-2878-100.jpg,1899,1
007-2879-100.jpg,1900,1
007-2880-100.jpg,1901,1
007-2882-100.jpg,1902,1
007-2883-100.jpg,1903,1
007-2884-100.jpg,1904,1
007-2885-100.jpg,1905,1
007-2889-100.jpg,1906,1
007-2890-100.jpg,1907,1
007-2891-100.jpg,1908,1
007-2892-100.jpg,1909,1
007-2906-100.jpg,1910,1
007-2907-100.jpg,1911,1
007-2908-100.jpg,1912,1
007-2911-100.jpg,1913,1
007-2920-100.jpg,1914,1
007-2922-100.jpg,1915,1
007-2936-100.jpg,1916,1
007-2938-100.jpg,1917,1
007-2945-100.jpg,1918,1
007-2953-100.jpg,1919,1
007-2960-100.jpg,1920,1
007-2961-100.jpg,1921,1
007-2962-100.jpg,1922,1
007-2963-100.jpg,1923,1
007-2976-100.jpg,1924,1
007-2981-100.jpg,1925,1
007-2983-100.jpg,1926,1
007-2985-100.jpg,1927,1
007-2986-100.jpg,1928,1
007-2988-100.jpg,1929,1
007-2990-100.jpg,1930,1
007-2998-100.jpg,1931,1
007-3008-100.jpg,1932,1
007-3009-100.jpg,1933,1
007-3019-100.jpg,1934,1
007-3023-100.jpg,1935,1
007-3029-100.jpg,1936,1
007-3033-100.jpg,1937,1
007-3034-100.jpg,1938,1
007-3036-100.jpg,1939,1
007-3038-100.jpg,1940,1
007-3039-100.jpg,1941,1
007-3040-100.jpg,1942,1
007-3041-100.jpg,1943,1
007-3042-100.jpg,1944,1
007-3043-100.jpg,1945,1
007-3044-100.jpg,1946,1
007-3045-100.jpg,1947,1
007-3047-100.jpg,1948,1
007-3048-100.jpg,1949,1
007-3050-100.jpg,1950,1
007-3051-100.jpg,1951,1
007-3052-100.jpg,1952,1
007-3059-100.jpg,1953,1
007-3061-100.jpg,1954,1
007-3062-100.jpg,1955,1
007-3064-100.jpg,1956,1
007-3068-100.jpg,1957,1
007-3069-100.jpg,1958,1
007-3075-100.jpg,1959,1
007-3081-100.jpg,1960,1
007-3082-100.jpg,1961,1
007-3083-100.jpg,1962,1
007-3084-100.jpg,1963,1
007-3088-100.jpg,1964,1
007-3089-100.jpg,1965,1
007-3090-100.jpg,1966,1
007-3094-100.jpg,1967,1
007-3095-100.jpg,1968,1
007-3096-100.jpg,1969,1
007-3100-100.jpg,1970,1
007-3101-100.jpg,1971,1
007-3102-100.jpg,1972,1
007-3103-100.jpg,1973,1
007-3104-100.jpg,1974,1
007-3105-100.jpg,1975,1
007-3119-100.jpg,1976,1
007-3120-100.jpg,1977,1
007-3128-100.jpg,1978,1
007-3132-100.jpg,1979,1
007-3146-100.jpg,1980,1
007-3158-100.jpg,1981,1
007-3169-100.jpg,1982,1
007-3170-100.jpg,1983,1
007-3172-100.jpg,1984,1
007-3173-100.jpg,1985,1
007-3174-100.jpg,1986,1
007-3179-100.jpg,1987,1
007-3180-100.jpg,1988,1
007-3181-100.jpg,1989,1
007-3184-100.jpg,1990,1
007-3185-100.jpg,1991,1
007-3189-100.jpg,1992,1
007-3200-100.jpg,1993,1
007-3201-100.jpg,1994,1
007-3209-100.jpg,1995,1
007-3210-100.jpg,1996,1
007-3212-100.jpg,1997,1
007-3213-100.jpg,1998,1
007-3216-100.jpg,1999,1
007-3217-100.jpg,2000,1
007-3225-100.jpg,2001,1
007-3231-100.jpg,2002,1
007-3237-100.jpg,2003,1
007-3238-100.jpg,2004,1
007-3239-100.jpg,2005,1
007-3240-100.jpg,2006,1
007-3242-100.jpg,2007,2
007-3245-100.jpg,2008,1
007-3246-100.jpg,2009,1
007-3248-100.jpg,2010,1
007-3250-100.jpg,2011,1
007-3251-100.jpg,2012,1
007-3253-100.jpg,2013,1
007-3254-100.jpg,2014,1
007-3255-100.jpg,2015,1
007-3259-100.jpg,2016,1
007-3260-100.jpg,2017,1
007-3261-100.jpg,2018,1
007-3267-100.jpg,2019,1
007-3272-100.jpg,2020,1
007-3273-100.jpg,2021,1
007-3275-100.jpg,2022,1
007-3276-100.jpg,2023,1
007-3278-100.jpg,2024,1
007-4035-200.jpg,2025,1
007-5436-300.jpg,2026,1
20170502161756207.jpg,2027,1
20170503090942880.jpg,2028,1
20170504101207303.jpg,2029,1
20170510082538687.jpg,2030,1
20170510235945071.jpg,2031,1
20170511155152663.jpg,2032,1
20170511160808082.jpg,2033,1
20170511170800183.jpg,2034,1
20170516160126110.jpg,2035,1
20170517095552898.jpg,2036,1
20170518171333730.jpg,2037,1
20170519153500194.jpg,2038,1
20170521094903529.jpg,2039,1
20170522165511476.jpg,2040,1
20170527183633885.jpg,2041,1
20170602084034474.jpg,2042,1
20170605153241003.jpg,2043,1
20170609090537957.jpg,2044,1
20170609152303463.jpg,2045,1
20170609154552424.jpg,2046,1
20170610090813812.jpg,2047,1
20170613150734900.jpg,2048,1
20170614102011786.jpg,2049,1
20170615110200358.jpg,2050,1
20170615114500999.jpg,2051,1
20170615145539585.jpg,2052,1
20170616125321132.jpg,2053,1
20170617103821616.jpg,2054,1
20170625202046477.jpg,2055,1
20170627101206389.jpg,2056,1
20170627113846114.jpg,2057,1
20170627174255795.jpg,2058,1
20170627192035083.jpg,2059,1
007-5953-300.jpg,2060,1
007-5954-300.jpg,2061,1
007-5955-300.jpg,2062,1
007-5956-300.jpg,2063,1
007-5957-300.jpg,2064,1
007-5958-300.jpg,2065,1
007-5959-300.jpg,2066,1
007-5960-300.jpg,2067,1
007-5961-300.jpg,2068,1
007-5962-300.jpg,2069,1
007-5967-300.jpg,2070,1
007-5968-300.jpg,2071,1
007-5969-300.jpg,2072,1
007-5970-300.jpg,2073,1
007-5971-300.jpg,2074,1
007-5974-300.jpg,2075,1
007-5976-300.jpg,2076,1
007-5977-300.jpg,2077,1
007-5979-300.jpg,2078,1
007-5980-300.jpg,2079,1
007-5981-300.jpg,2080,1
007-5982-300.jpg,2081,1
007-5983-300.jpg,2082,1
007-5984-300.jpg,2083,1
007-5985-300.jpg,2084,1
007-5986-300.jpg,2085,1
007-5989-300.jpg,2086,1
007-5990-300.jpg,2087,1
007-5991-300.jpg,2088,1
007-5992-300.jpg,2089,1
007-5994-300.jpg,2090,1
007-5995-300.jpg,2091,1
007-5997-300.jpg,2092,1
007-5998-300.jpg,2093,1
007-6001-300.jpg,2094,1
007-6004-300.jpg,2095,1
007-6005-300.jpg,2096,1
007-6006-300.jpg,2097,1
007-6007-300.jpg,2098,1
007-6008-300.jpg,2099,1
007-6009-300.jpg,2100,1
007-6012-300.jpg,2101,1
007-6013-300.jpg,2102,1
007-6014-300.jpg,2103,1
007-6015-300.jpg,2104,1
007-6016-300.jpg,2105,1
007-6017-300.jpg,2106,1
007-6018-300.jpg,2107,1
007-6020-300.jpg,2108,1
007-6022-300.jpg,2109,1
007-6023-300.jpg,2110,1
007-6024-300.jpg,2111,1
007-6025-300.jpg,2112,1
007-6026-300.jpg,2113,1
007-6027-300.jpg,2114,1
007-6028-300.jpg,2115,1
007-6029-300.jpg,2116,1
007-6030-300.jpg,2117,1
007-6031-300.jpg,2118,1
007-6032-300.jpg,2119,1
007-6033-300.jpg,2120,1
007-6034-300.jpg,2121,1
007-6035-300.jpg,2122,1
007-6040-300.jpg,2123,1
007-6041-300.jpg,2124,1
007-6042-300.jpg,2125,1
007-6043-300.jpg,2126,1
007-6044-300.jpg,2127,1
007-6045-300.jpg,2128,1
007-6046-300.jpg,2129,1
007-6047-300.jpg,2130,1
007-6048-300.jpg,2131,1
007-6049-300.jpg,2132,1
007-6050-300.jpg,2133,1
007-6051-300.jpg,2134,1
007-6052-300.jpg,2135,1
007-6053-300.jpg,2136,1
007-6054-300.jpg,2137,1
007-6055-300.jpg,2138,1
007-6056-300.jpg,2139,1
007-6057-300.jpg,2140,1
007-6058-300.jpg,2141,1
007-6059-300.jpg,2142,1
007-6060-300.jpg,2143,1
007-6061-300.jpg,2144,1
007-6062-300.jpg,2145,1
007-6063-300.jpg,2146,1
007-6064-300.jpg,2147,1
007-6065-300.jpg,2148,1
007-6066-300.jpg,2149,1
007-6067-300.jpg,2150,1
007-6068-300.jpg,2151,1
007-6069-300.jpg,2152,1
007-6070-300.jpg,2153,1
007-6071-300.jpg,2154,1
007-6072-300.jpg,2155,1
007-6073-300.jpg,2156,1
007-6075-300.jpg,2157,1
007-6076-300.jpg,2158,1
007-6077-300.jpg,2159,1
007-6078-300.jpg,2160,1
007-6079-300.jpg,2161,1
007-6080-300.jpg,2162,1
007-6081-300.jpg,2163,1
007-6082-300.jpg,2164,1
007-6083-300.jpg,2165,1
007-6084-300.jpg,2166,1
007-6085-300.jpg,2167,1
007-6086-300.jpg,2168,1
007-6087-300.jpg,2169,1
007-6088-300.jpg,2170,1
007-6089-300.jpg,2171,1
007-6090-300.jpg,2172,1
007-6091-300.jpg,2173,1
007-6092-300.jpg,2174,1
007-6095-300.jpg,2175,1
007-6096-300.jpg,2176,1
007-6097-300.jpg,2177,1
007-6098-300.jpg,2178,1
007-6099-300.jpg,2179,1
007-6100-300.jpg,2180,1
007-6101-300.jpg,2181,1
007-6103-300.jpg,2182,1
007-6104-300.jpg,2183,1
007-6105-300.jpg,2184,1
007-6106-300.jpg,2185,1
007-6107-300.jpg,2186,1
007-6108-300.jpg,2187,1
007-6109-300.jpg,2188,1
007-6110-300.jpg,2189,1
007-6111-300.jpg,2190,1
007-6112-300.jpg,2191,1
007-6113-300.jpg,2192,1
007-6114-300.jpg,2193,1
007-6115-300.jpg,2194,1
007-6116-300.jpg,2195,1
007-6117-300.jpg,2196,1
007-6118-300.jpg,2197,1
007-6119-300.jpg,2198,1
007-6120-300.jpg,2199,1
007-6121-300.jpg,2200,1
007-6122-300.jpg,2201,1
007-6125-300.jpg,2202,1
007-6126-300.jpg,2203,1
007-6127-300.jpg,2204,1
007-6128-300.jpg,2205,1
007-6129-300.jpg,2206,1
007-6130-300.jpg,2207,1
007-6131-300.jpg,2208,1
007-6133-300.jpg,2209,1
007-6134-300.jpg,2210,1
007-6135-300.jpg,2211,1
007-6136-300.jpg,2212,1
007-6137-300.jpg,2213,1
007-6138-300.jpg,2214,1
007-6139-300.jpg,2215,1
007-6140-300.jpg,2216,1
007-6141-300.jpg,2217,1
007-6143-300.jpg,2218,1
007-6144-300.jpg,2219,1
007-6146-300.jpg,2220,1
007-6147-300.jpg,2221,1
007-6149-300.jpg,2222,1
007-6150-300.jpg,2223,1
007-6151-300.jpg,2224,1
007-6152-300.jpg,2225,1
007-6153-300.jpg,2226,1
007-6154-300.jpg,2227,1
007-6155-300.jpg,2228,1
007-6156-300.jpg,2229,1
007-6157-300.jpg,2230,1
007-6158-300.jpg,2231,1
007-6159-300.jpg,2232,1
007-6161-300.jpg,2233,1
007-6162-300.jpg,2234,1
007-6163-300.jpg,2235,1
007-6165-300.jpg,2236,1
007-6166-300.jpg,2237,1
007-6167-300.jpg,2238,1
007-6168-300.jpg,2239,1
007-6169-300.jpg,2240,1
007-6170-300.jpg,2241,1
007-6171-300.jpg,2242,1
007-6172-300.jpg,2243,1
007-6173-300.jpg,2244,1
007-6174-300.jpg,2245,1
007-6177-300.jpg,2246,1
007-6178-300.jpg,2247,1
007-6179-300.jpg,2248,1
007-6180-300.jpg,2249,1
007-6181-300.jpg,2250,1
007-6182-300.jpg,2251,1
007-6183-300.jpg,2252,1
007-6184-300.jpg,2253,1
007-6185-300.jpg,2254,1
007-6186-300.jpg,2255,1
007-6189-300.jpg,2256,1
007-6190-300.jpg,2257,1
007-6192-300.jpg,2258,1
007-6193-300.jpg,2259,1
007-6194-300.jpg,2260,1
007-6195-300.jpg,2261,1
007-6196-300.jpg,2262,1
007-6197-300.jpg,2263,1
007-6199-300.jpg,2264,1
007-6200-300.jpg,2265,1
007-6201-300.jpg,2266,1
007-6202-300.jpg,2267,1
007-6203-300.jpg,2268,1
007-6204-300.jpg,2269,1
007-6206-300.jpg,2270,1
007-6207-300.jpg,2271,1
007-6208-300.jpg,2272,1
007-6209-300.jpg,2273,1
007-6210-300.jpg,2274,1
007-6211-300.jpg,2275,1
007-6212-300.jpg,2276,1
007-6215-300.jpg,2277,1
007-6217-300.jpg,2278,1
007-6220-300.jpg,2279,1
007-6222-300.jpg,2280,1
007-6223-300.jpg,2281,1
007-6224-300.jpg,2282,1
007-6225-300.jpg,2283,1
007-6227-300.jpg,2284,1
007-6228-300.jpg,2285,1
007-6229-300.jpg,2286,1
007-6231-300.jpg,2287,1
007-6232-300.jpg,2288,1
007-6233-300.jpg,2289,1
007-6234-300.jpg,2290,1
007-6235-300.jpg,2291,1
007-6236-300.jpg,2292,1
007-6237-300.jpg,2293,1
007-6238-300.jpg,2294,1
007-6240-300.jpg,2295,1
007-6241-300.jpg,2296,1
007-6242-300.jpg,2297,1
007-6243-300.jpg,2298,1
007-6245-300.jpg,2299,1
007-6246-300.jpg,2300,1
007-6247-300.jpg,2301,1
007-6248-300.jpg,2302,1
007-6249-300.jpg,2303,1
007-6250-300.jpg,2304,1
007-6251-300.jpg,2305,1
007-6252-300.jpg,2306,1
007-6253-300.jpg,2307,1
007-6255-300.jpg,2308,1
007-6256-300.jpg,2309,1
007-6257-300.jpg,2310,1
007-6258-300.jpg,2311,1
007-6259-300.jpg,2312,1
007-6260-300.jpg,2313,1
007-6261-300.jpg,2314,1
007-6262-300.jpg,2315,1
007-6272-300.jpg,2316,1
007-6273-300.jpg,2317,1
007-6274-300.jpg,2318,1
007-6275-300.jpg,2319,1
007-6277-300.jpg,2320,1
007-6278-300.jpg,2321,1
007-6279-300.jpg,2322,1
007-6280-300.jpg,2323,1
007-6281-300.jpg,2324,1
007-6282-300.jpg,2325,1
007-6283-300.jpg,2326,1
007-6317-400.jpg,2327,1
007-6319-400.jpg,2328,1
007-6386-400.jpg,2329,1
007-6400-400.jpg,2330,1
007-6487-400.jpg,2331,1
007-6544-400.jpg,2332,1
007-6726-400.jpg,2333,1
007-6733-400.jpg,2334,1
007-6739-400.jpg,2335,1
007-6744-400.jpg,2336,1
007-6866-400.jpg,2337,1
007-6907-400.jpg,2338,1
007-6960-400.jpg,2339,1
007-6996-400.jpg,2340,1
007-7051-400.jpg,2341,1
007-7101-400.jpg,2342,1
007-7269-601.jpg,2343,1
007-7343-601.jpg,2344,1
007-7352-601.jpg,2345,1
007-7379-601.jpg,2346,1
007-7403-601.jpg,2347,1
007-7424-601.jpg,2348,1
007-7477-601.jpg,2349,1
007-7479-601.jpg,2350,1
007-7486-601.jpg,2351,1
007-7496-601.jpg,2352,1
007-7498-601.jpg,2353,1
007-7499-601.jpg,2354,2
007-7500-601.jpg,2355,1
007-7504-601.jpg,2356,1
007-7527-601.jpg,2357,1
007-7534-601.jpg,2358,1
007-7535-601.jpg,2359,1
007-7536-601.jpg,2360,1
007-7546-601.jpg,2361,1
007-7554-601.jpg,2362,1
007-7573-601.jpg,2363,1
007-7594-601.jpg,2364,1
007-7595-601.jpg,2365,1
007-7596-601.jpg,2366,1
007-7601-601.jpg,2367,1
007-7605-601.jpg,2368,1
007-7631-601.jpg,2369,1
007-7662-601.jpg,2370,1
007-7666-601.jpg,2371,1
007-7701-601.jpg,2372,1
007-7707-601.jpg,2373,1
007-7729-601.jpg,2374,1
007-7743-601.jpg,2375,1
007-7751-601.jpg,2376,1
007-7752-601.jpg,2377,1
007-7753-601.jpg,2378,1
007-7762-601.jpg,2379,1
007-7764-601.jpg,2380,1
007-7768-601.jpg,2381,1
007-7772-601.jpg,2382,1
007-7773-601.jpg,2383,1
007-7823-601.jpg,2384,1
007-7854-601.jpg,2385,1
007-7856-601.jpg,2386,1
007-7870-601.jpg,2387,1
007-7874-601.jpg,2388,1
007-7887-601.jpg,2389,1
007-7911-601.jpg,2390,1
007-7919-601.jpg,2391,1
007-7947-601.jpg,2392,1
007-7952-601.jpg,2393,1
007-7958-601.jpg,2394,1
007-7962-601.jpg,2395,1
007-7965-601.jpg,2396,1
007-7967-601.jpg,2397,1
007-7991-601.jpg,2398,1
007-8005-601.jpg,2399,1
007-8006-601.jpg,2400,1
007-8010-601.jpg,2401,1
007-8028-601.jpg,2402,1
007-8039-601.jpg,2403,1
007-8066-601.jpg,2404,1
007-8070-601.jpg,2405,1
007-8079-601.jpg,2406,1
007-8089-601.jpg,2407,1
007-8149-601.jpg,2408,1
007-8170-601.jpg,2409,1
007-8171-601.jpg,2410,1
007-8189-601.jpg,2411,1
007-8204-601.jpg,2412,1
007-8259-602.jpg,2413,1
007-8268-602.jpg,2414,1
007-8304-602.jpg,2415,1
007-8312-602.jpg,2416,1
007-8316-602.jpg,2417,1
007-8321-602.jpg,2418,1
007-8369-603.jpg,2419,1
007-8389-603.jpg,2420,1
007-8400-603.jpg,2421,1
007-8405-603.jpg,2422,1
007-8406-603.jpg,2423,1
007-8407-603.jpg,2424,1
007-8408-603.jpg,2425,1
007-8412-603.jpg,2426,1
007-8414-603.jpg,2427,1
007-8417-603.jpg,2428,1
007-8424-603.jpg,2429,1
007-8426-603.jpg,2430,1
007-8428-603.jpg,2431,1
007-8456-603.jpg,2432,1
007-8485-604.jpg,2433,1
007-8491-604.jpg,2434,1
007-8530-604.jpg,2435,1
007-8531-604.jpg,2436,1
007-8545-604.jpg,2437,1
007-8573-604.jpg,2438,1
007-8585-604.jpg,2439,1
007-8609-605.jpg,2440,1
007-8637-605.jpg,2441,1
007-8653-605.jpg,2442,1
007-8736-605.jpg,2443,1
007-8764-605.jpg,2444,1
007-8798-605.jpg,2445,1
007-8852-605.jpg,2446,1
20170501232731664.jpg,2447,1
20170501232735328.jpg,2448,1
20170501232823085.jpg,2449,1
20170501232833655.jpg,2450,1
20170501234659104.jpg,2451,1
20170501235455424.jpg,2452,1
20170502000225658.jpg,2453,1
20170502000228274.jpg,2454,1
20170502000649856.jpg,2455,1
20170502081723288.jpg,2456,1
20170502084858430.jpg,2457,1
20170502085446271.jpg,2458,1
20170502085516832.jpg,2459,1
20170502091525413.jpg,2460,1
20170502092649506.jpg,2461,1
20170502092651558.jpg,2462,1
20170502095043169.jpg,2463,1
20170502095044024.jpg,2464,1
20170502095138326.jpg,2465,1
20170502095651084.jpg,2466,1
20170502112049025.jpg,2467,1
20170502112049508.jpg,2468,1
20170502140919286.jpg,2469,1
20170502140921479.jpg,2470,1
20170502144544291.jpg,2471,1
20170502160448139.jpg,2472,1
20170502160448258.jpg,2473,1
20170502160732440.jpg,2474,1
20170502160732595.jpg,2475,1
20170502161755715.jpg,2476,1
20170502204843387.jpg,2477,1
20170503083257799.jpg,2478,1
20170503085747511.jpg,2479,1
20170503090306902.jpg,2480,1
20170503090730660.jpg,2481,1
20170503090730862.jpg,2482,1
20170503093503991.jpg,2483,1
20170503093529661.jpg,2484,1
20170503093557128.jpg,2485,1
20170503160817592.jpg,2486,1
20170503161012969.jpg,2487,1
20170503161702100.jpg,2488,1
20170503161702278.jpg,2489,1
20170503161821878.jpg,2490,1
20170503161821997.jpg,2491,1
20170503172654258.jpg,2492,1
20170503192804965.jpg,2493,1
20170504094058352.jpg,2494,1
20170504101454178.jpg,2495,1
20170504102303706.jpg,2496,1
20170504113211152.jpg,2497,1
20170504113211634.jpg,2498,1
20170504152654027.jpg,2499,1
20170504152732434.jpg,2500,1
20170504152807089.jpg,2501,1
20170504154837541.jpg,2502,1
20170504165902335.jpg,2503,1
20170504192518164.jpg,2504,1
20170504201513545.jpg,2505,1
20170504211026647.jpg,2506,1
20170504235109239.jpg,2507,1
20170505093903390.jpg,2508,1
20170505094751770.jpg,2509,1
20170505094752269.jpg,2510,1
20170505100939670.jpg,2511,1
20170505100940129.jpg,2512,1
20170505113156680.jpg,2513,1
20170505142933410.jpg,2514,1
20170505142937028.jpg,2515,1
20170505143012060.jpg,2516,1
20170505143145689.jpg,2517,1
20170505143535911.jpg,2518,1
20170505155403883.jpg,2519,1
20170505161143089.jpg,2520,1
20170505163758832.jpg,2521,1
20170505181200498.jpg,2522,1
20170506084439766.jpg,2523,1
20170506084444579.jpg,2524,1
20170506084941627.jpg,2525,1
20170506085734414.jpg,2526,1
20170506090015091.jpg,2527,1
20170506090019590.jpg,2528,1
20170506102441386.jpg,2529,1
20170506144601373.jpg,2530,1
20170506144904972.jpg,2531,1
20170506145433804.jpg,2532,1
20170506145800094.jpg,2533,1
20170506154237008.jpg,2534,1
20170508080706321.jpg,2535,1
20170508093934243.jpg,2536,1
20170508100004333.jpg,2537,1
20170508100748104.jpg,2538,1
20170508100750271.jpg,2539,1
20170508101047342.jpg,2540,1
20170508101232838.jpg,2541,1
20170508101423579.jpg,2542,1
20170508101717694.jpg,2543,1
20170508102507631.jpg,2544,1
20170508102511803.jpg,2545,1
20170508105008458.jpg,2546,1
20170508162307395.jpg,2547,1
20170508162614605.jpg,2548,1
20170508162844076.jpg,2549,1
20170508163653358.jpg,2550,1
20170508165808866.jpg,2551,1
20170508222445492.jpg,2552,1
20170508222739885.jpg,2553,1
20170508224540384.jpg,2554,1
20170509080348495.jpg,2555,1
20170509081746415.jpg,2556,1
20170509090228769.jpg,2557,1
20170509092532699.jpg,2558,1
20170509092533246.jpg,2559,1
20170509100155767.jpg,2560,1
20170509100157978.jpg,2561,1
20170509110625480.jpg,2562,1
20170509113000522.jpg,2563,1
20170509155323919.jpg,2564,1
20170509155324396.jpg,2565,1
20170509155418870.jpg,2566,1
20170509162056178.jpg,2567,1
20170509162056348.jpg,2568,1
20170509163628483.jpg,2569,1
20170509163628989.jpg,2570,1
20170510083555432.jpg,2571,1
20170510084311756.jpg,2572,1
20170510100244835.jpg,2573,1
20170510113149711.jpg,2574,1
20170510143620749.jpg,2575,1
20170510143849590.jpg,2576,1
20170510144008679.jpg,2577,1
20170510144009153.jpg,2578,1
20170510151953869.jpg,2579,1
20170510152714859.jpg,2580,1
20170510152714920.jpg,2581,1
20170510164850027.jpg,2582,1
20170510182408334.jpg,2583,1
20170511082348044.jpg,2584,1
20170511082348807.jpg,2585,1
20170511083029837.jpg,2586,1
20170511104731904.jpg,2587,1
20170511113811780.jpg,2588,1
20170511141336893.jpg,2589,1
20170511145007873.jpg,2590,1
20170511145023915.jpg,2591,1
20170511151338540.jpg,2592,1
20170511152606497.jpg,2593,1
20170511152728021.jpg,2594,1
20170511154953819.jpg,2595,1
20170511160517775.jpg,2596,1
20170511160523116.jpg,2597,1
20170511162520718.jpg,2598,1
20170511162525215.jpg,2599,1
20170511164336476.jpg,2600,1
20170511164438689.jpg,2601,1
20170511165131868.jpg,2602,1
20170511170843008.jpg,2603,1
20170511173525601.jpg,2604,1
20170511173940961.jpg,2605,1
20170511181619710.jpg,2606,1
20170511181632501.jpg,2607,1
20170511191633744.jpg,2608,1
20170511194004638.jpg,2609,1
20170511205005408.jpg,2610,1
20170511205922006.jpg,2611,1
20170511224838938.jpg,2612,1
20170511224846523.jpg,2613,1
20170511225831900.jpg,2614,1
20170512102006829.jpg,2615,1
20170512113613493.jpg,2616,1
20170512113631251.jpg,2617,1
20170512113633462.jpg,2618,1
20170512113813694.jpg,2619,1
20170512114146575.jpg,2620,1
20170512114321485.jpg,2621,1
20170512114815356.jpg,2622,1
20170512120618922.jpg,2623,1
20170512123420362.jpg,2624,1
20170512123426558.jpg,2625,1
20170512131430223.jpg,2626,1
20170512134214478.jpg,2627,1
20170512160521256.jpg,2628,1
20170512164041374.jpg,2629,1
20170512164458754.jpg,2630,1
20170512224117149.jpg,2631,1
20170512225813757.jpg,2632,1
20170512230424862.jpg,2633,1
20170512230427333.jpg,2634,1
20170512230840743.jpg,2635,1
20170512231011621.jpg,2636,1
20170514222048149.jpg,2637,1
20170514222246265.jpg,2638,1
20170514222421801.jpg,2639,1
20170514222515286.jpg,2640,1
20170515092404420.jpg,2641,1
20170515124124226.jpg,2642,1
20170515125523780.jpg,2643,1
20170515153131779.jpg,2644,1
20170515154652425.jpg,2645,1
20170515161313257.jpg,2646,1
20170515164700647.jpg,2647,1
20170515164713160.jpg,2648,1
20170515164805618.jpg,2649,1
20170515172130361.jpg,2650,1
20170515172441069.jpg,2651,1
20170515172948684.jpg,2652,1
20170515172948707.jpg,2653,1
20170515204056119.jpg,2654,1
20170516092409004.jpg,2655,1
20170516095102020.jpg,2656,1
20170516095250066.jpg,2657,1
20170516095416106.jpg,2658,1
20170516103917519.jpg,2659,1
20170516105337859.jpg,2660,1
20170516150503170.jpg,2661,1
20170516163623154.jpg,2662,1
20170516171812075.jpg,2663,1
20170516201510046.jpg,2664,1
20170517092841210.jpg,2665,1
20170517093220898.jpg,2666,1
20170517093712832.jpg,2667,1
20170517093748842.jpg,2668,1
20170517100810954.jpg,2669,1
20170517104347160.jpg,2670,1
20170517104426637.jpg,2671,1
20170517104642882.jpg,2672,1
20170517105302723.jpg,2673,1
20170517112902745.jpg,2674,1
20170517121103651.jpg,2675,1
20170517144601364.jpg,2676,1
20170517151003748.jpg,2677,1
20170517153024404.jpg,2678,1
20170517153118932.jpg,2679,1
20170517153223360.jpg,2680,1
20170517163701949.jpg,2681,1
20170517163822454.jpg,2682,1
20170517171348722.jpg,2683,1
20170517171357632.jpg,2684,1
20170517172209323.jpg,2685,1
20170517172217788.jpg,2686,1
20170518092011904.jpg,2687,1
20170518092223117.jpg,2688,1
20170518092605842.jpg,2689,1
20170518093625661.jpg,2690,1
20170518101531126.jpg,2691,1
20170518102353294.jpg,2692,1
20170518102353782.jpg,2693,1
20170518104749112.jpg,2694,1
20170518104749319.jpg,2695,1
20170518111418648.jpg,2696,1
20170518112134637.jpg,2697,1
20170518112220847.jpg,2698,1
20170518140513017.jpg,2699,1
20170518142454730.jpg,2700,1
20170518144431952.jpg,2701,1
20170518144500812.jpg,2702,1
20170518144607066.jpg,2703,1
20170518150304317.jpg,2704,1
20170518151053908.jpg,2705,1
20170518151338862.jpg,2706,1
20170518153036606.jpg,2707,1
20170518162231306.jpg,2708,1
20170518171334338.jpg,2709,1
20170518171420306.jpg,2710,1
20170518174145634.jpg,2711,1
20170518174429918.jpg,2712,1
20170518193957507.jpg,2713,1
20170518194046765.jpg,2714,1
20170519093607335.jpg,2715,1
20170519144026204.jpg,2716,1
20170519154024233.jpg,2717,1
20170519163314722.jpg,2718,1
20170519180821875.jpg,2719,1
20170520100604296.jpg,2720,1
20170520101042385.jpg,2721,1
20170521005524099.jpg,2722,1
20170521091223320.jpg,2723,1
20170521091719687.jpg,2724,1
20170521093200024.jpg,2725,1
20170521093504075.jpg,2726,1
20170521093537739.jpg,2727,1
20170521094743135.jpg,2728,1
20170521094745902.jpg,2729,1
20170521094825975.jpg,2730,1
20170521095107589.jpg,2731,1
20170521095717085.jpg,2732,1
20170521102316532.jpg,2733,1
20170522090404675.jpg,2734,1
20170522091641009.jpg,2735,1
20170522091729801.jpg,2736,1
20170522095812915.jpg,2737,1
20170522100335384.jpg,2738,1
20170522100404106.jpg,2739,1
20170522100405220.jpg,2740,1
20170522102550409.jpg,2741,1
20170522102610360.jpg,2742,1
20170522103325925.jpg,2743,1
20170522104819596.jpg,2744,1
20170522105641915.jpg,2745,1
20170522105704981.jpg,2746,1
20170522111746822.jpg,2747,1
20170522113613703.jpg,2748,1
20170522113746982.jpg,2749,1
20170522152308494.jpg,2750,1
20170522163803152.jpg,2751,1
20170522165315963.jpg,2752,1
20170522165607630.jpg,2753,1
20170522165643363.jpg,2754,1
20170522165643535.jpg,2755,1
20170522165833385.jpg,2756,1
20170522172409179.jpg,2757,1
20170522172835243.jpg,2758,1
20170522172835446.jpg,2759,1
20170523080135207.jpg,2760,1
20170523084030451.jpg,2761,1
20170523085431841.jpg,2762,1
20170523085504368.jpg,2763,1
20170523093010553.jpg,2764,1
20170523093258225.jpg,2765,1
20170523101901691.jpg,2766,1
20170523115949867.jpg,2767,1
20170523165729685.jpg,2768,1
20170524083940499.jpg,2769,1
20170524083942475.jpg,2770,1
20170524084048326.jpg,2771,1
20170524090124948.jpg,2772,1
20170524091341142.jpg,2773,1
20170524091746187.jpg,2774,1
20170524092705845.jpg,2775,1
20170524102406516.jpg,2776,1
20170524102406908.jpg,2777,1
20170524102444337.jpg,2778,1
20170524102444449.jpg,2779,1
20170524103038485.jpg,2780,1
20170524104642726.jpg,2781,1
20170524105439342.jpg,2782,1
20170524110421849.jpg,2783,1
20170524111318098.jpg,2784,1
20170524111318149.jpg,2785,1
20170524111453035.jpg,2786,1
20170524111743769.jpg,2787,1
20170524112244605.jpg,2788,1
20170524112245527.jpg,2789,1
20170524135826866.jpg,2790,1
20170524140637130.jpg,2791,1
20170524140638977.jpg,2792,1
20170524161859109.jpg,2793,1
20170524161955652.jpg,2794,1
20170524161955670.jpg,2795,1
20170524181209695.jpg,2796,1
20170524182857618.jpg,2797,1
20170524182902113.jpg,2798,1
20170524182956093.jpg,2799,1
20170525085819918.jpg,2800,1
20170525085823355.jpg,2801,1
20170525085857949.jpg,2802,1
20170525085947099.jpg,2803,1
20170525090043404.jpg,2804,1
20170525090044498.jpg,2805,1
20170525091431523.jpg,2806,1
20170525091431970.jpg,2807,1
20170525100049684.jpg,2808,1
20170525100055762.jpg,2809,1
20170525110328035.jpg,2810,1
20170525110437479.jpg,2811,1
20170525110925926.jpg,2812,1
20170525111826224.jpg,2813,1
20170525151457369.jpg,2814,1
20170525152509382.jpg,2815,1
20170525152628421.jpg,2816,1
20170525153631578.jpg,2817,1
20170525171854504.jpg,2818,1
20170525181244148.jpg,2819,1
20170525190118720.jpg,2820,1
20170525194410592.jpg,2821,1
20170525194632164.jpg,2822,1
20170526094916030.jpg,2823,1
20170526151625969.jpg,2824,1
20170526155433935.jpg,2825,1
20170526155744277.jpg,2826,1
20170526155853592.jpg,2827,1
20170526162358967.jpg,2828,1
20170526162453148.jpg,2829,1
20170526162553477.jpg,2830,1
20170526174103361.jpg,2831,1
20170526174208743.jpg,2832,1
20170526185211817.jpg,2833,1
20170526214931052.jpg,2834,1
20170527081710847.jpg,2835,1
20170527082211125.jpg,2836,1
20170527082328968.jpg,2837,1
20170527111710016.jpg,2838,1
20170527112129224.jpg,2839,1
20170527112252624.jpg,2840,1
20170527154255479.jpg,2841,1
20170527182337850.jpg,2842,1
20170527182346815.jpg,2843,1
20170527183231475.jpg,2844,1
20170527183427611.jpg,2845,1
20170527183435821.jpg,2846,1
20170527183642236.jpg,2847,1
20170528112424899.jpg,2848,1
20170528112436989.jpg,2849,1
20170528112913242.jpg,2850,1
20170528112927320.jpg,2851,1
20170528173533746.jpg,2852,1
20170528174134309.jpg,2853,1
20170528180525740.jpg,2854,1
20170528182051276.jpg,2855,1
20170528211438926.jpg,2856,1
20170529050427690.jpg,2857,1
20170529115523319.jpg,2858,1
20170529120226041.jpg,2859,1
20170530104857438.jpg,2860,1
20170531092103690.jpg,2861,1
20170531092305622.jpg,2862,1
20170531093300130.jpg,2863,1
20170531140735053.jpg,2864,1
20170531140926195.jpg,2865,1
20170531142132051.jpg,2866,1
20170531142247656.jpg,2867,1
20170531150831935.jpg,2868,1
20170531165114278.jpg,2869,1
20170531165149058.jpg,2870,1
20170531173340758.jpg,2871,1
20170601083342050.jpg,2872,1
20170601084241159.jpg,2873,1
20170601084514660.jpg,2874,1
20170601084914808.jpg,2875,1
20170601152455773.jpg,2876,1
20170601163945952.jpg,2877,1
20170601164355691.jpg,2878,1
20170601164357337.jpg,2879,1
20170601172733736.jpg,2880,1
20170602083055029.jpg,2881,1
20170602084403248.jpg,2882,1
20170602084503140.jpg,2883,1
20170602084503181.jpg,2884,1
20170602085038408.jpg,2885,1
20170602085131467.jpg,2886,1
20170602090325676.jpg,2887,1
20170602093104027.jpg,2888,1
20170602102648655.jpg,2889,1
20170602105045854.jpg,2890,1
20170602114824224.jpg,2891,1
20170602115547410.jpg,2892,1
20170602115729294.jpg,2893,1
20170602115729351.jpg,2894,1
20170602120015765.jpg,2895,1
20170602141806366.jpg,2896,1
20170602155135982.jpg,2897,1
20170602155247616.jpg,2898,1
20170603193634107.jpg,2899,1
20170605093311807.jpg,2900,1
20170605093750075.jpg,2901,1
20170605093750559.jpg,2902,1
20170605144339809.jpg,2903,1
20170605152611082.jpg,2904,1
20170605152650869.jpg,2905,1
20170605152653676.jpg,2906,1
20170605153408762.jpg,2907,1
20170605153408818.jpg,2908,1
20170605162315736.jpg,2909,1
20170605163041513.jpg,2910,1
20170605163124228.jpg,2911,1
20170605163201114.jpg,2912,1
20170605164035106.jpg,2913,1
20170605171348909.jpg,2914,1
20170606095011086.jpg,2915,1
20170606104243761.jpg,2916,1
20170606104244150.jpg,2917,1
20170606111430082.jpg,2918,1
20170606142725101.jpg,2919,1
20170606145347421.jpg,2920,1
20170606164240191.jpg,2921,1
20170606165241723.jpg,2922,1
20170606191332677.jpg,2923,1
20170607075514595.jpg,2924,1
20170607082814304.jpg,2925,1
20170607082814913.jpg,2926,1
20170607082954012.jpg,2927,1
20170607084253263.jpg,2928,1
20170607084253712.jpg,2929,1
20170607085935786.jpg,2930,1
20170607085936158.jpg,2931,1
20170607101208782.jpg,2932,1
20170607102121722.jpg,2933,1
20170607104407295.jpg,2934,1
20170607104408052.jpg,2935,1
20170607104433180.jpg,2936,1
20170607110412679.jpg,2937,1
20170607153524517.jpg,2938,1
20170607153633977.jpg,2939,1
20170607161021590.jpg,2940,1
20170607170331573.jpg,2941,1
20170607175753557.jpg,2942,1
20170608084935221.jpg,2943,1
20170608091627445.jpg,2944,1
20170608094633722.jpg,2945,1
20170608105346349.jpg,2946,1
20170608112323203.jpg,2947,1
20170608112844110.jpg,2948,1
20170608112856878.jpg,2949,1
20170608114025106.jpg,2950,1
20170608114027362.jpg,2951,1
20170608133136376.jpg,2952,1
20170608133302015.jpg,2953,1
20170608143417670.jpg,2954,1
20170608152446688.jpg,2955,1
20170608153147229.jpg,2956,1
20170608153659715.jpg,2957,1
20170608154212145.jpg,2958,1
20170608154225606.jpg,2959,1
20170608164802570.jpg,2960,1
20170608165114512.jpg,2961,1
20170608171332841.jpg,2962,1
20170608171337567.jpg,2963,1
20170608174654273.jpg,2964,1
20170608192135800.jpg,2965,1
20170608192954869.jpg,2966,1
20170608192955912.jpg,2967,1
20170608194027190.jpg,2968,1
20170608194027881.jpg,2969,1
20170608194346914.jpg,2970,1
20170608194347632.jpg,2971,1
20170608194510438.jpg,2972,1
20170608194754738.jpg,2973,1
20170608194755725.jpg,2974,1
20170608195109377.jpg,2975,1
20170608195154945.jpg,2976,1
20170608195253535.jpg,2977,1
20170608195740490.jpg,2978,1
20170608195844549.jpg,2979,1
20170608201438739.jpg,2980,1
20170608212715972.jpg,2981,1
20170608212719065.jpg,2982,1
20170608214612392.jpg,2983,1
20170608215511768.jpg,2984,1
20170608220738626.jpg,2985,1
20170609083431717.jpg,2986,1
20170609091134141.jpg,2987,1
20170609091528048.jpg,2988,1
20170609091529362.jpg,2989,1
20170609091623855.jpg,2990,1
20170609091703811.jpg,2991,1
20170609091741078.jpg,2992,1
20170609091757285.jpg,2993,1
20170609091816747.jpg,2994,1
20170609092004226.jpg,2995,1
20170609092004574.jpg,2996,1
20170609093702728.jpg,2997,1
20170609094519942.jpg,2998,1
20170609100254948.jpg,2999,1
20170609100255400.jpg,3000,1
20170609101204463.jpg,3001,1
20170609102229501.jpg,3002,1
20170609151840685.jpg,3003,1
20170609151913237.jpg,3004,1
20170609152127546.jpg,3005,1
20170609152450896.jpg,3006,1
20170609152452421.jpg,3007,1
20170609152615062.jpg,3008,1
20170609154826618.jpg,3009,1
20170609162100510.jpg,3010,1
20170609164025211.jpg,3011,1
20170609164600463.jpg,3012,1
20170609165633187.jpg,3013,1
20170609165742369.jpg,3014,1
20170609170844868.jpg,3015,1
20170609171350373.jpg,3016,1
20170609171911261.jpg,3017,1
20170609172109111.jpg,3018,1
20170609174510289.jpg,3019,2
20170609174510784.jpg,3019,2
20170609175027838.jpg,3020,1
20170609175028376.jpg,3021,1
20170609180538403.jpg,3022,1
20170609181337462.jpg,3023,1
20170609184126256.jpg,3024,1
20170609184224697.jpg,3025,1
20170609184225517.jpg,3026,1
20170609190028430.jpg,3027,1
20170609193335986.jpg,3028,1
20170609193904870.jpg,3029,1
20170609233207210.jpg,3030,1
20170610095059838.jpg,3031,1
20170610095525712.jpg,3032,1
20170610144321884.jpg,3033,1
20170611090108481.jpg,3034,1
20170611090344012.jpg,3035,1
20170611090346213.jpg,3036,1
20170611090415806.jpg,3037,1
20170611090418050.jpg,3038,1
20170611090521276.jpg,3039,1
20170611090524022.jpg,3040,1
20170611091117657.jpg,3041,1
20170611092920726.jpg,3042,1
20170611110836296.jpg,3043,1
20170611110841815.jpg,3044,1
20170612000344635.jpg,3045,1
20170612083632767.jpg,3046,1
20170612084520577.jpg,3047,1
20170612085457865.jpg,3048,1
20170612085458211.jpg,3049,1
20170612085653906.jpg,3050,1
20170612085716651.jpg,3051,1
20170612085727554.jpg,3052,1
20170612090043234.jpg,3053,1
20170612090644805.jpg,3054,1
20170612094201671.jpg,3055,1
20170612105012787.jpg,3056,1
20170612110215174.jpg,3057,1
20170612114622857.jpg,3058,1
20170612115247828.jpg,3059,1
20170612115910188.jpg,3060,1
20170612134815390.jpg,3061,1
20170612134821900.jpg,3062,1
20170612141756744.jpg,3063,1
20170612142011722.jpg,3064,1
20170612142012308.jpg,3065,1
20170612142737909.jpg,3066,1
20170612144724662.jpg,3067,1
20170612144725880.jpg,3068,1
20170612162850921.jpg,3069,1
20170612163235784.jpg,3070,1
20170612205028509.jpg,3071,1
20170612205100506.jpg,3072,1
20170612210504839.jpg,3073,1
20170612211133532.jpg,3074,1
20170612233612380.jpg,3075,1
20170612233619184.jpg,3076,1
20170613084729625.jpg,3077,1
20170613085627431.jpg,3078,1
20170613091004709.jpg,3079,1
20170613091436744.jpg,3080,1
20170613092147899.jpg,3081,1
20170613095553327.jpg,3082,1
20170613114347795.jpg,3083,1
20170613122140972.jpg,3084,1
20170613144410261.jpg,3085,1
20170613152259694.jpg,3086,1
20170613152423477.jpg,3087,1
20170613153734776.jpg,3088,1
20170613162156848.jpg,3089,1
20170613163045778.jpg,3090,1
20170613163546036.jpg,3091,1
20170613164132693.jpg,3092,1
20170613165742699.jpg,3093,1
20170613165746020.jpg,3094,1
20170613170118036.jpg,3095,1
20170613170119673.jpg,3096,1
20170613191530891.jpg,3097,1
20170613191713985.jpg,3098,1
20170613191722915.jpg,3099,1
20170613195835309.jpg,3100,1
20170614081004288.jpg,3101,1
20170614092235283.jpg,3102,1
20170614092306031.jpg,3103,1
20170614092425898.jpg,3104,1
20170614092603290.jpg,3105,1
20170614092847535.jpg,3106,1
20170614092927284.jpg,3107,1
20170614093151112.jpg,3108,1
20170614093235797.jpg,3109,1
20170614094320129.jpg,3110,1
20170614094320595.jpg,3111,1
20170614104010267.jpg,3112,1
20170614104010691.jpg,3113,1
20170614105125658.jpg,3114,1
20170614105711288.jpg,3115,1
20170614105733106.jpg,3116,1
20170614143123716.jpg,3117,1
20170614143124196.jpg,3118,1
20170614151122850.jpg,3119,1
20170614152351572.jpg,3120,1
20170614163103403.jpg,3121,1
20170614163110064.jpg,3122,1
20170615084024946.jpg,3123,1
20170615084535865.jpg,3124,1
20170615095849817.jpg,3125,1
20170615104443012.jpg,3126,1
20170615104443473.jpg,3127,1
20170615110631899.jpg,3128,1
20170615110729147.jpg,3129,1
20170615110902621.jpg,3130,1
20170615110926051.jpg,3131,1
20170615112054786.jpg,3132,1
20170615112223659.jpg,3133,1
20170615112339862.jpg,3134,1
20170615112340349.jpg,3135,1
20170615112624140.jpg,3136,1
20170615112649677.jpg,3137,1
20170615121449076.jpg,3138,1
20170615143207262.jpg,3139,1
20170615155127636.jpg,3140,1
20170615160742027.jpg,3141,1
20170615172258125.jpg,3142,1
20170616082139360.jpg,3143,1
20170616083847518.jpg,3144,1
20170616084113893.jpg,3145,1
20170616084701902.jpg,3146,1
20170616085018659.jpg,3147,1
20170616085451671.jpg,3148,1
20170616085515857.jpg,3149,1
20170616085516129.jpg,3150,1
20170616085816780.jpg,3151,1
20170616085940941.jpg,3152,1
20170616090014998.jpg,3153,1
20170616090616415.jpg,3154,1
20170616090736049.jpg,3155,1
20170616090802344.jpg,3156,1
20170616090804231.jpg,3157,1
20170616090841491.jpg,3158,1
20170616090932566.jpg,3159,1
20170616112523766.jpg,3160,1
20170616112827825.jpg,3161,1
20170616121547366.jpg,3162,1
20170616125215801.jpg,3163,1
20170616130013868.jpg,3164,1
20170616131320547.jpg,3165,1
20170616173230875.jpg,3166,1
20170616195729126.jpg,3167,1
20170616195925713.jpg,3168,1
20170616200138019.jpg,3169,1
20170616200843840.jpg,3170,1
20170616200941453.jpg,3171,1
20170616200941802.jpg,3172,1
20170616201007747.jpg,3173,1
20170617204317559.jpg,3174,1
20170617210321383.jpg,3175,1
20170617210958623.jpg,3176,1
20170617211409886.jpg,3177,1
20170617214243173.jpg,3178,1
20170617215208261.jpg,3179,1
20170617215514839.jpg,3180,1
20170618085027145.jpg,3181,1
20170618100223607.jpg,3182,1
20170618112704744.jpg,3183,1
20170618194224123.jpg,3184,1
20170618200550477.jpg,3185,1
20170618201009834.jpg,3186,1
20170618201103423.jpg,3187,1
20170618202042689.jpg,3188,1
20170618202047811.jpg,3189,1
20170618204640005.jpg,3190,1
20170618220930445.jpg,3191,1
20170618220954015.jpg,3192,1
20170618220954488.jpg,3193,1
20170618221202386.jpg,3194,1
20170618221203188.jpg,3195,1
20170618221338793.jpg,3196,1
20170618221557104.jpg,3197,1
20170618221747607.jpg,3198,1
20170618221814651.jpg,3199,1
20170619081749422.jpg,3200,1
20170619081749834.jpg,3201,1
20170619083600088.jpg,3202,1
20170619085700907.jpg,3203,1
20170619085833727.jpg,3204,1
20170619085859679.jpg,3205,1
20170619085859977.jpg,3206,1
20170619102743501.jpg,3207,1
20170619102930911.jpg,3208,1
20170619110259422.jpg,3209,1
20170619150616243.jpg,3210,1
20170619152223858.jpg,3211,1
20170619153536164.jpg,3212,1
20170619190000614.jpg,3213,1
20170619192052705.jpg,3214,1
20170620001050014.jpg,3215,1
20170620003041751.jpg,3216,1
20170620003156672.jpg,3217,1
20170620003233436.jpg,3218,1
20170620090217756.jpg,3219,1
20170620090332437.jpg,3220,1
20170620091659658.jpg,3221,1
20170620091659974.jpg,3222,1
20170620091948888.jpg,3223,1
20170620092120382.jpg,3224,1
20170620102404697.jpg,3225,1
20170620113410955.jpg,3226,1
20170620113631654.jpg,3227,1
20170620185826890.jpg,3228,1
20170620191353945.jpg,3229,1
20170620191909590.jpg,3230,1
20170620191949057.jpg,3231,1
20170620192226934.jpg,3232,1
20170620192247605.jpg,3233,1
20170620193521303.jpg,3234,1
20170621082611317.jpg,3235,1
20170621084037980.jpg,3236,1
20170621084106703.jpg,3237,1
20170621084634804.jpg,3238,1
20170621091420028.jpg,3239,1
20170621091420149.jpg,3240,1
20170621093253834.jpg,3241,1
20170621094653452.jpg,3242,1
20170621094919972.jpg,3243,1
20170621102941401.jpg,3244,1
20170621111314473.jpg,3245,1
20170621111316351.jpg,3246,1
20170621140230477.jpg,3247,1
20170621140503365.jpg,3248,1
20170621140621348.jpg,3249,1
20170621140654111.jpg,3250,1
20170621141614441.jpg,3251,1
20170621143513349.jpg,3252,1
20170621144139026.jpg,3253,1
20170621145620516.jpg,3254,1
20170621150030683.jpg,3255,1
20170621151923199.jpg,3256,1
20170621163946605.jpg,3257,1
20170621165236074.jpg,3258,1
20170621165342675.jpg,3259,1
20170621172217764.jpg,3260,1
20170621193546988.jpg,3261,1
20170621194627771.jpg,3262,1
20170622080754353.jpg,3263,1
20170622080754772.jpg,3264,1
20170622080815230.jpg,3265,1
20170622080837404.jpg,3266,1
20170622080902439.jpg,3267,1
20170622084121832.jpg,3268,1
20170622084151355.jpg,3269,1
20170622084331077.jpg,3270,1
20170622084616268.jpg,3271,1
20170622084904371.jpg,3272,1
20170622085448687.jpg,3273,1
20170622094954398.jpg,3274,1
20170622105116686.jpg,3275,1
20170622140812130.jpg,3276,1
20170622150842958.jpg,3277,1
20170622165310431.jpg,3278,1
20170622165310591.jpg,3279,1
20170622165441318.jpg,3280,1
20170622165648529.jpg,3281,1
20170622165648655.jpg,3282,1
20170622170936068.jpg,3283,1
20170622192843551.jpg,3284,1
20170622194345227.jpg,3285,1
20170622194523915.jpg,3286,1
20170623150218158.jpg,3287,1
20170623150218614.jpg,3288,1
20170623153653891.jpg,3289,1
20170623161022467.jpg,3290,1
20170624110627093.jpg,3291,1
20170624195339158.jpg,3292,1
20170624202756757.jpg,3293,1
20170625205421758.jpg,3294,1
20170625205520357.jpg,3295,1
20170625205527838.jpg,3296,1
20170626083942052.jpg,3297,1
20170626093610343.jpg,3298,1
20170626095324972.jpg,3299,1
20170626101659610.jpg,3300,1
20170626102154406.jpg,3301,1
20170626102904460.jpg,3302,1
20170626103616982.jpg,3303,1
20170626145830231.jpg,3304,1
20170626160504133.jpg,3305,1
20170626161028160.jpg,3306,1
20170626161030908.jpg,3307,1
20170626162141277.jpg,3308,1
20170626162707159.jpg,3309,1
20170626162707595.jpg,3310,1
20170626162845247.jpg,3311,1
20170626174943225.jpg,3312,1
20170626180035700.jpg,3313,1
20170626180309266.jpg,3314,1
20170627081627610.jpg,3315,1
20170627090102970.jpg,3316,1
20170627091345662.jpg,3317,1
20170627095738172.jpg,3318,1
20170627101205507.jpg,3319,1
20170627103212873.jpg,3320,1
20170627103352693.jpg,3321,1
20170627104123555.jpg,3322,1
20170627105002528.jpg,3323,1
20170627105150563.jpg,3324,1
20170627105506960.jpg,3325,1
20170627105547462.jpg,3326,1
20170627105606385.jpg,3327,1
20170627110345934.jpg,3328,1
20170627111252345.jpg,3329,1
20170627112028245.jpg,3330,1
20170627112931675.jpg,3331,1
20170627112932912.jpg,3332,1
20170627155753585.jpg,3333,1
20170627160207126.jpg,3334,1
20170627160210580.jpg,3335,1
20170627160255711.jpg,3336,1
20170627160255825.jpg,3337,1
20170627160330003.jpg,3338,1
20170627160643234.jpg,3339,1
20170627170604481.jpg,3340,1
20170627170606195.jpg,3341,1
20170627192028701.jpg,3342,1
20170627195804056.jpg,3343,1
20170627200907950.jpg,3344,1
20170628084907615.jpg,3345,1
20170628103334635.jpg,3346,1
20170628104207743.jpg,3347,1
20170628104216955.jpg,3348,1
20170628114446629.jpg,3349,1
20170628114456450.jpg,3350,1
20170628114825603.jpg,3351,1
20170628125159838.jpg,3352,1
20170628161619106.jpg,3353,1
20170628162207585.jpg,3354,1
20170628162819744.jpg,3355,1
20170628162852314.jpg,3356,1
20170628175832531.jpg,3357,1
20170628180023623.jpg,3358,1
20170628193929301.jpg,3359,1
20170628195834114.jpg,3360,1
20170628195849871.jpg,3361,1
20170629083334527.jpg,3362,1
20170629083334829.jpg,3363,1
20170629091725669.jpg,3364,1
20170629093110828.jpg,3365,1
20170629093129101.jpg,3366,1
20170629093242135.jpg,3367,1
20170629093242315.jpg,3368,1
20170629093404959.jpg,3369,1
20170629112149103.jpg,3370,1
20170629112225780.jpg,3371,1
20170629112226249.jpg,3372,1
20170629112619572.jpg,3373,1
20170629144625562.jpg,3374,1
20170629152907028.jpg,3375,1
20170629153038341.jpg,3376,1
20170629163508466.jpg,3377,1
20170629163541385.jpg,3378,1
20170629163541793.jpg,3379,1
20170629164127116.jpg,3380,1
20170629195200847.jpg,3381,1
20170629195829257.jpg,3382,1
20170629210118308.jpg,3383,1
20170629210946501.jpg,3384,1
20170629212453597.jpg,3385,1
20170629213222637.jpg,3386,1
20170630083302555.jpg,3387,1
20170630084446353.jpg,3388,1
20170630113125663.jpg,3389,1
20170630113238842.jpg,3390,1
20170630124252705.jpg,3391,1
20170630124326410.jpg,3392,1
20170630160336716.jpg,3393,1
20170630161237018.jpg,3394,1
20170630161237123.jpg,3395,1
20170630161316044.jpg,3396,1
20170630161316194.jpg,3397,1
20170630161546569.jpg,3398,1
20170630161546674.jpg,3399,1
20170630162228394.jpg,3400,1
20170630165124941.jpg,3401,1
20170630165348383.jpg,3402,1
007-5988-300.jpg,3403,1
007-5999-300.jpg,3404,1
007-6000-300.jpg,3405,1
007-6002-300.jpg,3406,1
007-6003-300.jpg,3407,1
007-6010-300.jpg,3408,1
007-6011-300.jpg,3409,1
007-6074-300.jpg,3410,1
007-6093-300.jpg,3411,1
007-6094-300.jpg,3412,1
007-6102-300.jpg,3413,1
007-6142-300.jpg,3414,1
007-6148-300.jpg,3415,1
007-6160-300.jpg,3416,1
007-6164-300.jpg,3417,1
007-6213-300.jpg,3418,1
007-6214-300.jpg,3419,1
007-6226-300.jpg,3420,1
007-6230-300.jpg,3421,1
007-6239-300.jpg,3422,1
007-6244-300.jpg,3423,1
007-6254-300.jpg,3424,1
007-6276-300.jpg,3425,1
007-6391-400.jpg,3426,1
007-6410-400.jpg,3427,1
007-6453-400.jpg,3428,1
007-6556-400.jpg,3429,1
007-6607-400.jpg,3430,1
007-6703-400.jpg,3431,1
007-7012-400.jpg,3432,1
20170502095403278.jpg,3433,1
20170502103235986.jpg,3434,1
20170502103242684.jpg,3435,1
20170502112002456.jpg,3436,1
20170504152806899.jpg,3437,1
20170507222419171.jpg,3438,1
20170510111425409.jpg,3439,1
20170512151304597.jpg,3440,1
20170512231007763.jpg,3441,1
20170514222322175.jpg,3442,1
20170515195806593.jpg,3443,1
20170517171512703.jpg,3444,1
20170519093847278.jpg,3445,1
20170519153000176.jpg,3446,1
20170521005529006.jpg,3447,1
20170522144205431.jpg,3448,1
20170531173341782.jpg,3449,1
20170601100334694.jpg,3450,1
20170601100335324.jpg,3451,1
20170601160745959.jpg,3452,1
20170601160747495.jpg,3453,1
20170602085458708.jpg,3454,1
20170602155248106.jpg,3455,1
20170605171346279.jpg,3456,1
20170606164132548.jpg,3457,1
20170606164136295.jpg,3458,1
20170608105641292.jpg,3459,1
20170608105641569.jpg,3460,1
20170609095102337.jpg,3461,1
20170612163236281.jpg,3462,1
20170614103846161.jpg,3463,1
20170615104926501.jpg,3464,1
20170616084703535.jpg,3465,1
20170616112827989.jpg,3466,1
20170619165220840.jpg,3467,1
20170622080837660.jpg,3468,1
20170626174854486.jpg,3469,1
20170627103155245.jpg,3470,1
20170627170651362.jpg,3471,1
20170627170652393.jpg,3472,1
20170629163635747.jpg,3473,1
007-6961-400.jpg,3474,1
007-6962-400.jpg,3475,1
007-6963-400.jpg,3476,1
007-6964-400.jpg,3477,1
007-6965-400.jpg,3478,1
007-6966-400.jpg,3479,1
007-6967-400.jpg,3480,1
007-6968-400.jpg,3481,1
007-6969-400.jpg,3482,1
007-6970-400.jpg,3483,1
007-6971-400.jpg,3484,1
007-6972-400.jpg,3485,1
007-6973-400.jpg,3486,1
007-6974-400.jpg,3487,1
007-6975-400.jpg,3488,1
007-6976-400.jpg,3489,1
007-6977-400.jpg,3490,1
007-6978-400.jpg,3491,1
007-6979-400.jpg,3492,1
007-6980-400.jpg,3493,1
007-6981-400.jpg,3494,1
007-6982-400.jpg,3495,1
007-6983-400.jpg,3496,1
007-6984-400.jpg,3497,1
007-6985-400.jpg,3498,1
007-6986-400.jpg,3499,1
007-6987-400.jpg,3500,1
007-6988-400.jpg,3501,1
007-6989-400.jpg,3502,1
007-6990-400.jpg,3503,1
007-6991-400.jpg,3504,1
007-6992-400.jpg,3505,1
007-6993-400.jpg,3506,1
007-6994-400.jpg,3507,1
007-6995-400.jpg,3508,1
007-6997-400.jpg,3509,1
007-6998-400.jpg,3510,1
007-6999-400.jpg,3511,1
007-7000-400.jpg,3512,1
007-7001-400.jpg,3513,1
007-7002-400.jpg,3514,1
007-7003-400.jpg,3515,1
007-7004-400.jpg,3516,1
007-7005-400.jpg,3517,1
007-7006-400.jpg,3518,1
007-7007-400.jpg,3519,1
007-7008-400.jpg,3520,1
007-7009-400.jpg,3521,1
007-7010-400.jpg,3522,1
007-7011-400.jpg,3523,1
007-7013-400.jpg,3524,1
007-7014-400.jpg,3525,1
007-7015-400.jpg,3526,1
007-7016-400.jpg,3527,1
007-7017-400.jpg,3528,1
007-7018-400.jpg,3529,1
007-7019-400.jpg,3530,1
007-7020-400.jpg,3531,1
007-7021-400.jpg,3532,1
007-7022-400.jpg,3533,1
007-7023-400.jpg,3534,1
007-7024-400.jpg,3535,1
007-7025-400.jpg,3536,1
007-7026-400.jpg,3537,1
007-7027-400.jpg,3538,1
007-7028-400.jpg,3539,1
007-7029-400.jpg,3540,1
007-7030-400.jpg,3541,1
007-7031-400.jpg,3542,1
007-7032-400.jpg,3543,1
007-7033-400.jpg,3544,1
007-7034-400.jpg,3545,1
007-7035-400.jpg,3546,1
007-7036-400.jpg,3547,1
007-7037-400.jpg,3548,1
007-7038-400.jpg,3549,1
007-7039-400.jpg,3550,1
007-7040-400.jpg,3551,1
007-7041-400.jpg,3552,1
007-7042-400.jpg,3553,1
007-7043-400.jpg,3554,1
007-7044-400.jpg,3555,1
007-7045-400.jpg,3556,1
007-7046-400.jpg,3557,1
007-7047-400.jpg,3558,1
007-7048-400.jpg,3559,1
007-7049-400.jpg,3560,1
007-7050-400.jpg,3561,1
007-7052-400.jpg,3562,1
007-7055-400.jpg,3563,1
007-7056-400.jpg,3564,1
007-7058-400.jpg,3565,1
007-7059-400.jpg,3566,1
007-7060-400.jpg,3567,1
007-7061-400.jpg,3568,1
007-7100-400.jpg,3569,1
007-7102-400.jpg,3570,1
007-7103-400.jpg,3571,1
007-7104-400.jpg,3572,1
007-7105-400.jpg,3573,1
007-7106-400.jpg,3574,1
007-7107-400.jpg,3575,1
007-7108-400.jpg,3576,1
007-7109-400.jpg,3577,1
007-7110-400.jpg,3578,1
007-7111-400.jpg,3579,1
007-7112-400.jpg,3580,1
007-7113-400.jpg,3581,1
007-7114-400.jpg,3582,1
007-7115-400.jpg,3583,1
007-7116-400.jpg,3584,1
007-7117-400.jpg,3585,1
007-7118-400.jpg,3586,1
007-7119-400.jpg,3587,1
007-7120-400.jpg,3588,1
007-7121-400.jpg,3589,1
007-7122-400.jpg,3590,1
007-7123-400.jpg,3591,1
007-7124-400.jpg,3592,1
007-7125-400.jpg,3593,1
007-7126-400.jpg,3594,1
007-7127-400.jpg,3595,1
007-7128-400.jpg,3596,1
007-7129-400.jpg,3597,1
007-7130-400.jpg,3598,1
007-7131-400.jpg,3599,1
007-7132-400.jpg,3600,1
007-7133-400.jpg,3601,1
007-7134-400.jpg,3602,1
007-7135-400.jpg,3603,1
007-7136-400.jpg,3604,1
007-7137-400.jpg,3605,1
007-7138-400.jpg,3606,1
007-7139-400.jpg,3607,1
007-7140-400.jpg,3608,1
007-7141-400.jpg,3609,1
007-7142-400.jpg,3610,1
007-7143-400.jpg,3611,1
007-7144-400.jpg,3612,1
007-7145-400.jpg,3613,1
007-7146-400.jpg,3614,1
007-7147-400.jpg,3615,1
007-7148-400.jpg,3616,1
007-7149-400.jpg,3617,1
007-7150-400.jpg,3618,1
007-7151-400.jpg,3619,1
007-7152-400.jpg,3620,1
007-7153-400.jpg,3621,1
007-7154-400.jpg,3622,1
007-7155-400.jpg,3623,1
007-7156-400.jpg,3624,1
007-7157-400.jpg,3625,1
007-7158-400.jpg,3626,1
007-7159-400.jpg,3627,1
007-7160-400.jpg,3628,1
007-7161-400.jpg,3629,1
007-7162-400.jpg,3630,1
007-7163-400.jpg,3631,1
007-7164-400.jpg,3632,1
007-7165-400.jpg,3633,1
007-7166-400.jpg,3634,1
007-7167-400.jpg,3635,1
007-7168-400.jpg,3636,1
007-7169-400.jpg,3637,1
007-7170-400.jpg,3638,1
007-7171-400.jpg,3639,1
007-7172-400.jpg,3640,1
007-7173-400.jpg,3641,1
007-7174-400.jpg,3642,1
007-7175-400.jpg,3643,1
007-7176-400.jpg,3644,1
007-7177-400.jpg,3645,1
007-7178-400.jpg,3646,1
007-7179-400.jpg,3647,1
007-7180-400.jpg,3648,1
007-7181-400.jpg,3649,1
007-7182-400.jpg,3650,1
007-7183-400.jpg,3651,1
007-7184-400.jpg,3652,1
007-7185-400.jpg,3653,1
007-7186-400.jpg,3654,1
007-7187-400.jpg,3655,1
007-7188-400.jpg,3656,1
007-7189-400.jpg,3657,1
007-7190-400.jpg,3658,1
007-7191-400.jpg,3659,1
007-7192-400.jpg,3660,1
007-7193-400.jpg,3661,1
007-7194-400.jpg,3662,1
007-7195-400.jpg,3663,1
007-7196-400.jpg,3664,1
007-7197-400.jpg,3665,1
007-7198-400.jpg,3666,1
007-7199-400.jpg,3667,1
007-7202-400.jpg,3668,1
007-7203-400.jpg,3669,1
007-7205-400.jpg,3670,1
007-7206-400.jpg,3671,1
007-7207-400.jpg,3672,1
007-7208-400.jpg,3673,1
007-7209-400.jpg,3674,1
007-7210-400.jpg,3675,1
007-7211-400.jpg,3676,1
007-7212-400.jpg,3677,1
007-7213-400.jpg,3678,1
007-7214-400.jpg,3679,1
007-7215-400.jpg,3680,1
007-7216-400.jpg,3681,1
007-7217-400.jpg,3682,1
007-7218-400.jpg,3683,1
007-7219-400.jpg,3684,1
007-7220-400.jpg,3685,1
007-7221-400.jpg,3686,1
007-7222-400.jpg,3687,1
007-7223-400.jpg,3688,1
007-7224-400.jpg,3689,1
007-7225-400.jpg,3690,1
007-7226-400.jpg,3691,1
007-7227-400.jpg,3692,1
007-7229-400.jpg,3693,1
007-7230-400.jpg,3694,1
007-7231-400.jpg,3695,1
007-7232-400.jpg,3696,1
007-7233-400.jpg,3697,1
007-7234-400.jpg,3698,1
007-7235-400.jpg,3699,1
007-7236-400.jpg,3700,1
007-7237-400.jpg,3701,1
007-7238-400.jpg,3702,1
007-7239-400.jpg,3703,1
007-7240-400.jpg,3704,1
007-7241-400.jpg,3705,1
007-7242-400.jpg,3706,1
007-7243-400.jpg,3707,1
007-7244-400.jpg,3708,1
007-7245-400.jpg,3709,1
007-7246-400.jpg,3710,1
007-7247-400.jpg,3711,1
007-7248-400.jpg,3712,1
007-7249-400.jpg,3713,1
007-7250-400.jpg,3714,1
007-7251-400.jpg,3715,1
007-7252-400.jpg,3716,1
007-7253-400.jpg,3717,1
007-7254-400.jpg,3718,1
007-7255-400.jpg,3719,1
007-7256-400.jpg,3720,1
007-7257-400.jpg,3721,1
007-7258-400.jpg,3722,1
007-7259-400.jpg,3723,1
007-7260-400.jpg,3724,1
007-7261-400.jpg,3725,1
007-7262-400.jpg,3726,1
007-7263-400.jpg,3727,1
007-7264-400.jpg,3728,1
007-7265-400.jpg,3729,1
007-7266-400.jpg,3730,1
007-7267-400.jpg,3731,1
007-7283-601.jpg,3732,1
007-7560-601.jpg,3733,1
007-7561-601.jpg,3734,1
007-7568-601.jpg,3735,1
007-7581-601.jpg,3736,1
007-7683-601.jpg,3737,1
007-7763-601.jpg,3738,1
007-7831-601.jpg,3739,1
007-8527-604.jpg,3740,1
007-8689-605.jpg,3741,1
007-8728-605.jpg,3742,1
007-8805-605.jpg,3743,1
007-8809-605.jpg,3744,1
007-8820-605.jpg,3745,1
007-8842-605.jpg,3746,1
007-8859-605.jpg,3747,1
20170514222317943.jpg,3748,1
20170323093705822.jpg,3749,1
20170323093707381.jpg,3750,1
20170323093821503.jpg,3751,1
20170323093944125.jpg,3752,1
20170323093945725.jpg,3753,1
20170323094333366.jpg,3754,1
20170323094334954.jpg,3755,1
20170323094433433.jpg,3756,1
20170323094832144.jpg,3757,2
20170323094905895.jpg,3758,1
20170323094906953.jpg,3759,1
20170323095042818.jpg,3760,1
20170323095138379.jpg,3761,1
20170323095139979.jpg,3762,1
20170323095325734.jpg,3763,1
20170323095327323.jpg,3764,1
20170323095950738.jpg,3765,1
20170323095952352.jpg,3766,1
20170323101411151.jpg,3767,1
20170323101805685.jpg,3768,1
20170323101844209.jpg,3769,1
20170323102532714.jpg,3770,1
20170323103303961.jpg,3771,1
20170323103305543.jpg,3772,1
20170323104718939.jpg,3773,1
20170323110334357.jpg,3774,1
20170323110340307.jpg,3775,1
20170323110608547.jpg,3776,1
20170323110609014.jpg,3777,1
20170323114802884.jpg,3778,1
20170323114805847.jpg,3779,1
20170323114856047.jpg,3780,1
20170323114953915.jpg,3781,1
20170323130204055.jpg,3782,1
20170323130205239.jpg,3783,1
20170323130338822.jpg,3784,1
20170323130340134.jpg,3785,1
20170323130757983.jpg,3786,1
20170323130758448.jpg,3787,1
20170323130834970.jpg,3788,1
20170323130835496.jpg,3789,1
20170323130911479.jpg,3790,1
20170323131021773.jpg,3791,1
20170323140209715.jpg,3792,1
20170323140215836.jpg,3793,1
20170323140256043.jpg,3794,1
20170323140301229.jpg,3795,1
20170323141149360.jpg,3796,1
20170323141155955.jpg,3797,1
20170323141507129.jpg,3798,1
20170323141914278.jpg,3799,1
20170323142918454.jpg,3800,1
20170323152656323.jpg,3801,1
20170323153113302.jpg,3802,1
20170323153825474.jpg,3803,1
20170323162112796.jpg,3804,1
20170323162238639.jpg,3805,1
20170323162238925.jpg,3806,1
20170323162415135.jpg,3807,1
20170323162415464.jpg,3808,1
20170323172129117.jpg,3809,1
20170323172134956.jpg,3810,1
20170323172228668.jpg,3811,1
20170324074015232.jpg,3757,2
20170324074536077.jpg,3812,1
20170324074957283.jpg,3813,1
20170324075158165.jpg,3814,1
20170324075346975.jpg,3815,1
20170324075348523.jpg,3816,1
20170324075706591.jpg,3817,1
20170324075708136.jpg,3818,1
20170324080421980.jpg,3819,1
20170324080423631.jpg,3820,1
20170324080703043.jpg,3821,1
20170324080704607.jpg,3822,1
20170324080917203.jpg,3823,1
20170324080918804.jpg,3824,1
20170324081121248.jpg,3825,1
20170324081122857.jpg,3826,1
20170324081733358.jpg,3827,1
20170324082030082.jpg,3828,1
20170324082251139.jpg,3829,1
20170324082252731.jpg,3830,1
20170324082847204.jpg,3831,1
20170324082848774.jpg,3832,1
20170324083212839.jpg,3833,1
20170324083513388.jpg,3834,1
20170324083515012.jpg,3835,1
20170324083758293.jpg,3836,1
20170324083949673.jpg,3837,1
20170324084144836.jpg,3838,1
20170324084357218.jpg,3839,1
20170324084426937.jpg,3840,1
20170324084838993.jpg,3841,1
20170324084840579.jpg,3842,1
20170324085147957.jpg,3843,1
20170324085149565.jpg,3844,1
20170324085456190.jpg,3845,1
20170324085722015.jpg,3846,1
20170324085929970.jpg,3847,1
20170324085931557.jpg,3848,1
20170324090522483.jpg,3849,1
20170324090524051.jpg,3850,1
20170324091045547.jpg,3851,1
20170324091221882.jpg,3852,1
20170324091224883.jpg,3853,1
20170324091347852.jpg,3854,1
20170324091537897.jpg,3855,1
20170324091539449.jpg,3856,1
20170324091734239.jpg,3857,1
20170324091735788.jpg,3858,1
20170324091958147.jpg,3859,1
20170324091959765.jpg,3860,1
20170324092207111.jpg,3861,1
20170324092423588.jpg,3862,1
20170324092425163.jpg,3863,1
20170324092621974.jpg,3864,1
20170324092623566.jpg,3865,1
20170324092825264.jpg,3866,1
20170324093012531.jpg,3867,1
20170324093012821.jpg,3868,1
20170324093107776.jpg,3869,1
20170324093109343.jpg,3870,1
20170324093303394.jpg,3871,1
20170324093304975.jpg,3872,1
20170324093728577.jpg,3873,1
20170324094019439.jpg,3874,1
20170324094021003.jpg,3875,1
20170324094410750.jpg,3876,1
20170324094647604.jpg,3877,1
20170324094649192.jpg,3878,1
20170324094841624.jpg,3879,1
20170324095036327.jpg,3880,1
20170324095037893.jpg,3881,1
20170324095301169.jpg,3882,1
20170324095302762.jpg,3883,1
20170324095312870.jpg,3884,1
20170324095528097.jpg,3885,1
20170324095529660.jpg,3886,1
20170324095907957.jpg,3887,1
20170324100528998.jpg,3888,1
20170324101034222.jpg,3889,1
20170324101738972.jpg,3890,1
20170324101740531.jpg,3891,1
20170324102541915.jpg,3892,1
20170324103347095.jpg,3893,1
20170324103349937.jpg,3894,1
20170324103451027.jpg,3895,1
20170324103452611.jpg,3896,1
20170324104428221.jpg,3897,1
20170324104839547.jpg,3898,1
20170324104915088.jpg,3899,1
20170324110301615.jpg,3900,1
20170324110307341.jpg,3901,1
20170324111244129.jpg,3902,1
20170324112237946.jpg,3903,1
20170324112314257.jpg,3904,1
20170324112320019.jpg,3905,1
20170324112557007.jpg,3906,1
20170324112903585.jpg,3907,1
20170324112909191.jpg,3908,1
20170324135324545.jpg,3909,1
20170324140135441.jpg,3910,1
20170324140208565.jpg,3911,1
20170324140209599.jpg,3912,1
20170324140245887.jpg,3913,1
20170324140645615.jpg,3914,1
20170324140648051.jpg,3915,1
20170324140847654.jpg,3916,1
20170324140849407.jpg,3917,1
20170324143921857.jpg,3918,1
20170324144131476.jpg,3919,1
20170324144203455.jpg,3920,1
20170324144203614.jpg,3921,1
20170324144240446.jpg,3922,1
20170324144241048.jpg,3923,1
20170324144304719.jpg,3924,1
20170324150600534.jpg,3925,1
20170326075840285.jpg,3926,1
20170326080809380.jpg,3927,1
20170326080816565.jpg,3928,1
20170326081646277.jpg,3929,1
20170326081652962.jpg,3930,1
20170326082221994.jpg,3931,1
20170326082228400.jpg,3932,1
20170326085552768.jpg,3933,1
20170326090056897.jpg,3934,1
20170326090501956.jpg,3935,1
20170326091619636.jpg,3936,1
20170326091625665.jpg,3937,1
20170326091858070.jpg,3938,1
20170326091904327.jpg,3939,1
20170326092329336.jpg,3940,1
20170326092747892.jpg,3941,1
20170326093023147.jpg,3942,1
20170326093029051.jpg,3943,1
20170326093333813.jpg,3944,1
20170326093340254.jpg,3945,1
20170326093743368.jpg,3946,1
20170326094731919.jpg,3947,1
20170326094738452.jpg,3948,1
20170326095038980.jpg,3949,1
20170326095045439.jpg,3950,1
20170326095729604.jpg,3951,1
20170326095737386.jpg,3952,1
20170326100016067.jpg,3953,1
20170326100026531.jpg,3954,1
20170326100838085.jpg,3955,1
20170326100843964.jpg,3956,1
20170326101139893.jpg,3957,1
20170326104627144.jpg,3958,1
20170326104628428.jpg,3959,1
20170326104842424.jpg,3960,1
20170326104849119.jpg,3961,1
20170326104849419.jpg,3962,1
20170326104919990.jpg,3963,1
20170326105022553.jpg,3964,1
20170327075318134.jpg,3965,1
20170327075319486.jpg,3966,1
20170327075631732.jpg,3967,1
20170327075633088.jpg,3968,1
20170327080743745.jpg,3969,1
20170327081937492.jpg,3970,1
20170327081938871.jpg,3971,1
20170327082612907.jpg,3972,1
20170327082614262.jpg,3973,1
20170327083655755.jpg,3974,1
20170327084037780.jpg,3975,1
20170327084039129.jpg,3976,1
20170327084459458.jpg,3977,1
20170327084500823.jpg,3978,1
20170327084919035.jpg,3979,1
20170327084920414.jpg,3980,1
20170327085031887.jpg,3981,1
20170327085656497.jpg,3982,1
20170327090617334.jpg,3983,1
20170327090618698.jpg,3984,1
20170327091023750.jpg,3985,1
20170327091025156.jpg,3986,1
20170327091508081.jpg,3987,1
20170327091508471.jpg,3988,1
20170327092530674.jpg,3989,1
20170327092929948.jpg,3990,1
20170327093219784.jpg,3991,1
20170327093221196.jpg,3992,1
20170327094324636.jpg,3993,1
20170327094326044.jpg,3994,1
20170327094656820.jpg,3995,1
20170327094658211.jpg,3996,1
20170327094724718.jpg,3997,1
20170327094915462.jpg,3998,1
20170327095113002.jpg,3999,1
20170327095114395.jpg,4000,1
20170327100623481.jpg,4001,1
20170327100837150.jpg,4002,1
20170327100838638.jpg,4003,1
20170327101529137.jpg,4004,1
20170327101530578.jpg,4005,1
20170327101756551.jpg,4006,1
20170327101757957.jpg,4007,1
20170327102219037.jpg,4008,1
20170327102220440.jpg,4009,1
20170327102429259.jpg,4010,1
20170327102430632.jpg,4011,1
20170327102502414.jpg,4012,1
20170327103033609.jpg,4013,1
20170327103257324.jpg,4014,1
20170327103258723.jpg,4015,1
20170327103406775.jpg,4016,1
20170327103408202.jpg,4017,1
20170327103504990.jpg,4018,1
20170327103522951.jpg,4019,1
20170327103524390.jpg,4020,1
20170327103629041.jpg,4021,1
20170327103629372.jpg,4022,1
20170327103857079.jpg,4023,1
20170327103858459.jpg,4024,1
20170327104153766.jpg,4025,1
20170327104159249.jpg,4026,1
20170327104333816.jpg,4027,1
20170327104857725.jpg,4028,1
20170327105311474.jpg,4029,1
20170327105552936.jpg,4030,1
20170327105554324.jpg,4031,1
20170327105802214.jpg,4032,1
20170327105803591.jpg,4033,1
20170327110400321.jpg,4034,1
20170327110707781.jpg,4035,1
20170327110724437.jpg,4036,1
20170327110930156.jpg,4037,1
20170327110931523.jpg,4038,1
20170327111056730.jpg,4039,1
20170327111056792.jpg,4040,1
20170327111243014.jpg,4041,1
20170327111244402.jpg,4042,1
20170327111304850.jpg,4043,1
20170327111316876.jpg,4044,1
20170327111335498.jpg,4045,1
20170327111337500.jpg,4046,1
20170327111444452.jpg,4047,1
20170327111445864.jpg,4048,1
20170327111703450.jpg,4049,1
20170327111704847.jpg,4050,1
20170327111710412.jpg,4051,1
20170327111945310.jpg,4052,1
20170327111955443.jpg,4053,1
20170327111957345.jpg,4054,1
20170327112220088.jpg,4055,1
20170327112501066.jpg,4056,1
20170327112656972.jpg,4057,1
20170327112658379.jpg,4058,1
20170327112844313.jpg,4059,1
20170327112847938.jpg,4060,1
20170327112955216.jpg,4061,1
20170327112956651.jpg,4062,1
20170327113237351.jpg,4063,1
20170327113516236.jpg,4064,1
20170327114655583.jpg,4065,1
20170327114657010.jpg,4066,1
20170327132738501.jpg,4067,1
20170327132740881.jpg,4068,1
20170327134056100.jpg,4069,1
20170327134206136.jpg,4070,1
20170327134214648.jpg,4071,1
20170327135922650.jpg,4072,1
20170327140038034.jpg,4073,1
20170327140112310.jpg,4074,1
20170327140304750.jpg,4075,1
20170327140346524.jpg,4076,1
20170327140346704.jpg,4077,1
20170327140449047.jpg,4078,1
20170327140449496.jpg,4079,1
20170327140523113.jpg,4080,1
20170327140552407.jpg,4081,1
20170327140646337.jpg,4082,1
20170327140647856.jpg,4083,1
20170327140718220.jpg,4084,1
20170327140819321.jpg,4085,1
20170327140819667.jpg,4086,1
20170327150751478.jpg,4087,1
20170327160209161.jpg,4088,1
20170327160227390.jpg,4089,1
20170327160649463.jpg,4090,1
20170327160654598.jpg,4091,1
20170327160904680.jpg,4092,1
20170327161538508.jpg,4093,1
20170327161710463.jpg,4094,1
20170327164504071.jpg,4095,1
20170327164504431.jpg,4096,1
20170327170916823.jpg,4097,1
20170327170922593.jpg,4098,1
20170327173128689.jpg,4099,1
20170328074511689.jpg,4100,1
20170328075745352.jpg,4101,1
20170328080647093.jpg,4102,1
20170328080648455.jpg,4103,1
20170328081015016.jpg,4104,1
20170328081016390.jpg,4105,1
20170328081449974.jpg,4106,1
20170328081827114.jpg,4107,1
20170328081828478.jpg,4108,1
20170328082101747.jpg,4109,1
20170328082103134.jpg,4110,1
20170328082333730.jpg,4111,1
20170328083012701.jpg,4112,1
20170328083212413.jpg,4113,1
20170328084549088.jpg,4114,1
20170328084550454.jpg,4115,1
20170328085234524.jpg,4116,1
20170328090806043.jpg,4117,1
20170328090806503.jpg,4118,1
20170328091056768.jpg,4119,1
20170328091057123.jpg,4120,1
20170328091105511.jpg,4121,1
20170328091106960.jpg,4122,1
20170328091227668.jpg,4123,1
20170328091440431.jpg,4124,1
20170328091708971.jpg,4125,1
20170328092058692.jpg,4126,1
20170328092752103.jpg,4127,1
20170328093140718.jpg,4128,1
20170328093142139.jpg,4129,1
20170328094247861.jpg,4130,1
20170328094249296.jpg,4131,1
20170328094305699.jpg,4132,1
20170328094455218.jpg,4133,1
20170328094456638.jpg,4134,1
20170328094732211.jpg,4135,1
20170328094733654.jpg,4136,1
20170328095522661.jpg,4137,1
20170328095524113.jpg,4138,1
20170328101014928.jpg,4139,1
20170328101706536.jpg,4140,1
20170328101707998.jpg,4141,1
20170328102344330.jpg,4142,1
20170328105351300.jpg,4143,1
20170328105401273.jpg,4144,1
20170328110649522.jpg,4145,1
20170328110810910.jpg,4146,1
20170328114714967.jpg,4147,1
20170328142532871.jpg,4148,1
20170328145702906.jpg,4149,1
20170328145703859.jpg,4150,1
20170328145739032.jpg,4151,1
20170328145803149.jpg,4152,1
20170328145935050.jpg,4153,1
20170328145935366.jpg,4154,1
20170328150001001.jpg,4155,1
20170328150153573.jpg,4156,1
20170328150153923.jpg,4157,1
20170328150218576.jpg,4158,1
20170328150218913.jpg,4159,1
20170328150336549.jpg,4160,1
20170328150336683.jpg,4161,1
20170328153647268.jpg,4162,1
20170328153746074.jpg,4163,1
20170328153751497.jpg,4164,1
20170328153758019.jpg,4165,1
20170328154905325.jpg,4166,1
20170328164726799.jpg,4167,1
20170328180141830.jpg,4168,1
20170328180147668.jpg,4169,1
20170329074906288.jpg,4170,1
20170329074911528.jpg,4171,1
20170329075721626.jpg,4172,1
20170329075722980.jpg,4173,1
20170329080832977.jpg,4174,1
20170329080834348.jpg,4175,1
20170329081334925.jpg,4176,1
20170329081513269.jpg,4177,1
20170329081514631.jpg,4178,1
20170329082259803.jpg,4179,1
20170329082301186.jpg,4180,1
20170329082424201.jpg,4181,1
20170329082547301.jpg,4182,1
20170329082548692.jpg,4183,1
20170329082649775.jpg,4184,1
20170329082807396.jpg,4185,1
20170329082818262.jpg,4186,1
20170329082946600.jpg,4187,1
20170329082947964.jpg,4188,1
20170329083202294.jpg,4189,1
20170329083203668.jpg,4190,1
20170329083553293.jpg,4191,1
20170329083705661.jpg,4192,1
20170329083802588.jpg,4193,1
20170329083804001.jpg,4194,1
20170329084151044.jpg,4195,1
20170329084152423.jpg,4196,1
20170329084401502.jpg,4197,1
20170329084624677.jpg,4198,1
20170329085346073.jpg,4199,1
20170329085831428.jpg,4200,1
20170329091201472.jpg,4201,1
20170329091202868.jpg,4202,1
20170329091727794.jpg,4203,1
20170329091959859.jpg,4204,1
20170329093012953.jpg,4205,1
20170329093248244.jpg,4206,1
20170329093248613.jpg,4207,1
20170329093727070.jpg,4208,1
20170329093954690.jpg,4209,1
20170329094415086.jpg,4210,1
20170329094415243.jpg,4211,1
20170329094455007.jpg,4212,1
20170329094456105.jpg,4213,1
20170329094643301.jpg,4214,1
20170329095340255.jpg,4215,1
20170329095905784.jpg,4216,1
20170329095907382.jpg,4217,1
20170329100248874.jpg,4218,1
20170329100341322.jpg,4219,1
20170329100341777.jpg,4220,1
20170329100407573.jpg,4221,2
20170329101332040.jpg,4222,1
20170329102416314.jpg,4223,1
20170329102417753.jpg,4224,1
20170329134945032.jpg,4225,1
20170329140026539.jpg,4226,1
20170329140458837.jpg,4227,1
20170329140505128.jpg,4228,1
20170329140648564.jpg,4229,1
20170329140733147.jpg,4230,1
20170329140824088.jpg,4231,1
20170329140824603.jpg,4232,1
20170329141305620.jpg,4233,1
20170329141311752.jpg,4234,1
20170329141353743.jpg,4235,1
20170329141551261.jpg,4236,1
20170329141621593.jpg,4237,1
20170329141627712.jpg,4238,1
20170329143137553.jpg,4239,1
20170329143208143.jpg,4240,1
20170329143208193.jpg,4241,1
20170329143238497.jpg,4242,1
20170329143453583.jpg,4243,1
20170329143545705.jpg,4244,1
20170329143545777.jpg,4245,1
20170329144505192.jpg,4246,1
20170329162303823.jpg,4247,1
20170329162304252.jpg,4248,1
20170329163054469.jpg,4249,1
20170330074236068.jpg,4250,1
20170330074626951.jpg,4251,1
20170330075043628.jpg,4252,1
20170330080003070.jpg,4253,1
20170330080004528.jpg,4254,1
20170330080415884.jpg,4255,1
20170330081019995.jpg,4256,1
20170330081632470.jpg,4257,1
20170330082033255.jpg,4258,1
20170330082321518.jpg,4259,1
20170330083459373.jpg,4260,1
20170330083717316.jpg,4261,1
20170330085147771.jpg,4262,1
20170330085148201.jpg,4263,1
20170330085308054.jpg,4264,1
20170330085309517.jpg,4265,1
20170330085440333.jpg,4266,1
20170330085537655.jpg,4267,1
20170330085539114.jpg,4268,1
20170330085955483.jpg,4269,1
20170330085956922.jpg,4270,1
20170330090546051.jpg,4271,1
20170330095646213.jpg,4272,1
20170330095646694.jpg,4273,1
20170330095751105.jpg,4274,1
20170330095927587.jpg,4275,1
20170330100132948.jpg,4276,1
20170330105403355.jpg,4277,1
20170330110502359.jpg,4278,1
20170330111144486.jpg,4279,1
20170330111147398.jpg,4280,1
20170330120141655.jpg,4281,1
20170330134444958.jpg,4282,1
20170330140118618.jpg,4283,1
20170330140920632.jpg,4284,1
20170330141200858.jpg,4285,1
20170330141323901.jpg,4286,1
20170330151213043.jpg,4287,1
20170330152314231.jpg,4288,1
20170330152319803.jpg,4289,1
20170330152413194.jpg,4290,1
20170330152418842.jpg,4291,1
20170330153037252.jpg,4292,1
20170330153038937.jpg,4293,1
20170330153112650.jpg,4294,1
20170330153216510.jpg,4295,1
20170330153329311.jpg,4296,1
20170330153330865.jpg,4297,1
20170330153359627.jpg,4298,1
20170330153401334.jpg,4299,1
20170330153519213.jpg,4300,1
20170330153520843.jpg,4301,1
20170330153640872.jpg,4302,1
20170330153711496.jpg,4303,1
20170330163249573.jpg,4304,1
20170330163327593.jpg,4305,1
20170330164642689.jpg,4306,1
20170330165025106.jpg,4307,1
20170330165025462.jpg,4308,1
20170330213316497.jpg,4309,1
20170330220158270.jpg,4310,1
20170330222014438.jpg,4311,1
20170330222644867.jpg,4312,1
20170330223645351.jpg,4313,1
20170331075147582.jpg,4314,1
20170331075148942.jpg,4315,1
20170331075821770.jpg,4316,1
20170331082121975.jpg,4317,1
20170331082123432.jpg,4318,1
20170331082357273.jpg,4319,1
20170331082621105.jpg,4320,1
20170331082622590.jpg,4321,1
20170331082942953.jpg,4322,1
20170331082944429.jpg,4323,1
20170331083148951.jpg,4324,1
20170331083150455.jpg,4325,1
20170331083849323.jpg,4326,1
20170331083850808.jpg,4327,1
20170331085031265.jpg,4328,1
20170331085032737.jpg,4329,1
20170331085316650.jpg,4330,1
20170331085318134.jpg,4331,1
20170331085538677.jpg,4332,1
20170331085540124.jpg,4333,1
20170331085833777.jpg,4334,1
20170331085939812.jpg,4335,1
20170331090025956.jpg,4336,1
20170331090026449.jpg,4337,1
20170331090247765.jpg,4338,1
20170331091707695.jpg,4339,1
20170331091709152.jpg,4340,1
20170331092136468.jpg,4341,1
20170331092345763.jpg,4342,1
20170331092347263.jpg,4343,1
20170331093312956.jpg,4344,1
20170331093314461.jpg,4345,1
20170331093706264.jpg,4346,1
20170331093707737.jpg,4347,1
20170331093914206.jpg,4348,1
20170331093915680.jpg,4349,1
20170331094019944.jpg,4350,1
20170331094024479.jpg,4351,1
20170331094110729.jpg,4352,1
20170331094112192.jpg,4353,1
20170331094327694.jpg,4354,1
20170331094614184.jpg,4355,1
20170331094615661.jpg,4356,1
20170331094944004.jpg,4357,1
20170331095158526.jpg,4358,1
20170331095408156.jpg,4359,1
20170331095409627.jpg,4360,1
20170331095753603.jpg,4361,1
20170331095921366.jpg,4362,1
20170331100227694.jpg,4363,1
20170331100227894.jpg,4364,1
20170331100347502.jpg,4365,1
20170331100616931.jpg,4366,1
20170331101910013.jpg,4367,1
20170331101919123.jpg,4368,1
20170331110249296.jpg,4369,1
20170331110254863.jpg,4370,1
20170331112121587.jpg,4371,1
20170331112228243.jpg,4372,1
20170331112229792.jpg,4373,1
20170331112327444.jpg,4374,1
20170331133736767.jpg,4375,1
20170331133825966.jpg,4376,1
20170331133833665.jpg,4377,1
20170331142753334.jpg,4378,1
20170331142808935.jpg,4379,1
20170331144918556.jpg,4380,1
20170331152748847.jpg,4381,1
20170331152754549.jpg,4382,1
20170331162653412.jpg,4383,1
20170401083336746.jpg,4384,1
20170401084753588.jpg,4385,1
20170401085536898.jpg,4386,1
20170401085538289.jpg,4387,1
20170401085943596.jpg,4388,1
20170401085944143.jpg,4389,1
20170401090053814.jpg,4390,1
20170401090207262.jpg,4391,1
20170401090207661.jpg,4392,1
20170401090508954.jpg,4393,1
20170401090509347.jpg,4394,1
20170401091022844.jpg,4395,1
20170401091024219.jpg,4396,1
20170401091745945.jpg,4397,1
20170401091747308.jpg,4398,1
20170401092743757.jpg,4399,1
20170401092749059.jpg,4400,1
20170401092850059.jpg,4401,1
20170401092855939.jpg,4402,1
20170401095150739.jpg,4403,1
20170401095345103.jpg,4404,1
20170401095608158.jpg,4405,1
20170401095655999.jpg,4406,1
20170401100008515.jpg,4407,1
20170401100837062.jpg,4408,1
20170401100843713.jpg,4409,1
20170401140956673.jpg,4410,1
20170401142156317.jpg,4411,1
20170401143447280.jpg,4412,1
20170401170902477.jpg,4413,1
20170401171141317.jpg,4414,1
20170401171218039.jpg,4415,1
20170401171223455.jpg,4416,1
20170401171316028.jpg,4417,1
20170401171542995.jpg,4418,1
20170401171718466.jpg,4419,1
20170401171723974.jpg,4420,1
20170401171753533.jpg,4421,1
20170404144935990.jpg,4422,1
20170404144939467.jpg,4423,1
20170404145018838.jpg,4424,1
20170404145113686.jpg,4425,1
20170404145601593.jpg,4426,1
20170404145602957.jpg,4427,1
20170405082647447.jpg,4428,1
20170405082720270.jpg,4429,1
20170405082726248.jpg,4430,1
20170405083433546.jpg,4431,1
20170405084158276.jpg,4432,1
20170405085531228.jpg,4433,1
20170405085537286.jpg,4434,1
20170405085630269.jpg,4435,1
20170405090038424.jpg,4436,1
20170405090223906.jpg,4437,1
20170405090519417.jpg,4438,1
20170405090748710.jpg,4439,1
20170405090751552.jpg,4440,1
20170405091133595.jpg,4441,1
20170405092854949.jpg,4442,1
20170405093026096.jpg,4443,1
20170405093547460.jpg,4444,1
20170405093750535.jpg,4445,1
20170405094018458.jpg,4446,1
20170405094341357.jpg,4447,1
20170405094437613.jpg,4448,1
20170405101009119.jpg,4449,1
20170405101325185.jpg,4450,1
20170405103411936.jpg,4451,1
20170405103418406.jpg,4452,1
20170405112448086.jpg,4453,1
20170405112539372.jpg,4454,1
20170405114058700.jpg,4455,1
20170405114257871.jpg,4456,1
20170405131909802.jpg,4457,1
20170405131912101.jpg,4458,1
20170405132019920.jpg,4459,1
20170405133141232.jpg,4460,1
20170405133534347.jpg,4461,1
20170405133620515.jpg,4462,1
20170405144029792.jpg,4463,1
20170405144047448.jpg,4464,1
20170405144225459.jpg,4465,1
20170405144855161.jpg,4466,1
20170405172240013.jpg,4467,1
20170406082351608.jpg,4468,1
20170406082540495.jpg,4469,1
20170406082540787.jpg,4470,1
20170406082610162.jpg,4471,1
20170406082747949.jpg,4472,1
20170406082748246.jpg,4473,1
20170406083853913.jpg,4474,1
20170406083949109.jpg,4475,1
20170406083950076.jpg,4476,1
20170406084018093.jpg,4477,1
20170406084019942.jpg,4478,1
20170406084240827.jpg,4479,1
20170406084303834.jpg,4480,1
20170406085446520.jpg,4481,1
20170406085447924.jpg,4482,1
20170406090732575.jpg,4483,1
20170406093306267.jpg,4484,1
20170406093311685.jpg,4485,1
20170406094448477.jpg,4486,1
20170406100349832.jpg,4487,1
20170406100429534.jpg,4488,1
20170406100526404.jpg,4489,1
20170406100532629.jpg,4490,1
20170406100610672.jpg,4491,1
20170406100646696.jpg,4492,1
20170406100959075.jpg,4493,1
20170406101046211.jpg,4494,1
20170406101226861.jpg,4495,1
20170406101229009.jpg,4496,1
20170406101629941.jpg,4497,1
20170406101631890.jpg,4498,1
20170406101655006.jpg,4499,1
20170406101702312.jpg,4500,1
20170406101723985.jpg,4501,1
20170406101726148.jpg,4502,1
20170406102954330.jpg,4503,1
20170406104028411.jpg,4504,1
20170406105457211.jpg,4505,1
20170406105743508.jpg,4506,1
20170406105928566.jpg,4507,1
20170406110331629.jpg,4508,1
20170406112542031.jpg,4509,1
20170406115000382.jpg,4510,1
20170406115405680.jpg,4511,1
20170406115411229.jpg,4512,1
20170406133140034.jpg,4513,1
20170406150020134.jpg,4514,1
20170406153916741.jpg,4515,1
20170406153924478.jpg,4516,1
20170406165101998.jpg,4517,1
20170406165104839.jpg,4518,1
20170406195436349.jpg,4519,1
20170406195445058.jpg,4520,1
20170406195731399.jpg,4521,1
20170407083344969.jpg,4522,1
20170407090312790.jpg,4523,1
20170407091619377.jpg,4524,1
20170407091918434.jpg,4525,1
20170407092042980.jpg,4526,1
20170407092553829.jpg,4527,1
20170407092714011.jpg,4528,1
20170407092845768.jpg,4529,1
20170407092851317.jpg,4530,1
20170407101150084.jpg,4531,1
20170407104254352.jpg,4532,1
20170407105555914.jpg,4533,1
20170407105559618.jpg,4534,1
20170407110107133.jpg,4535,1
20170407110520058.jpg,4536,1
20170407111631420.jpg,4537,1
20170407111820218.jpg,4538,1
20170407111907898.jpg,4539,1
20170407111908406.jpg,4540,1
20170407111938734.jpg,4541,1
20170407112129731.jpg,4542,1
20170407112130686.jpg,4543,1
20170407112311119.jpg,4544,1
20170407130346724.jpg,4545,1
20170407130352565.jpg,4546,1
20170407130846505.jpg,4547,1
20170407130852926.jpg,4548,1
20170407131109468.jpg,4549,1
20170407131115699.jpg,4550,1
20170407142749781.jpg,4551,1
20170407142759489.jpg,4552,1
20170407151534840.jpg,4553,1
20170407151537746.jpg,4554,1
20170407152218561.jpg,4555,1
20170407152221777.jpg,4556,1
20170407152351618.jpg,4557,1
20170407152501068.jpg,4558,1
20170407152615503.jpg,4559,1
20170407155047735.jpg,4560,1
20170407155054318.jpg,4561,1
20170407155503268.jpg,4562,1
20170407155510180.jpg,4563,1
20170407185843662.jpg,4564,1
20170407200146765.jpg,4565,1
20170407200152768.jpg,4566,1
20170407202440908.jpg,4567,1
20170407203129547.jpg,4568,1
20170407203619163.jpg,4569,1
20170407210511730.jpg,4570,1
20170407211924407.jpg,4571,1
20170407212919172.jpg,4572,1
20170407215111570.jpg,4573,1
20170407215113346.jpg,4574,1
20170407215252293.jpg,4575,1
20170407215253772.jpg,4576,1
20170407215758488.jpg,4577,1
20170407215805982.jpg,4578,1
20170407220503239.jpg,4579,1
20170407220510910.jpg,4580,1
20170407221302501.jpg,4581,1
20170407221413759.jpg,4582,1
20170407221420858.jpg,4583,1
20170407221518903.jpg,4584,1
20170407222105403.jpg,4585,1
20170407222112733.jpg,4586,1
20170407222416917.jpg,4587,1
20170407222424552.jpg,4588,1
20170407222518823.jpg,4589,1
20170407222627536.jpg,4590,1
20170407222635595.jpg,4591,1
20170407222732099.jpg,4592,1
20170407222739811.jpg,4593,1
20170407222835843.jpg,4594,1
20170407222940908.jpg,4595,1
20170407223312682.jpg,4596,1
20170407223435565.jpg,4597,1
20170407224448321.jpg,4598,1
20170407224542804.jpg,4599,1
20170407224656787.jpg,4600,1
20170407225711491.jpg,4601,1
20170407225718912.jpg,4602,1
20170407230059827.jpg,4603,1
20170407230107596.jpg,4604,1
20170407230211885.jpg,4605,1
20170407230219733.jpg,4606,1
20170407230314139.jpg,4607,1
20170407230321396.jpg,4608,1
20170407230558659.jpg,4609,1
20170407230606423.jpg,4610,1
20170407231602454.jpg,4611,1
20170407231610478.jpg,4612,1
20170407231656714.jpg,4613,1
20170407231758743.jpg,4614,1
20170407231958802.jpg,4615,1
20170407232006137.jpg,4616,1
20170407232357230.jpg,4617,1
20170407232456663.jpg,4618,1
20170407232503900.jpg,4619,1
20170407232603746.jpg,4620,1
20170407232611029.jpg,4621,1
20170407232704224.jpg,4622,1
20170407232824470.jpg,4623,1
20170407232929961.jpg,4624,1
20170407233041055.jpg,4625,1
20170407234350948.jpg,4626,1
20170407234358262.jpg,4627,1
20170407234553882.jpg,4628,1
20170407234601395.jpg,4629,1
20170407234751158.jpg,4630,1
20170407234758642.jpg,4631,1
20170407234957611.jpg,4632,1
20170407235248562.jpg,4633,1
20170407235344647.jpg,4634,1
20170407235353003.jpg,4635,1
20170407235449400.jpg,4636,1
20170407235549433.jpg,4637,1
20170407235647136.jpg,4638,1
20170407235654486.jpg,4639,1
20170407235909043.jpg,4640,1
20170407235916756.jpg,4641,1
20170408000114812.jpg,4642,1
20170408000122401.jpg,4643,1
20170408075826673.jpg,4644,1
20170408075831962.jpg,4645,1
20170408090406755.jpg,4646,1
20170408092517109.jpg,4647,1
20170408095250565.jpg,4648,1
20170408100832823.jpg,4649,1
20170408211259022.jpg,4650,1
20170408211306958.jpg,4651,1
20170408211509455.jpg,4652,1
20170408211825756.jpg,4653,1
20170408211833240.jpg,4654,1
20170408211942531.jpg,4655,1
20170408212150263.jpg,4656,1
20170408212157888.jpg,4657,1
20170408212307947.jpg,4658,1
20170408212315242.jpg,4659,1
20170408212405284.jpg,4660,1
20170408212538144.jpg,4661,1
20170408212545796.jpg,4662,1
20170408212826147.jpg,4663,1
20170408212833502.jpg,4664,1
20170408212938554.jpg,4665,1
20170408212945542.jpg,4666,1
20170408213047699.jpg,4667,1
20170408213251773.jpg,4668,1
20170408213413956.jpg,4669,1
20170408213532057.jpg,4670,1
20170408213539886.jpg,4671,1
20170408213629596.jpg,4672,1
20170408213637046.jpg,4673,1
20170408215230674.jpg,4674,1
20170408215237876.jpg,4675,1
20170408215516624.jpg,4676,1
20170408215653565.jpg,4677,1
20170408215701020.jpg,4678,1
20170408215821373.jpg,4679,1
20170408215830226.jpg,4680,1
20170408215933165.jpg,4681,1
20170408215951874.jpg,4682,1
20170408220055269.jpg,4683,1
20170408220102721.jpg,4684,1
20170408220201964.jpg,4685,1
20170408220207127.jpg,4686,1
20170408220307845.jpg,4687,1
20170408220315153.jpg,4688,1
20170408220418602.jpg,4689,1
20170408220426215.jpg,4690,1
20170408220639838.jpg,4691,1
20170408220646918.jpg,4692,1
20170408220806375.jpg,4693,1
20170408221651429.jpg,4694,1
20170408221658921.jpg,4695,1
20170408221820944.jpg,4696,1
20170408221828738.jpg,4697,1
20170408222000348.jpg,4698,1
20170408222007842.jpg,4699,1
20170408222102558.jpg,4700,1
20170408222110964.jpg,4701,1
20170408222209641.jpg,4702,1
20170408222307196.jpg,4703,1
20170408222413387.jpg,4704,1
20170408222419919.jpg,4705,1
20170408222505701.jpg,4706,1
20170408223034264.jpg,4707,1
20170408223150244.jpg,4708,1
20170408223157942.jpg,4709,1
20170408223350574.jpg,4710,1
20170408223500289.jpg,4711,1
20170408224031443.jpg,4712,1
20170408224038809.jpg,4713,1
20170408224136503.jpg,4714,1
20170408224204870.jpg,4715,1
20170408224549139.jpg,4716,1
20170408224556563.jpg,4717,1
20170408224652683.jpg,4718,1
20170408224936063.jpg,4719,1
20170408225037759.jpg,4720,1
20170408225045401.jpg,4721,1
20170408225140550.jpg,4722,1
20170408225147906.jpg,4723,1
20170408225242671.jpg,4724,1
20170408225336425.jpg,4725,1
20170408225441604.jpg,4726,1
20170408225541513.jpg,4727,1
20170408225549028.jpg,4728,1
20170408225650220.jpg,4729,1
20170408225801210.jpg,4730,1
20170408225905445.jpg,4731,1
20170408230124364.jpg,4732,1
20170408230824518.jpg,4733,1
20170408231031484.jpg,4734,1
20170408231038780.jpg,4735,1
20170408231134712.jpg,4736,1
20170408231141817.jpg,4737,1
20170408231430698.jpg,4738,1
20170408231438226.jpg,4739,1
20170408231532801.jpg,4740,1
20170408231646827.jpg,4741,1
20170408231654502.jpg,4742,1
20170408231748422.jpg,4743,1
20170408231835180.jpg,4744,1
20170408231843079.jpg,4745,1
20170408231947575.jpg,4746,1
20170408232057631.jpg,4747,1
20170408232105296.jpg,4748,1
20170408232418287.jpg,4749,1
20170408232520025.jpg,4750,1
20170408232528524.jpg,4751,1
20170408232616805.jpg,4752,1
20170408232624414.jpg,4753,1
20170408232708638.jpg,4754,1
20170408232714912.jpg,4755,1
20170408232758270.jpg,4756,1
20170408232857731.jpg,4757,1
20170408233034773.jpg,4758,1
20170408233042465.jpg,4759,1
20170408233133830.jpg,4760,1
20170408233140422.jpg,4761,1
20170408233232742.jpg,4762,1
20170408233240607.jpg,4763,1
20170408233819816.jpg,4764,1
20170408233827747.jpg,4765,1
20170409161444107.jpg,4766,1
20170409195116125.jpg,4767,1
20170409195711766.jpg,4768,1
20170409200135732.jpg,4769,1
20170409200143081.jpg,4770,1
20170409200246090.jpg,4771,1
20170409200748007.jpg,4772,1
20170409200847372.jpg,4773,1
20170409200955120.jpg,4774,1
20170409201115333.jpg,4775,1
20170409201121783.jpg,4776,1
20170409201218881.jpg,4777,1
20170409201225894.jpg,4778,1
20170409201706285.jpg,4779,1
20170409201713241.jpg,4780,1
20170409201932991.jpg,4781,1
20170409202147097.jpg,4782,1
20170409204407123.jpg,4783,1
20170409204413622.jpg,4784,1
20170409211422237.jpg,4785,1
20170409211902734.jpg,4786,1
20170409212618661.jpg,4787,1
20170410083127380.jpg,4788,1
20170410084554253.jpg,4789,1
20170410085956202.jpg,4790,1
20170410090018363.jpg,4791,1
20170410091609639.jpg,4792,1
20170410091839449.jpg,4793,1
20170410092030015.jpg,4794,1
20170410092802341.jpg,4795,1
20170410092817707.jpg,4796,1
20170410093004711.jpg,4797,1
20170410093006216.jpg,4798,1
20170410093232105.jpg,4799,1
20170410093233575.jpg,4800,1
20170410093934395.jpg,4801,1
20170410094712940.jpg,4802,1
20170410094715869.jpg,4803,1
20170410094900438.jpg,4804,1
20170410095006512.jpg,4805,1
20170410095228806.jpg,4806,1
20170410095639511.jpg,4807,1
20170410100020530.jpg,4808,1
20170410100151239.jpg,4809,1
20170410100312572.jpg,4810,1
20170410100435784.jpg,4811,1
20170410100437235.jpg,4812,1
20170410100652796.jpg,4813,1
20170410100654309.jpg,4814,1
20170410101007742.jpg,4815,1
20170410103559297.jpg,4816,1
20170410110133449.jpg,4817,1
20170410110440627.jpg,4818,1
20170410110905034.jpg,4819,1
20170410111317874.jpg,4820,1
20170410111947588.jpg,4821,1
20170410120121151.jpg,4822,1
20170410120234740.jpg,4823,1
20170410120320427.jpg,4824,1
20170410133949207.jpg,4825,1
20170410135203932.jpg,4826,1
20170410135518663.jpg,4827,1
20170410135524275.jpg,4828,1
20170410142137901.jpg,4829,1
20170410142337498.jpg,4830,1
20170410142337982.jpg,4831,1
20170410143233144.jpg,4832,1
20170410143235530.jpg,4833,1
20170410143245452.jpg,4834,1
20170410143909882.jpg,4835,1
20170410143917185.jpg,4836,1
20170410144112680.jpg,4837,1
20170410144117670.jpg,4838,1
20170410144249143.jpg,4839,1
20170410144559008.jpg,4840,1
20170410151418655.jpg,4841,1
20170410151420397.jpg,4842,1
20170410153212741.jpg,4843,1
20170410153215997.jpg,4844,1
20170410161302089.jpg,4845,1
20170410161452132.jpg,4846,1
20170410161458922.jpg,4847,1
20170410161931292.jpg,4848,1
20170410161938592.jpg,4849,1
20170410162034639.jpg,4850,1
20170410163822909.jpg,4851,1
20170411084048148.jpg,4852,1
20170411084057965.jpg,4853,1
20170411085021368.jpg,4854,1
20170411085120763.jpg,4855,1
20170411085448701.jpg,4856,1
20170411085449115.jpg,4857,1
20170411091427661.jpg,4858,1
20170411091553591.jpg,4859,1
20170411092022304.jpg,4860,1
20170411092023785.jpg,4861,1
20170411092319101.jpg,4862,1
20170411092321966.jpg,4863,1
20170411094512999.jpg,4864,1
20170411094654395.jpg,4865,1
20170411094654805.jpg,4866,1
20170411095212766.jpg,4867,1
20170411095647973.jpg,4868,1
20170411103305601.jpg,4869,1
20170411103307026.jpg,4870,1
20170411103440592.jpg,4871,1
20170411103501312.jpg,4872,1
20170411104820443.jpg,4873,1
20170411104827537.jpg,4874,1
20170411104853158.jpg,4875,1
20170411113157251.jpg,4876,1
20170411113808410.jpg,4877,1
20170411114306114.jpg,4878,1
20170411114351412.jpg,4879,1
20170411114352014.jpg,4880,1
20170411115000607.jpg,4881,1
20170411115056986.jpg,4882,1
20170411115150518.jpg,4883,1
20170411115343714.jpg,4884,1
20170411115553358.jpg,4885,1
20170411115553873.jpg,4886,1
20170411135935799.jpg,4887,1
20170411140558742.jpg,4888,1
20170411141028467.jpg,4889,1
20170411141340843.jpg,4890,1
20170411141341504.jpg,4891,1
20170411141417294.jpg,4892,1
20170411141418009.jpg,4893,1
20170411141527445.jpg,4894,1
20170411141529980.jpg,4895,1
20170411141555506.jpg,4896,1
20170411141555881.jpg,4897,1
20170411141618642.jpg,4898,1
20170411141618693.jpg,4899,1
20170411141638796.jpg,4900,1
20170411141638867.jpg,4901,1
20170411141647884.jpg,4902,1
20170411141650393.jpg,4903,1
20170411141728019.jpg,4904,1
20170411141738901.jpg,4905,1
20170411141810989.jpg,4906,1
20170411143046738.jpg,4907,1
20170411153854469.jpg,4908,1
20170411154052709.jpg,4909,1
20170411154058230.jpg,4910,1
20170411154151017.jpg,4911,1
20170411154233229.jpg,4912,1
20170411204059840.jpg,4913,1
20170411204216809.jpg,4914,1
20170411204231266.jpg,4915,1
20170411204351632.jpg,4916,1
20170412084504237.jpg,4917,1
20170412084607669.jpg,4918,1
20170412084611885.jpg,4919,1
20170412085130247.jpg,4920,1
20170412085130636.jpg,4921,1
20170412085139692.jpg,4922,1
20170412085423431.jpg,4923,1
20170412090143066.jpg,4924,1
20170412091847055.jpg,4925,1
20170412091847743.jpg,4926,1
20170412093126547.jpg,4927,1
20170412093127006.jpg,4928,1
20170412093600138.jpg,4929,1
20170412093605779.jpg,4930,1
20170412101211088.jpg,4931,1
20170412101850963.jpg,4932,1
20170412102222060.jpg,4933,1
20170412102253763.jpg,4934,1
20170412102256852.jpg,4935,1
20170412102327984.jpg,4936,1
20170412102330295.jpg,4937,1
20170412103150457.jpg,4938,1
20170412103625063.jpg,4939,1
20170412103630403.jpg,4940,1
20170412105203855.jpg,4941,1
20170412105204865.jpg,4942,1
20170412105556320.jpg,4943,1
20170412105557985.jpg,4944,1
20170412110006298.jpg,4945,1
20170412110630281.jpg,4946,1
20170412110652874.jpg,4947,1
20170412110844402.jpg,4948,1
20170412112454107.jpg,4949,1
20170412112455588.jpg,4950,1
20170412112930040.jpg,4951,1
20170412112936704.jpg,4952,1
20170412113023076.jpg,4953,1
20170412113135134.jpg,4954,1
20170412113143166.jpg,4955,1
20170412113239202.jpg,4956,1
20170412113333910.jpg,4957,1
20170412135309189.jpg,4958,1
20170412135314676.jpg,4959,1
20170412135441966.jpg,4960,1
20170412135448206.jpg,4961,1
20170412141420309.jpg,4962,1
20170412152604310.jpg,4963,1
20170412162233043.jpg,4964,1
20170412174014430.jpg,4965,1
20170412185752595.jpg,4966,1
20170412191552082.jpg,4967,1
20170412193325622.jpg,4968,1
20170412193714113.jpg,4969,1
20170412194611479.jpg,4970,1
20170412195928065.jpg,4971,1
20170412202015432.jpg,4972,1
20170412202452024.jpg,4973,1
20170412202800866.jpg,4974,1
20170412203735568.jpg,4975,1
20170412203741013.jpg,4976,1
20170413080721568.jpg,4977,1
20170413081228371.jpg,4978,1
20170413081230591.jpg,4979,1
20170413081317045.jpg,4980,1
20170413081319152.jpg,4981,1
20170413081650531.jpg,4982,1
20170413083557675.jpg,4983,1
20170413083558002.jpg,4984,1
20170413084028675.jpg,4985,1
20170413085016334.jpg,4986,1
20170413085017776.jpg,4987,1
20170413085306463.jpg,4988,1
20170413085623125.jpg,4989,1
20170413085651460.jpg,4990,1
20170413085729775.jpg,4991,1
20170413085749781.jpg,4992,1
20170413091535584.jpg,4993,1
20170413093237889.jpg,4994,1
20170413094421610.jpg,4995,1
20170413094422086.jpg,4996,1
20170413095233566.jpg,4997,1
20170413101305552.jpg,4998,1
20170413101311265.jpg,4999,1
20170413101424496.jpg,5000,1
007-2489-100.jpg,5001,1
007-2492-100.jpg,5002,1
007-2497-100.jpg,5003,1
007-2498-100.jpg,5004,1
007-2500-100.jpg,5005,1
007-2501-100.jpg,5006,1
007-2503-100.jpg,5007,1
007-2504-100.jpg,5008,1
007-2505-100.jpg,5009,1
007-2508-100.jpg,5010,1
007-2518-100.jpg,5011,1
007-2519-100.jpg,5012,1
007-2520-100.jpg,5013,1
007-2523-100.jpg,5014,1
007-2532-100.jpg,5015,1
007-2533-100.jpg,5016,1
007-2539-100.jpg,5017,1
007-2540-100.jpg,5018,1
007-2543-100.jpg,5019,1
007-2546-100.jpg,5020,1
007-2549-100.jpg,5021,1
007-2550-100.jpg,5022,1
007-2551-100.jpg,5023,1
007-2553-100.jpg,5024,1
007-2554-100.jpg,5025,1
007-2557-100.jpg,5026,1
007-2566-100.jpg,5027,1
007-2567-100.jpg,5028,1
007-2568-100.jpg,5029,1
007-2575-100.jpg,5030,1
007-2578-100.jpg,5031,1
007-2581-100.jpg,5032,1
007-2587-100.jpg,5033,1
007-2588-100.jpg,5034,1
007-2595-100.jpg,5035,1
007-2596-100.jpg,5036,1
007-2599-100.jpg,5037,2
007-2600-100.jpg,5038,1
007-2602-100.jpg,5039,1
007-2607-100.jpg,5040,1
007-2617-100.jpg,5041,1
007-2619-100.jpg,5042,1
007-2621-100.jpg,5043,1
007-2622-100.jpg,5044,1
007-2623-100.jpg,5045,1
007-2625-100.jpg,5046,1
007-2626-100.jpg,5047,1
007-2629-100.jpg,5048,1
007-2630-100.jpg,5049,1
007-2632-100.jpg,5050,1
007-2633-100.jpg,5051,1
007-2636-100.jpg,5052,1
007-2637-100.jpg,5053,1
007-2639-100.jpg,5054,1
007-2647-100.jpg,5055,1
007-2648-100.jpg,5056,1
007-2650-100.jpg,5057,1
007-2665-100.jpg,5058,1
007-2666-100.jpg,5059,1
007-2669-100.jpg,5060,1
007-2670-100.jpg,5061,1
007-2672-100.jpg,5062,1
007-2674-100.jpg,5063,1
007-2677-100.jpg,5064,1
007-2681-100.jpg,5065,1
007-2682-100.jpg,5066,1
007-2683-100.jpg,5067,1
007-2684-100.jpg,5068,1
007-2685-100.jpg,5069,1
007-2689-100.jpg,5070,1
007-2691-100.jpg,5071,1
007-2692-100.jpg,5072,1
007-2694-100.jpg,5073,1
007-2695-100.jpg,5074,1
007-2696-100.jpg,5075,1
007-2697-100.jpg,5076,1
007-2700-100.jpg,5077,1
007-2702-100.jpg,5078,1
007-2703-100.jpg,5079,1
007-2704-100.jpg,5080,1
007-2705-100.jpg,5081,1
007-2706-100.jpg,5082,1
007-2707-100.jpg,5083,1
007-2710-100.jpg,5084,1
007-2711-100.jpg,5085,1
007-2712-100.jpg,5086,1
007-2715-100.jpg,5087,1
007-2717-100.jpg,5088,1
007-2720-100.jpg,5089,1
007-2722-100.jpg,5090,1
007-2723-100.jpg,5091,1
007-2725-100.jpg,5092,1
007-2726-100.jpg,5093,1
007-2728-100.jpg,5094,1
007-2731-100.jpg,5095,1
007-2733-100.jpg,5096,1
007-2734-100.jpg,5097,1
007-2738-100.jpg,5098,1
007-2740-100.jpg,5099,1
007-2743-100.jpg,5100,1
007-2744-100.jpg,5101,1
007-2750-100.jpg,5102,1
007-2751-100.jpg,5103,1
007-2752-100.jpg,5104,1
007-2756-100.jpg,5105,1
007-2757-100.jpg,5106,1
007-2761-100.jpg,5107,1
007-2764-100.jpg,5108,1
007-2768-100.jpg,5109,1
007-2769-100.jpg,5110,1
007-2770-100.jpg,5111,1
007-2771-100.jpg,5112,1
007-2772-100.jpg,5113,1
007-2776-100.jpg,5114,1
007-2781-100.jpg,5115,1
007-2782-100.jpg,5116,1
007-2785-100.jpg,5117,1
007-2786-100.jpg,5118,1
007-2787-100.jpg,5119,1
007-2788-100.jpg,5120,1
007-2790-100.jpg,5121,1
007-2795-100.jpg,5122,1
007-2798-100.jpg,5123,1
007-2802-100.jpg,5124,1
007-2805-100.jpg,5125,1
007-2808-100.jpg,5126,1
007-4930-300.jpg,5127,1
007-4931-300.jpg,5128,1
007-4932-300.jpg,5129,1
007-4933-300.jpg,5130,1
007-4934-300.jpg,5131,1
007-4935-300.jpg,5132,1
007-4936-300.jpg,5133,1
007-4937-300.jpg,5134,1
007-4938-300.jpg,5135,1
007-4939-300.jpg,5136,1
007-4940-300.jpg,5137,1
007-4941-300.jpg,5138,1
007-4942-300.jpg,5139,1
007-4943-300.jpg,5140,1
007-4944-300.jpg,5141,1
007-4945-300.jpg,5142,1
007-4946-300.jpg,5143,1
007-4947-300.jpg,5144,1
007-4948-300.jpg,5145,1
007-4949-300.jpg,5146,1
007-4950-300.jpg,5147,1
007-4951-300.jpg,5148,1
007-4952-300.jpg,5149,1
007-4953-300.jpg,5150,1
007-4954-300.jpg,5151,1
007-4955-300.jpg,5152,1
007-4956-300.jpg,5153,1
007-4957-300.jpg,5154,1
007-4958-300.jpg,5155,1
007-4959-300.jpg,5156,1
007-4960-300.jpg,5157,1
007-4961-300.jpg,5158,1
007-4962-300.jpg,5159,1
007-4964-300.jpg,5160,1
007-4965-300.jpg,5161,1
007-4966-300.jpg,5162,1
007-4967-300.jpg,5163,1
007-4968-300.jpg,5164,1
007-4969-300.jpg,5165,1
007-4970-300.jpg,5166,1
007-4971-300.jpg,5167,1
007-4972-300.jpg,5168,1
007-4973-300.jpg,5169,1
007-4974-300.jpg,5170,1
007-4976-300.jpg,5171,1
007-4977-300.jpg,5172,1
007-4978-300.jpg,5173,1
007-4979-300.jpg,5174,1
007-4980-300.jpg,5175,1
007-4982-300.jpg,5176,1
007-4983-300.jpg,5177,1
007-4984-300.jpg,5178,1
007-4985-300.jpg,5179,1
007-4986-300.jpg,5180,1
007-4987-300.jpg,5181,1
007-4988-300.jpg,5182,1
007-4989-300.jpg,5183,1
007-4990-300.jpg,5184,1
007-4993-300.jpg,5185,1
007-4994-300.jpg,5186,1
007-4995-300.jpg,5187,1
007-4996-300.jpg,5188,1
007-4997-300.jpg,5189,1
007-4998-300.jpg,5190,1
007-4999-300.jpg,5191,1
007-5000-300.jpg,5192,1
007-5001-300.jpg,5193,1
007-5002-300.jpg,5194,1
007-5003-300.jpg,5195,1
007-5004-300.jpg,5196,1
007-5005-300.jpg,5197,1
007-5006-300.jpg,5198,1
007-5007-300.jpg,5199,1
007-5008-300.jpg,5200,1
007-5009-300.jpg,5201,1
007-5010-300.jpg,5202,1
007-5011-300.jpg,5203,1
007-5012-300.jpg,5204,1
007-5013-300.jpg,5205,1
007-5014-300.jpg,5206,1
007-5015-300.jpg,5207,1
007-5016-300.jpg,5208,1
007-5017-300.jpg,5209,1
007-5018-300.jpg,5210,1
007-5019-300.jpg,5211,1
007-5020-300.jpg,5212,1
007-5022-300.jpg,5213,1
007-5023-300.jpg,5214,1
007-5024-300.jpg,5215,1
007-5025-300.jpg,5216,1
007-5026-300.jpg,5217,1
007-5027-300.jpg,5218,1
007-5028-300.jpg,5219,1
007-5029-300.jpg,5220,1
007-5030-300.jpg,5221,1
007-5031-300.jpg,5222,1
007-5032-300.jpg,5223,1
007-5033-300.jpg,5224,1
007-5034-300.jpg,5225,1
007-5035-300.jpg,5226,1
007-5036-300.jpg,5227,1
007-5037-300.jpg,5228,1
007-5038-300.jpg,5229,1
007-5039-300.jpg,5230,1
007-5040-300.jpg,5231,1
007-5041-300.jpg,5232,1
007-5042-300.jpg,5233,1
007-5043-300.jpg,5234,1
007-5044-300.jpg,5235,1
007-5045-300.jpg,5236,1
007-5047-300.jpg,5237,1
007-5048-300.jpg,5238,1
007-5049-300.jpg,5239,1
007-5050-300.jpg,5240,1
007-5051-300.jpg,5241,1
007-5053-300.jpg,5242,1
007-5054-300.jpg,5243,1
007-5055-300.jpg,5244,1
007-5056-300.jpg,5245,1
007-5057-300.jpg,5246,1
007-5058-300.jpg,5247,1
007-5059-300.jpg,5248,1
007-5060-300.jpg,5249,1
007-5061-300.jpg,5250,1
007-5062-300.jpg,5251,1
007-5063-300.jpg,5252,1
007-5064-300.jpg,5253,1
007-5065-300.jpg,5254,1
007-5066-300.jpg,5255,1
007-5068-300.jpg,5256,1
007-5069-300.jpg,5257,1
007-5070-300.jpg,5258,1
007-5071-300.jpg,5259,1
007-5072-300.jpg,5260,1
007-5073-300.jpg,5261,1
007-5074-300.jpg,5262,1
007-5075-300.jpg,5263,1
007-5077-300.jpg,5264,1
007-5078-300.jpg,5265,1
007-5079-300.jpg,5266,1
007-5080-300.jpg,5267,1
007-5081-300.jpg,5268,1
007-5082-300.jpg,5269,1
007-5083-300.jpg,5270,1
007-5084-300.jpg,5271,1
007-5086-300.jpg,5272,1
007-5087-300.jpg,5273,2
007-5088-300.jpg,5274,1
007-5089-300.jpg,5275,1
007-5090-300.jpg,5276,1
007-5091-300.jpg,5277,1
007-5092-300.jpg,5278,1
007-5093-300.jpg,5279,1
007-5094-300.jpg,5280,1
007-5095-300.jpg,5281,1
007-5096-300.jpg,5282,1
007-5097-300.jpg,5283,1
007-5098-300.jpg,5284,1
007-5099-300.jpg,5285,1
007-5100-300.jpg,5286,1
007-5101-300.jpg,5287,1
007-5102-300.jpg,5288,1
007-5103-300.jpg,5289,1
007-5104-300.jpg,5290,1
007-5105-300.jpg,5291,1
007-5106-300.jpg,5292,1
007-5107-300.jpg,5293,1
007-5108-300.jpg,5273,2
007-5109-300.jpg,5294,1
007-5110-300.jpg,5295,1
007-5111-300.jpg,5296,1
007-5112-300.jpg,5297,1
007-5113-300.jpg,5298,1
007-5114-300.jpg,5299,1
007-5117-300.jpg,5300,1
007-5118-300.jpg,5301,1
007-5119-300.jpg,5302,1
007-5120-300.jpg,5303,1
007-5121-300.jpg,5304,1
007-5123-300.jpg,5305,1
007-5124-300.jpg,5306,1
007-5125-300.jpg,5307,1
007-5126-300.jpg,5308,1
007-5127-300.jpg,5309,1
007-5128-300.jpg,5310,1
007-5129-300.jpg,5311,1
007-5130-300.jpg,5312,1
007-5131-300.jpg,5313,1
007-5132-300.jpg,5314,1
007-5133-300.jpg,5315,1
007-5134-300.jpg,5316,1
007-5135-300.jpg,5317,1
007-5136-300.jpg,5318,1
007-5137-300.jpg,5319,1
007-5138-300.jpg,5320,1
007-5139-300.jpg,5321,1
007-5141-300.jpg,5322,1
007-5142-300.jpg,5323,1
007-5143-300.jpg,5324,1
007-5144-300.jpg,5325,1
007-5145-300.jpg,5326,1
007-5146-300.jpg,5327,1
007-5147-300.jpg,5328,1
007-5148-300.jpg,5329,1
007-5149-300.jpg,5330,1
007-5150-300.jpg,5331,1
007-5151-300.jpg,5332,1
007-5152-300.jpg,5333,1
007-5153-300.jpg,5334,1
007-5154-300.jpg,5335,1
007-5155-300.jpg,5336,1
007-5156-300.jpg,5337,1
007-5157-300.jpg,5338,1
007-5158-300.jpg,5339,1
007-5159-300.jpg,5340,1
007-5160-300.jpg,5341,1
007-5161-300.jpg,5342,1
007-5162-300.jpg,5343,1
007-5163-300.jpg,5344,1
007-5164-300.jpg,5345,1
007-5165-300.jpg,5346,1
007-5166-300.jpg,5347,1
007-5168-300.jpg,5348,1
007-5170-300.jpg,5349,1
007-5171-300.jpg,5350,1
007-5174-300.jpg,5351,1
007-5175-300.jpg,5352,1
007-5176-300.jpg,5353,1
007-5177-300.jpg,5354,1
007-5178-300.jpg,5355,1
007-5180-300.jpg,5356,1
007-5181-300.jpg,5357,1
007-5182-300.jpg,5358,1
007-5183-300.jpg,5359,1
007-5184-300.jpg,5360,1
007-5185-300.jpg,5361,1
007-5187-300.jpg,5362,1
007-5188-300.jpg,5363,1
007-5189-300.jpg,5364,1
007-5191-300.jpg,5365,1
007-5192-300.jpg,5366,1
007-5193-300.jpg,5367,1
007-5194-300.jpg,5368,1
007-5195-300.jpg,5369,1
007-5196-300.jpg,5370,1
007-5197-300.jpg,5371,1
007-5198-300.jpg,5372,1
007-5199-300.jpg,5373,1
007-5201-300.jpg,5374,1
007-5202-300.jpg,5375,1
007-5203-300.jpg,5376,1
007-5204-300.jpg,5377,1
007-5205-300.jpg,5378,1
007-5206-300.jpg,5379,1
007-5209-300.jpg,5380,1
007-5210-300.jpg,5381,1
007-5211-300.jpg,5382,1
007-5212-300.jpg,5383,1
007-5213-300.jpg,5384,1
007-5214-300.jpg,5385,1
007-5215-300.jpg,5386,1
007-5216-300.jpg,5387,1
007-5217-300.jpg,5388,1
007-5218-300.jpg,5389,1
007-5219-300.jpg,5390,1
007-5220-300.jpg,5391,1
007-5221-300.jpg,5392,1
007-5222-300.jpg,5393,1
007-5224-300.jpg,5394,1
007-5225-300.jpg,5395,1
007-5226-300.jpg,5396,1
007-5227-300.jpg,5397,1
007-5228-300.jpg,5398,1
007-5229-300.jpg,5399,1
007-5230-300.jpg,5400,1
007-5231-300.jpg,5401,1
007-5232-300.jpg,5402,1
007-5233-300.jpg,5403,1
007-5234-300.jpg,5404,1
007-5235-300.jpg,5405,1
007-5236-300.jpg,5406,1
007-5237-300.jpg,5407,1
007-5238-300.jpg,5408,1
007-5239-300.jpg,5409,1
007-5240-300.jpg,5410,1
007-5241-300.jpg,5411,1
007-5242-300.jpg,5412,1
007-5243-300.jpg,5413,1
007-5244-300.jpg,5414,1
007-5245-300.jpg,5415,1
007-5246-300.jpg,5416,1
007-5247-300.jpg,5417,1
007-5248-300.jpg,5418,1
007-5249-300.jpg,5419,1
007-5250-300.jpg,5420,1
007-5251-300.jpg,5421,1
007-5252-300.jpg,5422,1
007-5253-300.jpg,5423,1
007-5254-300.jpg,5424,1
007-5255-300.jpg,5425,1
007-5256-300.jpg,5426,1
007-5257-300.jpg,5427,1
007-5258-300.jpg,5428,1
007-5260-300.jpg,5429,1
007-5261-300.jpg,5430,1
007-5262-300.jpg,5431,1
007-5263-300.jpg,5432,1
007-5264-300.jpg,5433,1
007-5265-300.jpg,5434,1
007-5266-300.jpg,5435,1
007-5267-300.jpg,5436,1
007-5268-300.jpg,5437,1
007-5269-300.jpg,5438,1
007-5270-300.jpg,5439,1
007-5271-300.jpg,5440,1
007-5272-300.jpg,5441,1
007-5273-300.jpg,5442,1
007-5274-300.jpg,5443,1
007-5275-300.jpg,5444,1
007-5276-300.jpg,5445,1
007-5278-300.jpg,5446,1
007-5279-300.jpg,5447,1
007-5280-300.jpg,5448,1
007-5281-300.jpg,5449,1
007-5282-300.jpg,5450,1
007-5283-300.jpg,5451,1
007-5284-300.jpg,5452,1
007-5285-300.jpg,5453,1
007-5286-300.jpg,5454,1
007-5287-300.jpg,5455,1
007-5288-300.jpg,5456,1
007-5289-300.jpg,5457,1
007-5291-300.jpg,5458,1
007-5292-300.jpg,5459,1
007-5293-300.jpg,5460,1
007-5294-300.jpg,5461,1
007-5295-300.jpg,5462,1
007-5296-300.jpg,5463,1
007-5297-300.jpg,5464,1
007-5298-300.jpg,5465,1
007-5299-300.jpg,5466,1
007-5300-300.jpg,5467,1
007-5301-300.jpg,5468,1
007-5302-300.jpg,5469,1
007-5303-300.jpg,5470,1
007-5304-300.jpg,5471,1
007-5305-300.jpg,5472,1
007-5306-300.jpg,5473,1
007-5308-300.jpg,5474,1
007-5309-300.jpg,5475,1
007-5310-300.jpg,5476,1
007-5311-300.jpg,5477,1
007-5312-300.jpg,5478,1
007-5313-300.jpg,5479,1
007-5314-300.jpg,5480,1
007-5315-300.jpg,5481,1
007-5316-300.jpg,5482,1
007-5317-300.jpg,5483,1
007-5318-300.jpg,5484,1
007-5320-300.jpg,5485,1
007-5321-300.jpg,5486,1
007-5322-300.jpg,5487,1
007-5323-300.jpg,5488,1
007-5324-300.jpg,5489,1
007-5325-300.jpg,5490,1
007-5326-300.jpg,5491,1
007-5327-300.jpg,5492,1
007-5328-300.jpg,5493,1
007-5329-300.jpg,5494,1
007-5330-300.jpg,5495,1
007-5331-300.jpg,5496,1
007-5332-300.jpg,5497,1
007-5333-300.jpg,5498,1
007-5335-300.jpg,5499,1
007-5336-300.jpg,5500,1
007-5337-300.jpg,5501,1
007-5338-300.jpg,5502,1
007-5339-300.jpg,5503,1
007-5340-300.jpg,5504,1
007-5341-300.jpg,5505,1
007-5342-300.jpg,5506,1
007-5343-300.jpg,5507,1
007-5344-300.jpg,5508,1
007-5345-300.jpg,5509,1
007-5346-300.jpg,5510,1
007-5347-300.jpg,5511,1
007-5348-300.jpg,5512,1
007-5351-300.jpg,5513,1
007-5352-300.jpg,5514,1
007-5353-300.jpg,5515,1
007-5354-300.jpg,5516,1
007-5355-300.jpg,5517,1
007-5356-300.jpg,5518,1
007-5357-300.jpg,5519,1
007-5358-300.jpg,5520,1
007-5359-300.jpg,5521,1
007-5360-300.jpg,5522,1
007-5362-300.jpg,5523,1
007-5363-300.jpg,5524,1
007-5364-300.jpg,5525,1
007-5365-300.jpg,5526,1
007-5366-300.jpg,5527,1
007-5367-300.jpg,5528,1
007-5368-300.jpg,5529,1
007-5369-300.jpg,5530,1
007-5370-300.jpg,5531,1
007-5371-300.jpg,5532,1
007-5372-300.jpg,5533,1
007-5373-300.jpg,5534,1
007-5375-300.jpg,5535,1
007-5376-300.jpg,5536,1
007-5378-300.jpg,5537,1
007-5379-300.jpg,5538,1
007-5380-300.jpg,5539,1
007-5381-300.jpg,5540,1
007-5382-300.jpg,5541,1
007-5383-300.jpg,5542,1
007-5384-300.jpg,5543,1
007-5385-300.jpg,5544,1
007-5386-300.jpg,5545,1
007-5387-300.jpg,5546,1
007-5388-300.jpg,5547,1
007-5389-300.jpg,5548,1
007-5390-300.jpg,5549,1
007-5391-300.jpg,5550,1
007-5392-300.jpg,5551,1
007-5393-300.jpg,5552,1
007-5394-300.jpg,5553,1
007-5395-300.jpg,5554,1
007-5396-300.jpg,5555,1
007-5397-300.jpg,5556,1
007-5398-300.jpg,5557,1
007-5399-300.jpg,5558,1
007-5400-300.jpg,5559,1
007-5401-300.jpg,5560,1
007-5402-300.jpg,5561,1
007-5403-300.jpg,5562,1
007-5404-300.jpg,5563,1
007-5407-300.jpg,5564,1
007-5408-300.jpg,5565,1
007-5409-300.jpg,5566,1
007-5410-300.jpg,5567,1
007-5411-300.jpg,5568,1
007-5412-300.jpg,5569,1
007-5413-300.jpg,5570,1
007-5415-300.jpg,5571,1
007-5416-300.jpg,5572,1
007-5417-300.jpg,5573,1
007-5418-300.jpg,5574,1
007-5419-300.jpg,5575,1
007-5420-300.jpg,5576,1
007-5421-300.jpg,5577,1
007-5422-300.jpg,5578,1
007-5423-300.jpg,5579,1
007-5424-300.jpg,5580,1
007-5425-300.jpg,5581,1
007-5426-300.jpg,5582,1
007-5427-300.jpg,5583,1
007-5428-300.jpg,5584,1
007-5429-300.jpg,5585,1
007-5431-300.jpg,5586,1
007-5432-300.jpg,5587,1
007-5433-300.jpg,5588,1
007-5434-300.jpg,5589,1
007-5435-300.jpg,5590,1
007-5437-300.jpg,5591,1
007-5439-300.jpg,5592,1
007-5440-300.jpg,5593,1
007-5441-300.jpg,5594,1
007-5442-300.jpg,5595,1
007-5445-300.jpg,5596,1
007-5446-300.jpg,5597,1
007-5447-300.jpg,5598,1
007-5448-300.jpg,5599,1
007-5450-300.jpg,5600,1
007-5453-300.jpg,5601,1
007-5454-300.jpg,5602,1
007-5455-300.jpg,5603,1
007-5456-300.jpg,5604,1
007-5458-300.jpg,5605,1
007-5459-300.jpg,5606,1
007-5460-300.jpg,5607,1
007-5461-300.jpg,5608,1
007-5462-300.jpg,5609,1
007-5463-300.jpg,5610,1
007-5464-300.jpg,5611,1
007-5465-300.jpg,5612,1
007-5466-300.jpg,5613,1
007-5467-300.jpg,5614,1
007-5468-300.jpg,5615,1
007-5469-300.jpg,5616,1
007-5470-300.jpg,5617,1
007-5471-300.jpg,5618,1
007-5472-300.jpg,5619,1
007-5473-300.jpg,5620,1
007-5474-300.jpg,5621,1
007-5475-300.jpg,5622,1
007-5476-300.jpg,5623,1
007-5478-300.jpg,5624,1
007-5479-300.jpg,5625,1
007-5480-300.jpg,5626,1
007-5484-300.jpg,5627,1
007-5485-300.jpg,5628,1
007-5486-300.jpg,5629,1
007-5487-300.jpg,5630,1
007-5488-300.jpg,5631,1
007-5489-300.jpg,5632,1
007-5490-300.jpg,5633,1
007-5491-300.jpg,5634,1
007-5492-300.jpg,5635,1
007-5493-300.jpg,5636,1
007-5494-300.jpg,5637,1
007-5495-300.jpg,5638,1
007-5496-300.jpg,5639,1
007-5497-300.jpg,5640,1
007-5498-300.jpg,5641,1
007-5499-300.jpg,5642,1
007-5500-300.jpg,5643,1
007-5501-300.jpg,5644,1
007-5503-300.jpg,5645,1
007-5504-300.jpg,5646,1
007-5505-300.jpg,5647,1
007-5506-300.jpg,5648,1
007-5507-300.jpg,5649,1
007-5508-300.jpg,5650,1
007-5509-300.jpg,5651,1
007-5510-300.jpg,5652,1
007-5511-300.jpg,5653,1
007-5512-300.jpg,5654,1
007-5513-300.jpg,5655,1
007-5514-300.jpg,5656,1
007-5515-300.jpg,5657,1
007-5516-300.jpg,5658,1
007-5517-300.jpg,5659,1
007-5518-300.jpg,5660,1
007-5519-300.jpg,5661,1
007-5521-300.jpg,5662,1
007-5522-300.jpg,5663,1
007-5526-300.jpg,5664,1
007-5529-300.jpg,5665,1
007-5530-300.jpg,5666,1
007-5531-300.jpg,5667,1
007-5532-300.jpg,5668,1
007-5535-300.jpg,5669,1
007-5537-300.jpg,5670,1
007-5539-300.jpg,5671,1
007-5540-300.jpg,5672,1
007-5541-300.jpg,5673,1
007-5542-300.jpg,5674,1
007-5544-300.jpg,5675,1
007-5545-300.jpg,5676,1
007-5546-300.jpg,5677,1
007-5547-300.jpg,5678,1
007-5548-300.jpg,5679,1
007-5549-300.jpg,5680,1
007-5550-300.jpg,5681,1
007-5551-300.jpg,5682,1
007-5552-300.jpg,5683,1
007-5553-300.jpg,5684,1
007-5554-300.jpg,5685,1
007-5555-300.jpg,5686,1
007-5558-300.jpg,5687,1
007-5559-300.jpg,5688,1
007-5560-300.jpg,5689,1
007-5561-300.jpg,5690,1
007-5562-300.jpg,5691,1
007-5563-300.jpg,5692,1
007-5564-300.jpg,5693,1
007-5565-300.jpg,5694,1
007-5566-300.jpg,5695,1
007-5567-300.jpg,5696,1
007-5568-300.jpg,5697,1
007-5569-300.jpg,5698,1
007-5571-300.jpg,5699,1
007-5572-300.jpg,5700,1
007-5575-300.jpg,5701,1
007-5576-300.jpg,5702,1
007-5577-300.jpg,5703,1
007-5578-300.jpg,5704,1
007-5579-300.jpg,5705,1
007-5580-300.jpg,5706,1
007-5581-300.jpg,5707,1
007-5582-300.jpg,5708,1
007-5583-300.jpg,5709,1
007-5584-300.jpg,5710,1
007-5585-300.jpg,5711,1
007-5586-300.jpg,5712,1
007-5587-300.jpg,5713,1
007-5588-300.jpg,5714,1
007-5589-300.jpg,5715,1
007-5590-300.jpg,5716,1
007-5591-300.jpg,5717,1
007-5592-300.jpg,5718,1
007-5593-300.jpg,5719,1
007-5594-300.jpg,5720,1
007-5595-300.jpg,5721,1
007-5596-300.jpg,5722,1
007-5597-300.jpg,5723,1
007-5598-300.jpg,5724,1
007-5599-300.jpg,5725,1
007-5600-300.jpg,5726,1
007-5601-300.jpg,5727,1
007-5605-300.jpg,5728,1
007-5606-300.jpg,5729,1
007-5607-300.jpg,5730,1
007-5608-300.jpg,5731,1
007-5609-300.jpg,5732,1
007-5610-300.jpg,5733,1
007-5611-300.jpg,5734,1
007-5612-300.jpg,5735,1
007-5613-300.jpg,5736,1
007-5614-300.jpg,5737,1
007-5615-300.jpg,5738,1
007-5616-300.jpg,5739,1
007-5617-300.jpg,5740,1
007-5618-300.jpg,5741,1
007-5620-300.jpg,5742,1
007-5621-300.jpg,5743,1
007-5622-300.jpg,5744,1
007-5623-300.jpg,5745,1
007-5624-300.jpg,5746,1
007-5626-300.jpg,5747,1
007-5627-300.jpg,5748,1
007-5628-300.jpg,5749,1
007-5629-300.jpg,5750,1
007-5630-300.jpg,5751,1
007-5631-300.jpg,5752,1
007-5632-300.jpg,5753,1
007-5633-300.jpg,5754,1
007-5634-300.jpg,5755,1
007-5635-300.jpg,5756,1
007-5636-300.jpg,5757,1
007-5637-300.jpg,5758,1
007-5638-300.jpg,5759,1
007-5639-300.jpg,5760,1
007-5640-300.jpg,5761,1
007-5641-300.jpg,5762,1
007-5642-300.jpg,5763,1
007-5643-300.jpg,5764,1
007-5644-300.jpg,5765,1
007-5645-300.jpg,5766,1
007-5646-300.jpg,5767,1
007-5647-300.jpg,5768,1
007-5648-300.jpg,5769,1
007-5649-300.jpg,5770,1
007-5651-300.jpg,5771,1
007-5653-300.jpg,5772,1
007-5654-300.jpg,5773,1
007-5655-300.jpg,5774,1
007-5656-300.jpg,5775,1
007-5657-300.jpg,5776,1
007-5660-300.jpg,5777,1
007-5662-300.jpg,5778,1
007-5663-300.jpg,5779,1
007-5664-300.jpg,5780,1
007-5665-300.jpg,5781,1
007-5666-300.jpg,5782,1
007-5667-300.jpg,5783,1
007-5668-300.jpg,5784,1
007-5669-300.jpg,5785,1
007-5670-300.jpg,5786,1
007-5671-300.jpg,5787,1
007-5672-300.jpg,5788,1
007-5674-300.jpg,5789,1
007-5675-300.jpg,5790,1
007-5676-300.jpg,5791,1
007-5677-300.jpg,5792,1
007-5680-300.jpg,5793,1
007-5681-300.jpg,5794,1
007-5682-300.jpg,5795,1
007-5686-300.jpg,5796,1
007-5688-300.jpg,5797,1
007-5689-300.jpg,5798,1
007-5690-300.jpg,5799,1
007-5691-300.jpg,5800,1
007-5692-300.jpg,5801,1
007-5694-300.jpg,5802,1
007-5696-300.jpg,5803,1
007-5697-300.jpg,5804,1
007-5699-300.jpg,5805,1
007-5700-300.jpg,5806,1
007-5701-300.jpg,5807,1
007-5702-300.jpg,5808,1
007-5704-300.jpg,5809,1
007-5705-300.jpg,5810,1
007-5707-300.jpg,5811,1
007-5708-300.jpg,5812,1
007-5709-300.jpg,5813,1
007-5711-300.jpg,5814,1
007-5712-300.jpg,5815,1
007-5713-300.jpg,5816,1
007-5714-300.jpg,5817,1
007-5715-300.jpg,5818,1
007-5716-300.jpg,5819,1
007-5717-300.jpg,5820,1
007-5718-300.jpg,5821,1
007-5719-300.jpg,5822,1
007-5720-300.jpg,5823,1
007-5721-300.jpg,5824,1
007-5722-300.jpg,5825,1
007-5723-300.jpg,5826,1
007-5724-300.jpg,5827,1
007-5725-300.jpg,5828,1
007-5726-300.jpg,5829,1
007-5728-300.jpg,5830,1
007-5729-300.jpg,5831,1
007-5730-300.jpg,5832,1
007-5735-300.jpg,5833,1
007-5738-300.jpg,5834,1
007-5740-300.jpg,5835,1
007-5743-300.jpg,5836,1
007-5750-300.jpg,5837,1
007-5751-300.jpg,5838,1
007-5752-300.jpg,5839,1
007-5755-300.jpg,5840,1
007-5756-300.jpg,5841,1
007-5757-300.jpg,5842,1
007-5758-300.jpg,5843,1
007-5759-300.jpg,5844,1
007-5760-300.jpg,5845,1
007-5762-300.jpg,5846,1
007-5764-300.jpg,5847,1
007-5765-300.jpg,5848,1
007-5766-300.jpg,5849,1
007-5767-300.jpg,5850,1
007-5768-300.jpg,5851,1
007-5769-300.jpg,5852,1
007-5770-300.jpg,5853,1
007-5771-300.jpg,5854,1
007-5772-300.jpg,5855,1
007-5773-300.jpg,5856,1
007-5774-300.jpg,5857,1
007-5776-300.jpg,5858,1
007-5777-300.jpg,5859,1
007-5778-300.jpg,5860,1
007-5779-300.jpg,5861,1
007-5780-300.jpg,5862,1
007-5781-300.jpg,5863,1
007-5782-300.jpg,5864,1
007-5783-300.jpg,5865,1
007-5784-300.jpg,5866,1
007-5785-300.jpg,5867,1
007-5786-300.jpg,5868,1
007-5787-300.jpg,5869,1
007-5789-300.jpg,5870,1
007-5790-300.jpg,5871,1
007-5791-300.jpg,5872,1
007-5792-300.jpg,5873,1
007-5793-300.jpg,5874,1
007-5794-300.jpg,5875,1
007-5795-300.jpg,5876,1
007-5796-300.jpg,5877,1
007-5797-300.jpg,5878,1
007-5798-300.jpg,5879,1
007-5799-300.jpg,5880,1
007-5800-300.jpg,5881,1
007-5801-300.jpg,5882,1
007-5802-300.jpg,5883,1
007-5803-300.jpg,5884,1
007-5806-300.jpg,5885,1
007-5807-300.jpg,5886,1
007-5808-300.jpg,5887,1
007-5809-300.jpg,5888,1
007-5810-300.jpg,5889,1
007-5811-300.jpg,5890,1
007-5812-300.jpg,5891,1
007-5813-300.jpg,5892,1
007-5814-300.jpg,5893,1
007-5815-300.jpg,5894,1
007-5816-300.jpg,5895,1
007-5817-300.jpg,5896,1
007-5818-300.jpg,5897,1
007-5819-300.jpg,5898,1
007-5820-300.jpg,5899,1
007-5821-300.jpg,5900,1
007-5823-300.jpg,5901,1
007-5824-300.jpg,5902,1
007-5825-300.jpg,5903,1
007-5826-300.jpg,5904,1
007-5827-300.jpg,5905,1
007-5828-300.jpg,5906,1
007-5829-300.jpg,5907,1
007-5831-300.jpg,5908,1
007-5832-300.jpg,5909,1
007-5833-300.jpg,5910,1
007-5834-300.jpg,5911,1
007-5835-300.jpg,5912,1
007-5836-300.jpg,5913,1
007-5837-300.jpg,5914,1
007-5838-300.jpg,5915,1
007-5839-300.jpg,5916,1
007-5840-300.jpg,5917,1
007-5841-300.jpg,5918,1
007-5842-300.jpg,5919,1
007-5843-300.jpg,5920,1
007-5844-300.jpg,5921,1
007-5845-300.jpg,5922,1
007-5846-300.jpg,5923,1
007-5847-300.jpg,5924,1
007-5848-300.jpg,5925,1
007-5849-300.jpg,5926,1
007-5850-300.jpg,5927,1
007-5851-300.jpg,5928,1
007-5852-300.jpg,5929,1
007-5853-300.jpg,5930,1
007-5854-300.jpg,5931,1
007-5855-300.jpg,5932,1
007-5856-300.jpg,5933,1
007-5857-300.jpg,5934,1
007-5858-300.jpg,5935,1
007-5859-300.jpg,5936,1
007-5860-300.jpg,5937,1
007-5861-300.jpg,5938,1
007-5862-300.jpg,5939,1
007-5863-300.jpg,5940,1
007-5864-300.jpg,5941,1
007-5866-300.jpg,5942,1
007-5867-300.jpg,5943,1
007-5868-300.jpg,5944,1
007-5869-300.jpg,5945,1
007-5870-300.jpg,5946,1
007-5871-300.jpg,5947,1
007-5872-300.jpg,5948,1
007-5873-300.jpg,5949,1
007-5874-300.jpg,5950,1
007-5875-300.jpg,5951,1
007-5876-300.jpg,5952,1
007-5877-300.jpg,5953,1
007-5878-300.jpg,5954,1
007-5879-300.jpg,5955,1
007-5880-300.jpg,5956,1
007-5881-300.jpg,5957,1
007-5882-300.jpg,5958,1
007-5883-300.jpg,5959,1
007-5886-300.jpg,5960,1
007-5887-300.jpg,5961,1
007-5888-300.jpg,5962,1
007-5889-300.jpg,5963,1
007-5890-300.jpg,5964,1
007-5893-300.jpg,5965,1
007-5894-300.jpg,5966,1
007-5896-300.jpg,5967,1
007-5897-300.jpg,5968,1
007-5898-300.jpg,5969,1
007-5899-300.jpg,5970,1
007-5900-300.jpg,5971,1
007-5901-300.jpg,5972,1
007-5902-300.jpg,5973,1
007-5903-300.jpg,5974,1
007-5905-300.jpg,5975,1
007-5906-300.jpg,5976,1
007-5907-300.jpg,5977,1
007-5908-300.jpg,5978,1
007-5909-300.jpg,5979,1
007-5910-300.jpg,5980,1
007-5911-300.jpg,5981,1
007-5912-300.jpg,5982,1
007-5913-300.jpg,5983,1
007-5914-300.jpg,5984,1
007-5915-300.jpg,5985,1
007-5916-300.jpg,5986,1
007-5917-300.jpg,5987,1
007-5918-300.jpg,5988,1
007-5919-300.jpg,5989,1
007-5920-300.jpg,5990,1
007-5921-300.jpg,5991,1
007-5922-300.jpg,5992,1
007-5923-300.jpg,5993,1
007-5924-300.jpg,5994,1
007-5925-300.jpg,5995,1
007-5927-300.jpg,5996,1
007-5928-300.jpg,5997,1
007-5929-300.jpg,5998,1
007-5930-300.jpg,5999,1
007-5931-300.jpg,6000,1
007-5932-300.jpg,6001,1
007-5934-300.jpg,6002,1
007-5935-300.jpg,6003,1
007-5936-300.jpg,6004,1
007-5937-300.jpg,6005,1
007-5938-300.jpg,6006,1
007-5939-300.jpg,6007,1
007-5940-300.jpg,6008,1
007-5941-300.jpg,6009,1
007-5942-300.jpg,6010,1
007-5943-300.jpg,6011,1
007-5944-300.jpg,6012,1
007-5945-300.jpg,6013,1
007-5946-300.jpg,6014,1
007-5947-300.jpg,6015,1
007-5948-300.jpg,6016,1
007-5949-300.jpg,6017,1
007-5950-300.jpg,6018,1
007-5951-300.jpg,6019,1
007-5952-300.jpg,6020,1
007-5520-300.jpg,6021,1
007-5523-300.jpg,6022,1
007-5524-300.jpg,6023,1
007-5525-300.jpg,6024,1
007-5527-300.jpg,6025,1
007-5528-300.jpg,6026,1
007-5556-300.jpg,6027,1
007-5570-300.jpg,6028,1
007-5573-300.jpg,6029,1
007-5574-300.jpg,6030,1
007-5602-300.jpg,6031,1
007-5603-300.jpg,6032,1
007-5604-300.jpg,6033,1
007-5661-300.jpg,6034,1
007-5673-300.jpg,6035,1
007-5678-300.jpg,6036,1
007-5679-300.jpg,6037,1
007-5683-300.jpg,6038,1
007-5684-300.jpg,6039,1
007-5685-300.jpg,6040,1
007-5687-300.jpg,6041,1
007-5693-300.jpg,6042,1
007-5695-300.jpg,6043,1
007-5698-300.jpg,6044,1
007-5703-300.jpg,6045,1
007-5706-300.jpg,6046,1
007-5710-300.jpg,6047,1
007-5727-300.jpg,6048,1
007-5754-300.jpg,6049,1
007-5761-300.jpg,6050,1
007-5763-300.jpg,6051,1
007-5775-300.jpg,6052,1
007-5788-300.jpg,6053,1
007-5804-300.jpg,6054,1
007-5805-300.jpg,6055,1
007-5822-300.jpg,6056,1
007-5830-300.jpg,6057,1
007-5865-300.jpg,6058,1
007-5884-300.jpg,6059,1
007-5885-300.jpg,6060,1
007-5891-300.jpg,6061,1
007-5895-300.jpg,6062,1
007-5904-300.jpg,6063,1
007-5926-300.jpg,6064,1
007-5933-300.jpg,6065,1
007-5963-300.jpg,6066,1
007-5964-300.jpg,6067,1
007-6766-400.jpg,6068,1
007-6767-400.jpg,6069,1
007-6768-400.jpg,6070,1
007-6769-400.jpg,6071,1
007-6770-400.jpg,6072,1
007-6771-400.jpg,6073,1
007-6772-400.jpg,6074,1
007-6773-400.jpg,6075,1
007-6774-400.jpg,6076,1
007-6775-400.jpg,6077,1
007-6776-400.jpg,6078,1
007-6777-400.jpg,6079,1
007-6778-400.jpg,6080,1
007-6779-400.jpg,6081,1
007-6780-400.jpg,6082,1
007-6781-400.jpg,6083,1
007-6782-400.jpg,6084,1
007-6783-400.jpg,6085,1
007-6784-400.jpg,6086,1
007-6785-400.jpg,6087,1
007-6786-400.jpg,6088,1
007-6787-400.jpg,6089,2
007-6788-400.jpg,6089,2
007-6789-400.jpg,6090,1
007-6791-400.jpg,6091,1
007-6792-400.jpg,6092,1
007-6793-400.jpg,6093,1
007-6794-400.jpg,6094,1
007-6795-400.jpg,6095,1
007-6796-400.jpg,6096,1
007-6797-400.jpg,6097,1
007-6798-400.jpg,6098,1
007-6799-400.jpg,6099,1
007-6800-400.jpg,6100,1
007-6801-400.jpg,6101,1
007-6802-400.jpg,6102,1
007-6803-400.jpg,6103,1
007-6804-400.jpg,6104,1
007-6805-400.jpg,6105,1
007-6806-400.jpg,6106,1
007-6807-400.jpg,6107,1
007-6808-400.jpg,6108,1
007-6809-400.jpg,6109,1
007-6810-400.jpg,6110,1
007-6811-400.jpg,6111,1
007-6812-400.jpg,6112,1
007-6813-400.jpg,6113,1
007-6814-400.jpg,6114,1
007-6815-400.jpg,6115,1
007-6816-400.jpg,6116,1
007-6817-400.jpg,6117,1
007-6818-400.jpg,6118,1
007-6819-400.jpg,6119,1
007-6820-400.jpg,6120,1
007-6821-400.jpg,6121,1
007-6822-400.jpg,6122,1
007-6823-400.jpg,6123,1
007-6824-400.jpg,6124,1
007-6825-400.jpg,6125,1
007-6826-400.jpg,6126,1
007-6827-400.jpg,6127,1
007-6828-400.jpg,6128,1
007-6829-400.jpg,6129,1
007-6830-400.jpg,6130,1
007-6831-400.jpg,6131,1
007-6832-400.jpg,6132,1
007-6833-400.jpg,6133,1
007-6834-400.jpg,6134,1
007-6835-400.jpg,6135,1
007-6836-400.jpg,6136,1
007-6837-400.jpg,6137,1
007-6838-400.jpg,6138,1
007-6839-400.jpg,6139,1
007-6840-400.jpg,6140,1
007-6841-400.jpg,6141,1
007-6842-400.jpg,6142,1
007-6843-400.jpg,6143,1
007-6844-400.jpg,6144,1
007-6845-400.jpg,6145,1
007-6846-400.jpg,6146,1
007-6847-400.jpg,6147,1
007-6848-400.jpg,6148,1
007-6849-400.jpg,6149,1
007-6850-400.jpg,6150,1
007-6851-400.jpg,6151,1
007-6852-400.jpg,6152,1
007-6853-400.jpg,6153,1
007-6854-400.jpg,6154,1
007-6855-400.jpg,6155,1
007-6856-400.jpg,6156,1
007-6857-400.jpg,6157,1
007-6858-400.jpg,6158,1
007-6859-400.jpg,6159,1
007-6860-400.jpg,6160,1
007-6861-400.jpg,6161,1
007-6862-400.jpg,6162,1
007-6863-400.jpg,6163,1
007-6864-400.jpg,6164,1
007-6865-400.jpg,6165,1
007-6867-400.jpg,6166,1
007-6868-400.jpg,6167,1
007-6869-400.jpg,6168,1
007-6870-400.jpg,6169,1
007-6871-400.jpg,6170,1
007-6872-400.jpg,6171,1
007-6873-400.jpg,6172,1
007-6874-400.jpg,6173,1
007-6875-400.jpg,6174,1
007-6876-400.jpg,6175,1
007-6877-400.jpg,6176,1
007-6878-400.jpg,6177,1
007-6879-400.jpg,6178,1
007-6880-400.jpg,6179,1
007-6881-400.jpg,6180,1
007-6882-400.jpg,6181,1
007-6883-400.jpg,6182,1
007-6884-400.jpg,6183,1
007-6885-400.jpg,6184,1
007-6886-400.jpg,6185,1
007-6887-400.jpg,6186,1
007-6888-400.jpg,6187,1
007-6889-400.jpg,6188,1
007-6890-400.jpg,6189,1
007-6891-400.jpg,6190,1
007-6892-400.jpg,6191,1
007-6893-400.jpg,6192,1
007-6894-400.jpg,6193,1
007-6895-400.jpg,6194,1
007-6896-400.jpg,6195,1
007-6897-400.jpg,6196,1
007-6898-400.jpg,6197,1
007-6899-400.jpg,6198,1
007-6900-400.jpg,6199,1
007-6901-400.jpg,6200,1
007-6902-400.jpg,6201,1
007-6903-400.jpg,6202,1
007-6904-400.jpg,6203,1
007-6905-400.jpg,6204,1
007-6906-400.jpg,6205,1
007-6908-400.jpg,6206,1
007-6909-400.jpg,6207,1
007-6910-400.jpg,6208,1
007-6912-400.jpg,6209,1
007-6914-400.jpg,6210,1
007-6915-400.jpg,6211,1
007-6917-400.jpg,6212,1
007-6918-400.jpg,6213,1
007-6921-400.jpg,6214,1
007-6922-400.jpg,6215,1
007-6923-400.jpg,6216,1
007-6924-400.jpg,6217,1
007-6925-400.jpg,6218,1
007-6926-400.jpg,6219,1
007-6927-400.jpg,6220,1
007-6928-400.jpg,6221,1
007-6929-400.jpg,6222,1
007-6930-400.jpg,6223,1
007-6931-400.jpg,6224,1
007-6932-400.jpg,6225,1
007-6935-400.jpg,6226,1
007-6936-400.jpg,6227,1
007-6937-400.jpg,6228,1
007-6938-400.jpg,6229,1
007-6939-400.jpg,6230,1
007-6940-400.jpg,6231,1
007-6941-400.jpg,6232,1
007-6942-400.jpg,6233,1
007-6943-400.jpg,6234,1
007-6944-400.jpg,6235,1
007-6945-400.jpg,6236,1
007-6946-400.jpg,6237,1
007-6947-400.jpg,6238,1
007-6948-400.jpg,6239,1
007-6949-400.jpg,6240,1
007-6950-400.jpg,6241,1
007-6951-400.jpg,6242,1
007-6952-400.jpg,6243,1
007-6953-400.jpg,6244,1
007-6956-400.jpg,6245,1
007-6957-400.jpg,6246,1
007-6958-400.jpg,6247,1
007-6959-400.jpg,6248,1
007-0004-000.jpg,6249,1
007-0007-000.jpg,6250,1
007-0008-000.jpg,6251,1
007-0009-000.jpg,6252,1
007-0011-000.jpg,6253,1
007-0013-000.jpg,6254,1
007-0022-000.jpg,6255,1
007-0023-000.jpg,6256,1
007-0024-000.jpg,6257,1
007-0025-000.jpg,6258,1
007-0026-000.jpg,6259,1
007-0028-000.jpg,6260,1
007-0029-000.jpg,6261,1
007-0030-000.jpg,6262,1
007-0031-000.jpg,6263,1
007-0032-000.jpg,6264,1
007-0034-000.jpg,6265,1
007-0035-000.jpg,6266,1
007-0036-000.jpg,6267,1
007-0037-000.jpg,6268,1
007-0038-000.jpg,6269,1
007-0040-000.jpg,6270,1
007-0041-000.jpg,6271,1
007-0042-000.jpg,6272,1
007-0043-000.jpg,6273,1
007-0044-000.jpg,6274,1
007-0046-000.jpg,6275,1
007-0048-000.jpg,6276,1
007-0049-000.jpg,6277,1
007-0050-000.jpg,6278,1
007-0051-000.jpg,6279,1
007-0052-000.jpg,6280,1
007-0053-000.jpg,6281,1
007-0054-000.jpg,6282,1
007-0055-000.jpg,6283,1
007-0056-000.jpg,6284,1
007-0057-000.jpg,6285,1
007-0058-000.jpg,6286,1
007-0059-000.jpg,6287,1
007-0060-000.jpg,6288,1
007-0061-000.jpg,6289,1
007-0062-000.jpg,6290,1
007-0063-000.jpg,6291,1
007-0064-000.jpg,6292,1
007-0065-000.jpg,6293,1
007-0066-000.jpg,6294,1
007-0067-000.jpg,6295,1
007-0068-000.jpg,6296,1
007-0069-000.jpg,6297,1
007-0070-000.jpg,6298,1
007-0071-000.jpg,6299,1
007-0072-000.jpg,6300,1
007-0073-000.jpg,6301,1
007-0074-000.jpg,6302,1
007-0075-000.jpg,6303,1
007-0076-000.jpg,6304,1
007-0077-000.jpg,6305,1
007-0078-000.jpg,6306,1
007-0079-000.jpg,6307,1
007-0080-000.jpg,6308,1
007-0082-000.jpg,6309,1
007-0083-000.jpg,6310,1
007-0084-000.jpg,6311,1
007-0085-000.jpg,6312,1
007-0086-000.jpg,6313,1
007-0087-000.jpg,6314,1
007-0088-000.jpg,6315,1
007-0089-000.jpg,6316,1
007-0090-000.jpg,6317,1
007-0091-000.jpg,6318,1
007-0092-000.jpg,6319,1
007-0094-000.jpg,6320,1
007-0095-000.jpg,6321,1
007-0097-000.jpg,6322,1
007-0098-000.jpg,6323,1
007-0099-000.jpg,6324,1
007-0100-000.jpg,6325,1
007-0101-000.jpg,6326,1
007-0102-000.jpg,6327,1
007-0103-000.jpg,6328,1
007-0104-000.jpg,6329,1
007-0105-000.jpg,6330,1
007-0107-000.jpg,6331,1
007-0108-000.jpg,6332,1
007-0109-000.jpg,6333,1
007-0111-000.jpg,6334,1
007-0112-000.jpg,6335,1
007-0113-000.jpg,6336,1
007-0114-000.jpg,6337,1
007-0115-000.jpg,6338,1
007-0116-000.jpg,6339,1
007-0117-000.jpg,6340,1
007-0118-000.jpg,6341,1
007-0119-000.jpg,6342,1
007-0120-000.jpg,6343,1
007-0121-000.jpg,6344,1
007-0122-000.jpg,6345,1
007-0123-000.jpg,6346,1
007-0126-000.jpg,6347,1
007-0127-000.jpg,6348,1
007-0128-000.jpg,6349,1
007-0129-000.jpg,6350,1
007-0130-000.jpg,6351,1
007-0131-000.jpg,6352,1
007-0132-000.jpg,6353,1
007-0133-000.jpg,6354,1
007-0134-000.jpg,6355,1
007-0136-000.jpg,6356,1
007-0137-000.jpg,6357,1
007-0138-000.jpg,6358,1
007-0140-000.jpg,6359,1
007-0141-000.jpg,6360,1
007-0142-000.jpg,6361,1
007-0143-000.jpg,6362,1
007-0145-000.jpg,6363,1
007-0146-000.jpg,6364,1
007-0147-000.jpg,6365,1
007-0148-000.jpg,6366,1
007-0149-000.jpg,6367,1
007-0150-000.jpg,6368,1
007-0151-000.jpg,6369,1
007-0152-000.jpg,6370,1
007-0153-000.jpg,6371,1
007-0154-000.jpg,6372,1
007-0155-000.jpg,6373,1
007-0157-000.jpg,6374,1
007-0158-000.jpg,6375,1
007-0159-000.jpg,6376,1
007-0160-000.jpg,6377,1
007-0161-000.jpg,6378,1
007-0162-000.jpg,6379,1
007-0163-000.jpg,6380,1
007-0164-000.jpg,6381,1
007-0165-000.jpg,6382,1
007-0166-000.jpg,6383,1
007-0167-000.jpg,6384,1
007-0168-000.jpg,6385,1
007-0169-000.jpg,6386,1
007-0170-000.jpg,6387,1
007-0171-000.jpg,6388,1
007-0172-000.jpg,6389,1
007-0173-000.jpg,6390,1
007-0175-000.jpg,6391,1
007-0176-000.jpg,6392,1
007-0177-000.jpg,6393,1
007-0178-000.jpg,6394,1
007-0179-000.jpg,6395,1
007-0180-000.jpg,6396,1
007-0181-000.jpg,6397,1
007-0182-000.jpg,6398,1
007-0183-000.jpg,6399,1
007-0184-000.jpg,6400,1
007-0186-000.jpg,6401,1
007-0187-000.jpg,6402,1
007-0188-000.jpg,6403,1
007-0189-000.jpg,6404,1
007-0190-000.jpg,6405,1
007-0191-000.jpg,6406,1
007-0192-000.jpg,6407,1
007-0193-000.jpg,6408,1
007-0194-000.jpg,6409,1
007-0195-000.jpg,6410,1
007-0196-000.jpg,6411,1
007-0197-000.jpg,6412,1
007-0198-000.jpg,6413,1
007-0199-000.jpg,6414,1
007-0200-000.jpg,6415,1
007-0201-000.jpg,6416,1
007-0202-000.jpg,6417,1
007-0203-000.jpg,6418,1
007-0204-000.jpg,6419,1
007-0205-000.jpg,6420,1
007-0206-000.jpg,6421,1
007-0207-000.jpg,6422,1
007-0208-000.jpg,6423,1
007-0209-000.jpg,6424,1
007-0210-000.jpg,6425,1
007-0211-000.jpg,6426,1
007-0212-000.jpg,6427,1
007-0213-000.jpg,6428,1
007-0214-000.jpg,6429,1
007-0215-000.jpg,6430,1
007-0216-000.jpg,6431,1
007-0217-000.jpg,6432,1
007-0218-000.jpg,6433,1
007-0219-000.jpg,6434,1
007-0220-000.jpg,6435,1
007-0221-000.jpg,6436,1
007-0222-000.jpg,6437,1
007-0223-000.jpg,6438,1
007-0224-000.jpg,6439,1
007-0225-000.jpg,6440,1
007-0226-000.jpg,6441,1
007-0227-000.jpg,6442,1
007-0229-000.jpg,6443,1
007-0230-000.jpg,6444,1
007-0231-000.jpg,6445,1
007-0232-000.jpg,6446,1
007-0233-000.jpg,6447,1
007-0234-000.jpg,6448,1
007-0235-000.jpg,6449,1
007-0236-000.jpg,6450,1
007-0237-000.jpg,6451,1
007-0238-000.jpg,6452,1
007-0239-000.jpg,6453,1
007-0240-000.jpg,6454,1
007-0241-000.jpg,6455,1
007-0242-000.jpg,6456,1
007-0243-000.jpg,6457,1
007-0244-000.jpg,6458,1
007-0245-000.jpg,6459,1
007-0246-000.jpg,6460,1
007-0248-000.jpg,6461,1
007-0250-000.jpg,6462,1
007-0251-000.jpg,6463,1
007-0252-000.jpg,6464,1
007-0253-000.jpg,6465,1
007-0254-000.jpg,6466,1
007-0255-000.jpg,6467,1
007-0256-000.jpg,6468,1
007-0257-000.jpg,6469,1
007-0258-000.jpg,6470,1
007-0259-000.jpg,6471,1
007-0260-000.jpg,6472,1
007-0261-000.jpg,6473,1
007-0262-000.jpg,6474,1
007-0263-000.jpg,6475,1
007-0264-000.jpg,6476,1
007-0265-000.jpg,6477,1
007-0266-000.jpg,6478,1
007-0267-000.jpg,6479,1
007-0268-000.jpg,6480,1
007-0269-000.jpg,6481,1
007-0270-000.jpg,6482,1
007-0271-000.jpg,6483,1
007-0272-000.jpg,6484,1
007-0273-000.jpg,6485,1
007-0275-000.jpg,6486,1
007-0276-000.jpg,6487,1
007-0277-000.jpg,6488,1
007-0278-000.jpg,6489,1
007-0279-000.jpg,6490,1
007-0280-000.jpg,6491,1
007-0281-000.jpg,6492,1
007-0282-000.jpg,6493,1
007-0283-000.jpg,6494,1
007-0284-000.jpg,6495,1
007-0285-000.jpg,6496,1
007-0286-000.jpg,6497,1
007-0287-000.jpg,6498,1
007-0288-000.jpg,6499,1
007-0289-000.jpg,6500,1
007-0290-000.jpg,6501,1
007-0292-000.jpg,6502,1
007-0293-000.jpg,6503,1
007-0294-000.jpg,6504,1
007-0295-000.jpg,6505,1
007-0296-000.jpg,6506,1
007-0297-000.jpg,6507,1
007-0298-000.jpg,6508,1
007-0299-000.jpg,6509,1
007-0300-000.jpg,6510,1
007-0301-000.jpg,6511,1
007-0302-000.jpg,6512,1
007-0303-000.jpg,6513,1
007-0304-000.jpg,6514,1
007-0305-000.jpg,6515,1
007-0306-000.jpg,6516,1
007-0307-000.jpg,6517,1
007-0308-000.jpg,6518,1
007-0309-000.jpg,6519,1
007-0310-000.jpg,6520,1
007-0311-000.jpg,6521,1
007-0312-000.jpg,6522,1
007-0314-000.jpg,6523,1
007-0315-000.jpg,6524,1
007-0316-000.jpg,6525,1
007-0317-000.jpg,6526,1
007-0318-000.jpg,6527,1
007-0319-000.jpg,6528,1
007-0320-000.jpg,6529,1
007-0321-000.jpg,6530,1
007-0323-000.jpg,6531,1
007-0324-000.jpg,6532,1
007-0325-000.jpg,6533,1
007-0326-000.jpg,6534,1
007-0327-000.jpg,6535,1
007-0328-000.jpg,6536,1
007-0329-000.jpg,6537,1
007-0330-000.jpg,6538,1
007-0331-000.jpg,6539,1
007-0332-000.jpg,6540,1
007-0333-000.jpg,6541,1
007-0334-000.jpg,6542,1
007-0335-000.jpg,6543,1
007-0336-000.jpg,6544,1
007-0337-000.jpg,6545,1
007-0339-000.jpg,6546,1
007-0340-000.jpg,6547,1
007-0341-000.jpg,6548,1
007-0342-000.jpg,6549,1
007-0343-000.jpg,6550,1
007-0344-000.jpg,6551,1
007-0345-000.jpg,6552,1
007-0346-000.jpg,6553,1
007-0348-000.jpg,6554,1
007-0349-000.jpg,6555,1
007-0350-000.jpg,6556,1
007-0351-000.jpg,6557,1
007-0352-000.jpg,6558,1
007-0353-000.jpg,6559,1
007-0355-000.jpg,6560,1
007-0356-000.jpg,6561,1
007-0357-000.jpg,6562,1
007-0358-000.jpg,6563,1
007-0359-000.jpg,6564,1
007-0360-000.jpg,6565,1
007-0361-000.jpg,6566,1
007-0362-000.jpg,6567,1
007-0363-000.jpg,6568,1
007-0364-000.jpg,6569,1
007-0365-000.jpg,6570,1
007-0366-000.jpg,6571,1
007-0367-000.jpg,6572,1
007-0368-000.jpg,6573,1
007-0369-000.jpg,6574,1
007-0370-000.jpg,6575,1
007-0371-000.jpg,6576,1
007-0372-000.jpg,6577,1
007-0373-000.jpg,6578,1
007-0374-000.jpg,6579,1
007-0375-000.jpg,6580,1
007-0376-000.jpg,6581,1
007-0378-000.jpg,6582,1
007-0379-000.jpg,6583,1
007-0380-000.jpg,6584,1
007-0381-000.jpg,6585,1
007-0382-000.jpg,6586,1
007-0383-000.jpg,6587,1
007-0384-000.jpg,6588,1
007-0385-000.jpg,6589,1
007-0386-000.jpg,6590,1
007-0387-000.jpg,6591,1
007-0388-000.jpg,6592,1
007-0389-000.jpg,6593,1
007-0390-000.jpg,6594,1
007-0391-000.jpg,6595,1
007-0392-000.jpg,6596,1
007-0393-000.jpg,6597,1
007-0394-000.jpg,6598,1
007-0395-000.jpg,6599,1
007-0396-000.jpg,6600,1
007-0397-000.jpg,6601,1
007-0398-000.jpg,6602,1
007-0399-000.jpg,6603,1
007-0400-000.jpg,6604,1
007-0401-000.jpg,6605,1
007-0402-000.jpg,6606,1
007-0403-000.jpg,6607,1
007-0404-000.jpg,6608,1
007-0405-000.jpg,6609,1
007-0406-000.jpg,6610,1
007-0407-000.jpg,6611,1
007-0408-000.jpg,6612,1
007-0409-000.jpg,6613,1
007-0410-000.jpg,6614,1
007-0411-000.jpg,6615,1
007-0412-000.jpg,6616,1
007-0413-000.jpg,6617,1
007-0414-000.jpg,6618,1
007-0415-000.jpg,6619,1
007-0416-000.jpg,6620,1
007-0417-000.jpg,6621,1
007-0418-000.jpg,6622,1
007-0419-000.jpg,6623,1
007-0420-000.jpg,6624,1
007-0421-000.jpg,6625,1
007-0422-000.jpg,6626,1
007-0423-000.jpg,6627,1
007-0424-000.jpg,6628,1
007-0425-000.jpg,6629,1
007-0427-000.jpg,6630,1
007-0428-000.jpg,6631,1
007-0430-000.jpg,6632,1
007-0431-000.jpg,6633,1
007-0432-000.jpg,6634,1
007-0433-000.jpg,6635,1
007-0434-000.jpg,6636,1
007-0435-000.jpg,6637,1
007-0436-000.jpg,6638,1
007-0437-000.jpg,6639,1
007-0440-000.jpg,6640,1
007-0442-000.jpg,6641,1
007-0443-000.jpg,6642,1
007-0444-000.jpg,6643,1
007-0445-000.jpg,6644,2
007-0446-000.jpg,6644,2
007-0447-000.jpg,6645,2
007-0448-000.jpg,6645,2
007-0449-000.jpg,6646,1
007-0450-000.jpg,511,2
007-0452-000.jpg,6647,1
007-0453-000.jpg,512,2
007-0454-000.jpg,6648,1
007-0455-000.jpg,6649,1
007-0456-000.jpg,507,2
007-0457-000.jpg,6650,1
007-0458-000.jpg,508,2
007-0459-000.jpg,6651,1
007-0460-000.jpg,514,2
007-0461-000.jpg,6652,1
007-0462-000.jpg,6653,1
007-0464-000.jpg,6654,1
007-0465-000.jpg,6655,1
007-0466-000.jpg,6656,1
007-0467-000.jpg,6657,1
007-0468-000.jpg,6658,1
007-0469-000.jpg,6659,1
007-0470-000.jpg,6660,1
007-0471-000.jpg,6661,1
007-0472-000.jpg,6662,1
007-0473-000.jpg,6663,1
007-0474-000.jpg,6664,1
007-0475-000.jpg,6665,1
007-0476-000.jpg,6666,1
007-0477-000.jpg,6667,1
007-0478-000.jpg,6668,1
007-0479-000.jpg,6669,1
007-0480-000.jpg,6670,1
007-0481-000.jpg,6671,1
007-0482-000.jpg,6672,1
007-0483-000.jpg,6673,1
007-0484-000.jpg,6674,1
007-0485-000.jpg,6675,1
007-0486-000.jpg,6676,1
007-0487-000.jpg,6677,1
007-0488-000.jpg,6678,1
007-0489-000.jpg,6679,1
007-0490-000.jpg,6680,1
007-0491-000.jpg,6681,1
007-0492-000.jpg,6682,1
007-0493-000.jpg,6683,1
007-0494-000.jpg,6684,1
007-0495-000.jpg,6685,1
007-0496-000.jpg,6686,1
007-0497-000.jpg,6687,1
007-0498-000.jpg,6688,1
007-0499-000.jpg,6689,1
007-0500-000.jpg,6690,1
007-0501-000.jpg,6691,1
007-0502-000.jpg,6692,1
007-0503-000.jpg,6693,2
007-0504-000.jpg,6694,1
007-0505-000.jpg,6695,1
007-0506-000.jpg,6696,1
007-0507-000.jpg,6697,1
007-0508-000.jpg,6698,1
007-0509-000.jpg,6699,1
007-0510-000.jpg,6700,1
007-0512-000.jpg,6701,1
007-0513-000.jpg,6702,1
007-0514-000.jpg,6703,1
007-0516-000.jpg,6704,1
007-0517-000.jpg,6705,1
007-0518-000.jpg,6706,1
007-0519-000.jpg,6707,1
007-0520-000.jpg,6708,1
007-0521-000.jpg,6709,1
007-0522-000.jpg,6710,1
007-0523-000.jpg,6711,1
007-0524-000.jpg,6712,1
007-0525-000.jpg,6713,1
007-0526-000.jpg,6714,1
007-0527-000.jpg,6715,2
007-0528-000.jpg,6716,2
007-0529-000.jpg,6717,1
007-0530-000.jpg,6718,1
007-0531-000.jpg,6719,1
007-0532-000.jpg,6720,1
007-0533-000.jpg,6721,1
007-0534-000.jpg,6722,1
007-0535-000.jpg,6723,1
007-0536-000.jpg,6724,1
007-0537-000.jpg,6725,1
007-0539-000.jpg,6726,1
007-0541-000.jpg,6727,2
007-0543-000.jpg,6728,1
007-0544-000.jpg,6729,1
007-0545-000.jpg,6730,1
007-0546-000.jpg,6731,1
007-0548-000.jpg,6732,1
007-0549-000.jpg,6733,1
007-0550-000.jpg,6734,1
007-0551-000.jpg,6735,1
007-0552-000.jpg,6736,1
007-0553-000.jpg,6737,1
007-0556-000.jpg,6738,1
007-0557-000.jpg,6739,1
007-0558-000.jpg,6740,1
007-0559-000.jpg,6741,1
007-0560-000.jpg,6742,1
007-0561-000.jpg,6743,1
007-0562-000.jpg,6744,1
007-0564-000.jpg,6745,1
007-0565-000.jpg,6746,1
007-0566-000.jpg,6747,1
007-0567-000.jpg,6748,1
007-0568-000.jpg,6749,1
007-0569-000.jpg,6750,1
007-0570-000.jpg,6751,1
007-0571-000.jpg,6752,1
007-0572-000.jpg,6753,1
007-0573-000.jpg,6754,1
007-0575-000.jpg,6755,1
007-0576-000.jpg,6756,1
007-0577-000.jpg,6757,1
007-0579-000.jpg,6758,1
007-0580-000.jpg,6759,1
007-0581-000.jpg,6760,1
007-0582-000.jpg,6761,1
007-0583-000.jpg,6762,1
007-0584-000.jpg,6763,1
007-0585-000.jpg,6764,1
007-0586-000.jpg,6765,1
007-0587-000.jpg,6766,1
007-0588-000.jpg,6767,1
007-0590-000.jpg,6768,1
007-0591-000.jpg,6769,1
007-0592-000.jpg,6770,1
007-0593-000.jpg,6771,1
007-0594-000.jpg,6772,1
007-0595-000.jpg,6773,1
007-0596-000.jpg,6774,1
007-0597-000.jpg,6775,1
007-0598-000.jpg,6776,1
007-0599-000.jpg,6777,1
007-0600-000.jpg,6778,1
007-0601-000.jpg,6779,1
007-0602-000.jpg,6780,1
007-0603-000.jpg,6781,1
007-0604-000.jpg,6782,1
007-0605-000.jpg,6783,1
007-0607-000.jpg,6784,1
007-0608-000.jpg,6785,1
007-0609-000.jpg,6786,1
007-0611-000.jpg,6787,1
007-0612-000.jpg,6788,1
007-0613-000.jpg,6789,1
007-0614-000.jpg,6790,1
007-0615-000.jpg,6791,1
007-0616-000.jpg,6792,1
007-0617-000.jpg,6793,1
007-0618-000.jpg,6794,1
007-0619-000.jpg,6795,1
007-0620-000.jpg,6796,1
007-0621-000.jpg,6797,1
007-0622-000.jpg,6798,1
007-0623-000.jpg,6799,1
007-0624-000.jpg,6800,1
007-0625-000.jpg,6801,1
007-0626-000.jpg,6802,1
007-0627-000.jpg,6803,1
007-0628-000.jpg,6804,1
007-0630-000.jpg,6805,1
007-0631-000.jpg,6806,1
007-0632-000.jpg,6807,1
007-0633-000.jpg,6808,1
007-0634-000.jpg,6809,1
007-0635-000.jpg,6810,1
007-0636-000.jpg,6811,1
007-0637-000.jpg,6812,1
007-0638-000.jpg,6813,1
007-0640-000.jpg,6814,1
007-0641-000.jpg,6815,1
007-0642-000.jpg,6816,1
007-0643-000.jpg,6817,1
007-0644-000.jpg,6818,1
007-0645-000.jpg,6819,1
007-0646-000.jpg,6820,1
007-0647-000.jpg,6821,1
007-0648-000.jpg,6822,1
007-0649-000.jpg,6823,1
007-0650-000.jpg,6824,1
007-0652-000.jpg,6825,1
007-0653-000.jpg,6826,1
007-0654-000.jpg,6827,1
007-0655-000.jpg,6828,1
007-0656-000.jpg,6829,1
007-0658-000.jpg,6830,1
007-0659-000.jpg,6831,1
007-0660-000.jpg,6832,1
007-0661-000.jpg,6833,1
007-0663-000.jpg,6834,1
007-0665-000.jpg,6835,1
007-0666-000.jpg,6836,1
007-0667-000.jpg,6837,1
007-0668-000.jpg,6838,1
007-0669-000.jpg,6839,1
007-0670-000.jpg,6840,1
007-0671-000.jpg,6841,1
007-0672-000.jpg,6842,1
007-0673-000.jpg,6843,1
007-0674-000.jpg,6844,1
007-0675-000.jpg,6845,1
007-0676-000.jpg,6846,1
007-0678-000.jpg,6847,1
007-0679-000.jpg,6848,1
007-0681-000.jpg,6849,1
007-0682-000.jpg,6850,1
007-0683-000.jpg,6851,1
007-0684-000.jpg,6852,1
007-0685-000.jpg,6853,1
007-0686-000.jpg,6854,1
007-0687-000.jpg,6855,1
007-0688-000.jpg,6856,1
007-0689-000.jpg,6857,1
007-0690-000.jpg,6858,1
007-0691-000.jpg,6859,1
007-0692-000.jpg,6860,1
007-0694-000.jpg,6861,1
007-0695-000.jpg,6862,1
007-0696-000.jpg,6863,1
007-0697-000.jpg,6864,1
007-0698-000.jpg,6865,1
007-0700-000.jpg,6866,1
007-0701-000.jpg,6867,1
007-0702-000.jpg,4221,2
007-0703-000.jpg,6868,1
007-0704-000.jpg,6869,2
007-0707-000.jpg,6870,1
007-0710-000.jpg,6871,1
007-0711-000.jpg,6872,1
007-0712-000.jpg,6873,1
007-0715-000.jpg,6874,1
007-0716-000.jpg,6875,1
007-0718-000.jpg,6876,1
007-0719-000.jpg,6877,1
007-0720-000.jpg,6878,1
007-0721-000.jpg,6879,1
007-0722-000.jpg,6880,1
007-0723-000.jpg,6881,1
007-0724-000.jpg,6882,1
007-0726-000.jpg,6883,1
007-0728-000.jpg,6884,1
007-0729-000.jpg,6885,1
007-0731-000.jpg,6886,1
007-0732-000.jpg,6887,1
007-0733-000.jpg,6888,1
007-0734-000.jpg,6889,1
007-0735-000.jpg,6890,1
007-0736-000.jpg,6891,1
007-0737-000.jpg,6892,1
007-0738-000.jpg,6893,1
007-0739-000.jpg,6894,1
007-0740-000.jpg,6895,1
007-0741-000.jpg,6896,1
007-0747-000.jpg,6897,1
007-0748-000.jpg,6898,1
007-0749-000.jpg,6899,1
007-0750-000.jpg,6900,1
007-0751-000.jpg,6901,1
007-0752-000.jpg,6902,1
007-0757-000.jpg,6903,1
007-0758-000.jpg,6904,1
007-0759-000.jpg,6905,1
007-0760-000.jpg,6906,1
007-0761-000.jpg,6907,1
007-0762-000.jpg,6908,1
007-0763-000.jpg,6909,1
007-0764-000.jpg,6910,1
007-0765-000.jpg,6911,1
007-0766-000.jpg,6912,1
007-0767-000.jpg,6913,1
007-0768-000.jpg,6914,1
007-0769-000.jpg,6915,1
007-0770-000.jpg,6916,1
007-0771-000.jpg,6917,1
007-0772-000.jpg,6918,1
007-0773-000.jpg,6919,1
007-0774-000.jpg,6920,1
007-0775-000.jpg,6921,1
007-0776-000.jpg,6922,1
007-0777-000.jpg,6923,1
007-0778-000.jpg,6924,1
007-0779-000.jpg,6925,1
007-0780-000.jpg,6926,1
007-0781-000.jpg,6927,1
007-0782-000.jpg,6928,1
007-0783-000.jpg,6929,1
007-0784-000.jpg,6930,1
007-0785-000.jpg,6931,1
007-0786-000.jpg,6932,1
007-0787-000.jpg,6933,1
007-0788-000.jpg,6934,1
007-0790-000.jpg,6935,1
007-0791-000.jpg,6936,1
007-0792-000.jpg,6937,1
007-0793-000.jpg,6938,1
007-0795-000.jpg,6939,1
007-0796-000.jpg,6940,1
007-0797-000.jpg,6941,1
007-0798-000.jpg,6942,1
007-0799-000.jpg,6943,1
007-0800-000.jpg,6944,1
007-0801-000.jpg,6945,1
007-0802-000.jpg,6946,1
007-0803-000.jpg,6947,1
007-0804-000.jpg,6948,1
007-0805-000.jpg,6949,1
007-0806-000.jpg,6950,1
007-0807-000.jpg,6951,1
007-0808-000.jpg,6952,1
007-0809-000.jpg,6953,1
007-0810-000.jpg,6954,1
007-0811-000.jpg,6955,1
007-0812-000.jpg,6956,1
007-0813-000.jpg,6957,1
007-0814-000.jpg,6958,1
007-0815-000.jpg,6959,1
007-0816-000.jpg,6960,1
007-0817-000.jpg,6961,1
007-0818-000.jpg,6962,1
007-0819-000.jpg,6963,1
007-0821-000.jpg,6964,1
007-0822-000.jpg,6965,1
007-0823-000.jpg,6966,1
007-0824-000.jpg,6967,1
007-0825-000.jpg,6968,1
007-0826-000.jpg,6969,1
007-0827-000.jpg,6970,1
007-0828-000.jpg,6971,1
007-0829-000.jpg,6972,1
007-0830-000.jpg,6973,1
007-0831-000.jpg,6974,1
007-0832-000.jpg,6975,1
007-0833-000.jpg,6976,1
007-0834-000.jpg,6977,1
007-0836-000.jpg,6978,1
007-0837-000.jpg,6979,1
007-0838-000.jpg,6980,1
007-0839-000.jpg,6981,1
007-0840-000.jpg,6982,1
007-0841-000.jpg,6983,1
007-0842-000.jpg,6984,1
007-0843-000.jpg,6985,1
007-0844-000.jpg,6986,1
007-0845-000.jpg,6987,1
007-0846-000.jpg,6988,1
007-0847-000.jpg,6989,1
007-0850-000.jpg,6990,1
007-0852-000.jpg,6991,1
007-0853-000.jpg,6992,1
007-0854-000.jpg,6993,1
007-0855-000.jpg,6994,1
007-0856-000.jpg,6995,1
007-0857-000.jpg,6996,1
007-0858-000.jpg,6997,1
007-0859-000.jpg,6998,1
007-0860-000.jpg,6999,1
007-0861-000.jpg,7000,1
007-0862-000.jpg,7001,1
007-0863-000.jpg,7002,1
007-0864-000.jpg,7003,1
007-0865-000.jpg,7004,1
007-0866-000.jpg,7005,1
007-0867-000.jpg,7006,1
007-0868-000.jpg,7007,1
007-0869-000.jpg,7008,1
007-0870-000.jpg,7009,1
007-0871-000.jpg,7010,1
007-0872-000.jpg,7011,1
007-0873-000.jpg,7012,1
007-0874-000.jpg,7013,1
007-0875-000.jpg,7014,1
007-0876-000.jpg,7015,1
007-0877-000.jpg,7016,1
007-0878-000.jpg,7017,1
007-0879-000.jpg,7018,1
007-0880-000.jpg,7019,1
007-0881-000.jpg,7020,1
007-0882-000.jpg,7021,1
007-0885-000.jpg,7022,1
007-0886-000.jpg,7023,1
007-0887-000.jpg,7024,1
007-0888-000.jpg,7025,1
007-0889-000.jpg,7026,1
007-0890-000.jpg,7027,1
007-0891-000.jpg,7028,1
007-0892-000.jpg,7029,1
007-0893-000.jpg,7030,1
007-0894-000.jpg,7031,1
007-0895-000.jpg,7032,1
007-0896-000.jpg,7033,1
007-0897-000.jpg,7034,1
007-0898-000.jpg,7035,1
007-0899-000.jpg,7036,1
007-0900-000.jpg,7037,1
007-0902-000.jpg,7038,1
007-0903-000.jpg,7039,1
007-0904-000.jpg,7040,1
007-0905-000.jpg,7041,1
007-0908-000.jpg,7042,1
007-0916-000.jpg,7043,1
007-0918-000.jpg,7044,1
007-0919-000.jpg,7045,1
007-0920-000.jpg,7046,1
007-0921-000.jpg,7047,1
007-0922-000.jpg,7048,1
007-0923-000.jpg,7049,1
007-0924-000.jpg,7050,1
007-0925-000.jpg,7051,1
007-0926-000.jpg,7052,1
007-0927-000.jpg,7053,1
007-0928-000.jpg,7054,1
007-0929-000.jpg,7055,1
007-0930-000.jpg,7056,1
007-0931-000.jpg,7057,1
007-0932-000.jpg,7058,1
007-0933-000.jpg,7059,1
007-0934-000.jpg,7060,1
007-0935-000.jpg,7061,1
007-0936-000.jpg,7062,1
007-0937-000.jpg,7063,1
007-0938-000.jpg,7064,1
007-0939-000.jpg,7065,1
007-0940-000.jpg,7066,1
007-0941-000.jpg,7067,1
007-0942-000.jpg,7068,1
007-0943-000.jpg,7069,1
007-0944-000.jpg,7070,1
007-0945-000.jpg,7071,1
007-0946-000.jpg,7072,1
007-0947-000.jpg,7073,1
007-0948-000.jpg,7074,1
007-0949-000.jpg,7075,1
007-0950-000.jpg,7076,1
007-0951-000.jpg,7077,1
007-0952-000.jpg,7078,1
007-0953-000.jpg,7079,1
007-0954-000.jpg,7080,1
007-0955-000.jpg,7081,1
007-0956-000.jpg,7082,1
007-0957-000.jpg,7083,1
007-0958-000.jpg,7084,1
007-0959-000.jpg,7085,1
007-0960-000.jpg,7086,1
007-0961-000.jpg,7087,1
007-0962-000.jpg,7088,1
007-0963-000.jpg,7089,1
007-0964-000.jpg,7090,1
007-0965-000.jpg,7091,1
007-0966-000.jpg,7092,1
007-0967-000.jpg,7093,1
007-0968-000.jpg,7094,1
007-0969-000.jpg,7095,1
007-0970-000.jpg,7096,1
007-0971-000.jpg,7097,1
007-0972-000.jpg,7098,1
007-0973-000.jpg,7099,1
007-0974-000.jpg,7100,1
007-0975-000.jpg,7101,1
007-0976-000.jpg,7102,1
007-0977-000.jpg,7103,1
007-0978-000.jpg,7104,1
007-0979-000.jpg,7105,1
007-0980-000.jpg,7106,1
007-0981-000.jpg,7107,1
007-0982-000.jpg,7108,1
007-0983-000.jpg,7109,1
007-0984-000.jpg,7110,1
007-0985-000.jpg,7111,1
007-0986-000.jpg,7112,1
007-0988-000.jpg,7113,1
007-0989-000.jpg,7114,1
007-0990-000.jpg,7115,1
007-0991-000.jpg,7116,1
007-0992-000.jpg,7117,1
007-0994-000.jpg,7118,1
007-0995-000.jpg,7119,1
007-0996-000.jpg,7120,1
007-0997-000.jpg,7121,1
007-0998-000.jpg,7122,1
007-0999-000.jpg,7123,1
007-1000-000.jpg,7124,1
007-1001-000.jpg,7125,1
007-1002-000.jpg,7126,1
007-1004-000.jpg,7127,1
007-1005-000.jpg,7128,1
007-1006-000.jpg,7129,1
007-1007-000.jpg,7130,1
007-1008-000.jpg,7131,1
007-1009-000.jpg,7132,1
007-1010-000.jpg,7133,1
007-1011-000.jpg,7134,1
007-1012-000.jpg,7135,1
007-1013-000.jpg,7136,1
007-1014-000.jpg,7137,1
007-1015-000.jpg,7138,1
007-1016-000.jpg,7139,1
007-1017-000.jpg,7140,1
007-1018-000.jpg,7141,1
007-1019-000.jpg,7142,1
007-1021-000.jpg,7143,1
007-1022-000.jpg,7144,1
007-1023-000.jpg,7145,1
007-1024-000.jpg,7146,1
007-1025-000.jpg,7147,1
007-1026-000.jpg,7148,1
007-1027-000.jpg,7149,1
007-1028-000.jpg,7150,1
007-1029-000.jpg,7151,1
007-1030-000.jpg,7152,1
007-1031-000.jpg,7153,1
007-1032-000.jpg,7154,1
007-1033-000.jpg,7155,1
007-1034-000.jpg,7156,1
007-1035-000.jpg,7157,1
007-1036-000.jpg,7158,1
007-1037-000.jpg,7159,1
007-1038-000.jpg,7160,1
007-1039-000.jpg,7161,1
007-1040-000.jpg,7162,1
007-1041-000.jpg,7163,1
007-1042-000.jpg,7164,1
007-1043-000.jpg,7165,1
007-1044-000.jpg,7166,1
007-1045-000.jpg,7167,1
007-1046-000.jpg,7168,1
007-1048-000.jpg,7169,1
007-1049-000.jpg,7170,1
007-1050-000.jpg,7171,1
007-1051-000.jpg,7172,1
007-1052-000.jpg,7173,1
007-1053-000.jpg,7174,1
007-1055-000.jpg,7175,1
007-1056-000.jpg,7176,1
007-1057-000.jpg,7177,1
007-1058-000.jpg,7178,1
007-1059-000.jpg,7179,1
007-1060-000.jpg,7180,1
007-1061-000.jpg,7181,1
007-1062-000.jpg,7182,1
007-1063-000.jpg,7183,1
007-1064-000.jpg,7184,1
007-1066-000.jpg,7185,1
007-1067-000.jpg,7186,1
007-1068-000.jpg,7187,1
007-1069-000.jpg,7188,1
007-1070-000.jpg,7189,1
007-1071-000.jpg,7190,1
007-1072-000.jpg,7191,1
007-1073-000.jpg,7192,1
007-1074-000.jpg,7193,1
007-1077-000.jpg,7194,1
007-1078-000.jpg,7195,1
007-1079-000.jpg,7196,1
007-1080-000.jpg,7197,1
007-1081-000.jpg,7198,1
007-1082-000.jpg,7199,1
007-1083-000.jpg,7200,1
007-1084-000.jpg,7201,1
007-1085-000.jpg,7202,1
007-1088-000.jpg,7203,1
007-1090-000.jpg,7204,1
007-1091-000.jpg,7205,1
007-1092-000.jpg,7206,1
007-1094-000.jpg,7207,1
007-1095-000.jpg,7208,1
007-1096-000.jpg,7209,1
007-1097-000.jpg,7210,1
007-1098-000.jpg,7211,1
007-1099-000.jpg,7212,1
007-1100-000.jpg,7213,1
007-1103-000.jpg,7214,1
007-1104-000.jpg,7215,1
007-1105-000.jpg,7216,1
007-1106-000.jpg,7217,1
007-1107-000.jpg,7218,1
007-1108-000.jpg,7219,1
007-1109-000.jpg,7220,1
007-1110-000.jpg,7221,1
007-1111-000.jpg,7222,1
007-1112-000.jpg,7223,1
007-1113-000.jpg,7224,1
007-1115-000.jpg,7225,1
007-1116-000.jpg,7226,1
007-1117-000.jpg,7227,1
007-1118-000.jpg,7228,1
007-1119-000.jpg,7229,1
007-1120-000.jpg,7230,1
007-1121-000.jpg,7231,1
007-1122-000.jpg,7232,1
007-1123-000.jpg,7233,1
007-1124-000.jpg,7234,1
007-1125-000.jpg,7235,1
007-1126-000.jpg,7236,1
007-1127-000.jpg,7237,1
007-1128-000.jpg,7238,1
007-1129-000.jpg,7239,1
007-1131-000.jpg,7240,1
007-1132-000.jpg,7241,1
007-1133-000.jpg,7242,1
007-1134-000.jpg,7243,1
007-1136-000.jpg,7244,1
007-1137-000.jpg,7245,1
007-1138-000.jpg,7246,1
007-1139-000.jpg,7247,1
007-1140-000.jpg,7248,1
007-1142-000.jpg,7249,1
007-1143-000.jpg,7250,1
007-1144-000.jpg,7251,1
007-1145-000.jpg,7252,1
007-1146-000.jpg,7253,1
007-1147-000.jpg,7254,1
007-1148-000.jpg,7255,1
007-1149-000.jpg,7256,1
007-1150-000.jpg,7257,1
007-1151-000.jpg,7258,1
007-1152-000.jpg,7259,1
007-1154-000.jpg,7260,1
007-1155-000.jpg,7261,1
007-1156-000.jpg,7262,1
007-1157-000.jpg,7263,1
007-1158-000.jpg,7264,1
007-1159-000.jpg,7265,1
007-1160-000.jpg,7266,1
007-1161-000.jpg,7267,1
007-1162-000.jpg,7268,1
007-1163-000.jpg,7269,1
007-1165-000.jpg,7270,1
007-1166-000.jpg,7271,1
007-1167-000.jpg,7272,1
007-1168-000.jpg,7273,1
007-1169-000.jpg,7274,1
007-1170-000.jpg,7275,1
007-1171-000.jpg,7276,1
007-1172-000.jpg,7277,1
007-1173-000.jpg,7278,1
007-1174-000.jpg,7279,1
007-1175-000.jpg,7280,1
007-1176-000.jpg,7281,1
007-1177-000.jpg,7282,1
007-1178-000.jpg,7283,1
007-1179-000.jpg,7284,1
007-1180-000.jpg,7285,1
007-1182-000.jpg,7286,1
007-1183-000.jpg,7287,1
007-1184-000.jpg,7288,1
007-1186-000.jpg,7289,1
007-1187-000.jpg,7290,1
007-1189-000.jpg,7291,1
007-1190-000.jpg,7292,1
007-1191-000.jpg,7293,1
007-1192-000.jpg,7294,1
007-1193-000.jpg,7295,1
007-1194-000.jpg,7296,1
007-1195-000.jpg,7297,1
007-1196-000.jpg,7298,1
007-1197-000.jpg,7299,1
007-1198-000.jpg,7300,1
007-1199-000.jpg,7301,1
007-1200-000.jpg,7302,1
007-1201-000.jpg,7303,1
007-1202-000.jpg,7304,1
007-1203-000.jpg,7305,1
007-1204-000.jpg,7306,1
007-1205-000.jpg,7307,1
007-1206-000.jpg,7308,1
007-1207-000.jpg,7309,1
007-1208-000.jpg,7310,1
007-1209-000.jpg,7311,1
007-1211-000.jpg,7312,1
007-1212-000.jpg,7313,1
007-1213-000.jpg,7314,1
007-1214-000.jpg,7315,1
007-1215-000.jpg,7316,1
007-1216-000.jpg,7317,1
007-1217-000.jpg,7318,1
007-1218-000.jpg,7319,1
007-1219-000.jpg,7320,1
007-1220-000.jpg,7321,1
007-1221-000.jpg,7322,1
007-1222-000.jpg,7323,1
007-1223-000.jpg,7324,1
007-1224-000.jpg,7325,1
007-1225-000.jpg,7326,1
007-1226-000.jpg,7327,1
007-1227-000.jpg,7328,1
007-1228-000.jpg,7329,1
007-1231-000.jpg,7330,1
007-1232-000.jpg,7331,1
007-1233-000.jpg,7332,1
007-1234-000.jpg,7333,1
007-1235-000.jpg,7334,1
007-1236-000.jpg,7335,1
007-1237-000.jpg,7336,1
007-1238-000.jpg,7337,1
007-1239-000.jpg,7338,1
007-1240-000.jpg,7339,1
007-1241-000.jpg,7340,1
007-1242-000.jpg,7341,1
007-1243-000.jpg,7342,1
007-1244-000.jpg,7343,1
007-1245-000.jpg,7344,1
007-1246-000.jpg,7345,1
007-1247-000.jpg,7346,1
007-1248-000.jpg,7347,1
007-1249-000.jpg,7348,1
007-1250-000.jpg,7349,1
007-1251-000.jpg,7350,1
007-1252-000.jpg,7351,1
007-1253-000.jpg,7352,1
007-1254-000.jpg,7353,1
007-1255-000.jpg,7354,1
007-1256-000.jpg,7355,1
007-1257-000.jpg,7356,1
007-1258-000.jpg,7357,1
007-1259-000.jpg,7358,1
007-1260-000.jpg,7359,1
007-1261-000.jpg,7360,1
007-1262-000.jpg,7361,1
007-1263-000.jpg,7362,1
007-1264-000.jpg,7363,1
007-1265-000.jpg,7364,1
007-1266-000.jpg,7365,1
007-1267-000.jpg,7366,1
007-1268-000.jpg,7367,1
007-1269-000.jpg,7368,1
007-1272-000.jpg,7369,1
007-1274-000.jpg,7370,1
007-1275-000.jpg,7371,1
007-1276-000.jpg,7372,1
007-1277-000.jpg,7373,1
007-1279-000.jpg,7374,1
007-1280-000.jpg,7375,1
007-1281-000.jpg,7376,1
007-1282-000.jpg,7377,1
007-1283-000.jpg,7378,1
007-1284-000.jpg,7379,1
007-1285-000.jpg,7380,1
007-1286-000.jpg,7381,1
007-1287-000.jpg,7382,1
007-1288-000.jpg,7383,1
007-1289-000.jpg,7384,1
007-1290-000.jpg,7385,1
007-1292-000.jpg,7386,1
007-1293-000.jpg,7387,1
007-1294-000.jpg,7388,1
007-1295-000.jpg,7389,1
007-1296-000.jpg,7390,1
007-1298-000.jpg,7391,1
007-1299-000.jpg,7392,1
007-1300-000.jpg,7393,1
007-1301-000.jpg,7394,1
007-1302-000.jpg,7395,1
007-1303-000.jpg,7396,1
007-1304-000.jpg,7397,1
007-1306-000.jpg,7398,1
007-1307-000.jpg,7399,1
007-1308-000.jpg,7400,1
007-1310-000.jpg,7401,1
007-1311-000.jpg,7402,1
007-1312-000.jpg,7403,1
007-1313-000.jpg,7404,1
007-1314-000.jpg,7405,1
007-1315-000.jpg,7406,1
007-1316-000.jpg,7407,1
007-1317-000.jpg,7408,1
007-1318-000.jpg,7409,1
007-1320-000.jpg,7410,1
007-1322-000.jpg,7411,1
007-1323-000.jpg,7412,1
007-1325-000.jpg,7413,1
007-1326-000.jpg,7414,1
007-1327-000.jpg,7415,1
007-1328-000.jpg,7416,1
007-1330-000.jpg,7417,1
007-1331-000.jpg,7418,1
007-1332-000.jpg,7419,1
007-1333-000.jpg,7420,1
007-1334-000.jpg,7421,1
007-1335-000.jpg,7422,1
007-1336-000.jpg,7423,1
007-1337-000.jpg,7424,1
007-1338-000.jpg,7425,1
007-1339-000.jpg,7426,1
007-1340-000.jpg,7427,1
007-1341-000.jpg,7428,1
007-1342-000.jpg,7429,1
007-1343-000.jpg,7430,1
007-1344-000.jpg,7431,1
007-1345-000.jpg,7432,1
007-1346-000.jpg,7433,1
007-1347-000.jpg,7434,1
007-1348-000.jpg,7435,1
007-1349-000.jpg,7436,1
007-1352-000.jpg,7437,1
007-1353-000.jpg,7438,1
007-1354-000.jpg,7439,1
007-1356-000.jpg,7440,1
007-1357-000.jpg,7441,1
007-1358-000.jpg,7442,1
007-1359-000.jpg,7443,1
007-1360-000.jpg,7444,1
007-1361-000.jpg,7445,1
007-1362-000.jpg,7446,1
007-1363-000.jpg,7447,1
007-1364-000.jpg,7448,1
007-1365-000.jpg,7449,1
007-1366-000.jpg,7450,1
007-1368-000.jpg,7451,1
007-1369-000.jpg,7452,1
007-1370-000.jpg,7453,1
007-1371-000.jpg,7454,1
007-1372-000.jpg,7455,1
007-1373-000.jpg,7456,1
007-1376-000.jpg,7457,1
007-1378-000.jpg,7458,1
007-1379-000.jpg,7459,1
007-1382-000.jpg,7460,1
007-1385-000.jpg,7461,1
007-1386-000.jpg,7462,1
007-1387-000.jpg,7463,1
007-1388-000.jpg,7464,1
007-1389-000.jpg,7465,1
007-1390-000.jpg,7466,1
007-1391-000.jpg,7467,1
007-1392-000.jpg,7468,1
007-1393-000.jpg,7469,1
007-1394-000.jpg,7470,1
007-1395-000.jpg,7471,1
007-1396-000.jpg,7472,1
007-1397-000.jpg,7473,1
007-1398-000.jpg,7474,1
007-1400-000.jpg,7475,1
007-1403-000.jpg,7476,1
007-1404-000.jpg,7477,1
007-1405-000.jpg,7478,1
007-1409-000.jpg,7479,1
007-1411-000.jpg,7480,1
007-1414-000.jpg,7481,1
007-1415-000.jpg,7482,1
007-1416-000.jpg,7483,1
007-1417-000.jpg,7484,1
007-1418-000.jpg,7485,2
007-1421-000.jpg,7486,1
007-1422-000.jpg,7487,1
007-1424-000.jpg,7488,1
007-1426-000.jpg,7489,1
007-1427-000.jpg,7490,1
007-1429-000.jpg,7491,1
007-1431-000.jpg,7492,1
007-1432-000.jpg,7493,1
007-1433-000.jpg,7494,1
007-1434-000.jpg,7495,1
007-1435-000.jpg,7496,1
007-1436-000.jpg,7497,1
007-1438-000.jpg,7498,1
007-1440-000.jpg,7499,1
007-1441-000.jpg,7500,1
007-1442-000.jpg,7501,1
007-1443-000.jpg,7502,1
007-1444-000.jpg,7503,1
007-1445-000.jpg,7504,1
007-1446-000.jpg,7505,1
007-1447-000.jpg,7506,1
007-1448-000.jpg,7507,1
007-1449-000.jpg,7508,1
007-1450-000.jpg,7509,1
007-1451-000.jpg,7510,1
007-1452-000.jpg,7511,1
007-1453-000.jpg,7512,1
007-1454-000.jpg,7513,1
007-1455-000.jpg,7514,1
007-1456-000.jpg,7515,1
007-1457-000.jpg,7516,1
007-1458-000.jpg,7517,1
007-1459-000.jpg,7518,1
007-1460-000.jpg,7519,1
007-1461-000.jpg,7520,1
007-1463-000.jpg,7521,1
007-1464-000.jpg,7522,1
007-1465-000.jpg,7523,1
007-1466-000.jpg,7524,1
007-1467-000.jpg,7525,1
007-1468-000.jpg,7526,1
007-1469-000.jpg,7527,1
007-1471-000.jpg,7528,1
007-1472-000.jpg,7529,1
007-1473-000.jpg,7530,1
007-1474-000.jpg,7531,1
007-1475-000.jpg,7532,1
007-1478-000.jpg,7533,1
007-1480-000.jpg,7534,1
007-1482-000.jpg,7535,1
007-1483-000.jpg,7536,1
007-1484-000.jpg,7537,1
007-1485-000.jpg,7538,1
007-1486-000.jpg,7539,1
007-1487-000.jpg,7540,1
007-1488-000.jpg,7541,1
007-1489-000.jpg,7542,1
007-1490-000.jpg,7543,1
007-1491-000.jpg,7544,1
007-1492-000.jpg,7545,1
007-1493-000.jpg,7546,1
007-1494-000.jpg,7547,1
007-1495-000.jpg,7548,1
007-1496-000.jpg,7549,1
007-1497-000.jpg,7550,1
007-1498-000.jpg,7551,1
007-1499-000.jpg,7552,1
007-1502-000.jpg,7553,1
007-1503-000.jpg,7554,1
007-1504-000.jpg,7555,1
007-1506-000.jpg,7556,1
007-1507-000.jpg,7557,1
007-1508-000.jpg,7558,1
007-1509-000.jpg,7559,1
007-1511-000.jpg,7560,1
007-1512-000.jpg,7561,1
007-1513-000.jpg,7562,1
007-1514-000.jpg,7563,1
007-1515-000.jpg,7564,1
007-1516-000.jpg,7565,1
007-1517-000.jpg,7566,1
007-1518-000.jpg,7567,1
007-1519-000.jpg,7568,1
007-1520-000.jpg,7569,1
007-1521-000.jpg,7570,1
007-1522-000.jpg,7571,1
007-1523-000.jpg,7572,1
007-1524-000.jpg,7573,1
007-1525-000.jpg,7574,1
007-1526-000.jpg,7575,1
007-1527-000.jpg,7576,1
007-1528-000.jpg,7577,1
007-1530-000.jpg,7578,1
007-1531-000.jpg,7579,1
007-1532-000.jpg,7580,1
007-1534-000.jpg,7581,1
007-1535-000.jpg,7582,1
007-1536-000.jpg,7583,1
007-1537-000.jpg,7584,1
007-1538-000.jpg,7585,1
007-1539-000.jpg,7586,1
007-1540-000.jpg,7587,1
007-1542-000.jpg,7588,1
007-1543-000.jpg,7589,1
007-1544-000.jpg,7590,1
007-1546-000.jpg,7591,1
007-1547-000.jpg,7592,1
007-1548-000.jpg,7593,1
007-1549-000.jpg,7594,1
007-1550-000.jpg,7595,1
007-1551-000.jpg,7596,1
007-1552-000.jpg,7597,1
007-1553-000.jpg,7598,1
007-1554-000.jpg,7599,1
007-1555-000.jpg,7600,1
007-1557-000.jpg,7601,1
007-1558-000.jpg,7602,1
007-1559-000.jpg,7603,1
007-1560-000.jpg,7604,1
007-1561-000.jpg,7605,1
007-1563-000.jpg,7606,1
007-1564-000.jpg,7607,1
007-1565-000.jpg,7608,1
007-1566-000.jpg,7609,1
007-1567-000.jpg,7610,1
007-1568-000.jpg,7611,1
007-1569-000.jpg,7612,1
007-1570-000.jpg,7613,1
007-1571-000.jpg,7614,1
007-1572-000.jpg,7615,1
007-1574-000.jpg,7616,1
007-1575-000.jpg,7617,1
007-1577-000.jpg,7618,1
007-1578-000.jpg,7619,1
007-1579-000.jpg,7620,1
007-1580-000.jpg,7621,1
007-1581-000.jpg,7622,1
007-1582-000.jpg,7623,1
007-1583-000.jpg,7624,1
007-1585-000.jpg,7625,1
007-1586-000.jpg,7626,1
007-1587-000.jpg,7627,1
007-1588-000.jpg,7628,1
007-1589-000.jpg,7629,1
007-1590-000.jpg,7630,1
007-1591-000.jpg,7631,1
007-1593-000.jpg,7632,1
007-1594-000.jpg,7633,1
007-1595-000.jpg,7634,1
007-1596-000.jpg,7635,1
007-1600-000.jpg,7636,1
007-1602-000.jpg,7637,1
007-1603-000.jpg,7638,1
007-1604-000.jpg,7639,1
007-1606-000.jpg,7640,1
007-1608-000.jpg,7641,1
007-1609-000.jpg,7642,1
007-1610-000.jpg,7643,1
007-1611-000.jpg,7644,1
007-1612-000.jpg,7645,1
007-1613-000.jpg,7646,1
007-1614-000.jpg,7647,1
007-1615-000.jpg,7648,1
007-1616-000.jpg,7649,1
007-1617-000.jpg,7650,1
007-1618-000.jpg,7651,1
007-1620-000.jpg,7652,1
007-1621-000.jpg,7653,1
007-1624-000.jpg,7654,1
007-1625-000.jpg,7655,1
007-1626-000.jpg,7656,1
007-1627-000.jpg,7657,1
007-1628-000.jpg,7658,1
007-1629-000.jpg,7659,1
007-1630-000.jpg,7660,1
007-1631-000.jpg,7661,1
007-1632-000.jpg,7662,1
007-1633-000.jpg,7663,1
007-1634-000.jpg,7664,1
007-1635-000.jpg,7665,1
007-1636-000.jpg,7666,1
007-1638-000.jpg,7667,1
007-1639-000.jpg,7668,1
007-1642-000.jpg,7669,1
007-1643-000.jpg,7670,1
007-1647-000.jpg,7671,1
007-1649-000.jpg,7672,1
007-1650-000.jpg,7673,1
007-1651-000.jpg,7674,1
007-1654-000.jpg,7675,1
007-1656-000.jpg,7676,1
007-1658-000.jpg,7677,1
007-1659-000.jpg,7678,1
007-1660-000.jpg,7679,1
007-1661-000.jpg,7680,1
007-1663-000.jpg,7681,1
007-1664-000.jpg,7682,1
007-1665-000.jpg,7683,1
007-1666-000.jpg,7684,1
007-1667-000.jpg,7685,1
007-1668-000.jpg,7686,1
007-1669-000.jpg,7687,1
007-1670-000.jpg,7688,1
007-1672-000.jpg,7689,1
007-1673-000.jpg,7690,1
007-1675-000.jpg,7691,1
007-1676-000.jpg,7692,1
007-1677-000.jpg,7693,1
007-1678-000.jpg,7694,1
007-1679-000.jpg,7695,1
007-1680-000.jpg,7696,1
007-1681-000.jpg,7697,1
007-1684-000.jpg,7698,1
007-1685-000.jpg,7699,1
007-1686-000.jpg,7700,1
007-1692-000.jpg,7701,1
007-1695-000.jpg,7702,1
007-1696-000.jpg,7703,1
007-1697-000.jpg,7704,1
007-1699-000.jpg,7705,1
007-1700-000.jpg,7706,1
007-1701-000.jpg,7707,1
007-1702-000.jpg,7708,1
007-1704-000.jpg,7709,1
007-1705-000.jpg,7710,1
007-1706-000.jpg,7711,1
007-1707-000.jpg,7712,1
007-1709-000.jpg,7713,1
007-1710-000.jpg,7714,1
007-1713-000.jpg,7715,1
007-1715-000.jpg,7716,1
007-1717-000.jpg,7717,1
007-1718-000.jpg,7718,1
007-1719-000.jpg,7719,1
007-1722-000.jpg,7720,1
007-1724-000.jpg,7721,1
007-1725-000.jpg,7722,1
007-1726-000.jpg,7723,1
007-1727-000.jpg,7724,1
007-1729-000.jpg,7725,1
007-1730-000.jpg,7726,1
007-1731-000.jpg,7727,1
007-1732-000.jpg,7728,1
007-1733-000.jpg,7729,1
007-1734-000.jpg,7730,1
007-1735-000.jpg,7731,1
007-1736-000.jpg,7732,1
007-1737-000.jpg,7733,1
007-1738-000.jpg,7734,1
007-1739-000.jpg,7735,1
007-1740-000.jpg,7736,1
007-1741-000.jpg,7737,1
007-1742-000.jpg,7738,1
007-1743-000.jpg,7739,1
007-1745-000.jpg,7740,1
007-1746-000.jpg,7741,1
007-1748-000.jpg,7742,1
007-1750-000.jpg,7743,1
007-1751-000.jpg,7744,1
007-1752-000.jpg,7745,1
007-1763-100.jpg,7746,1
007-1772-100.jpg,7747,1
007-1775-100.jpg,7748,1
007-1783-100.jpg,7749,1
007-1792-100.jpg,7750,1
007-1797-100.jpg,7751,1
007-1799-100.jpg,7752,1
007-1803-100.jpg,7753,1
007-1806-100.jpg,7754,1
007-1832-100.jpg,7755,1
007-1848-100.jpg,7756,1
007-1849-100.jpg,7757,1
007-1858-100.jpg,7758,1
007-1860-100.jpg,7759,1
007-1863-100.jpg,7760,1
007-1866-100.jpg,7761,1
007-1868-100.jpg,7762,1
007-1874-100.jpg,7763,1
007-1885-100.jpg,7764,1
007-1886-100.jpg,7765,1
007-1891-100.jpg,7766,1
007-1892-100.jpg,7767,1
007-1903-100.jpg,7768,1
007-1916-100.jpg,7769,1
007-1917-100.jpg,7770,1
007-1919-100.jpg,7771,1
007-1930-100.jpg,7772,1
007-1935-100.jpg,7773,1
007-1944-100.jpg,7774,1
007-1945-100.jpg,7775,1
007-1954-100.jpg,7776,1
007-1960-100.jpg,7777,1
007-1964-100.jpg,7778,1
007-1968-100.jpg,7779,1
007-1981-100.jpg,7780,1
007-1982-100.jpg,7781,1
007-1992-100.jpg,7782,1
007-1993-100.jpg,7783,1
007-1995-100.jpg,7784,1
007-1999-100.jpg,7785,1
007-2001-100.jpg,7786,1
007-2002-100.jpg,7787,1
007-2014-100.jpg,7788,1
007-2016-100.jpg,7789,1
007-2017-100.jpg,7790,1
007-2026-100.jpg,7791,1
007-2059-100.jpg,7792,1
007-2063-100.jpg,7793,1
007-2072-100.jpg,7794,1
007-2073-100.jpg,7795,1
007-2077-100.jpg,7796,1
007-2097-100.jpg,7797,1
007-2116-100.jpg,7798,1
007-2120-100.jpg,7799,1
007-2130-100.jpg,7800,1
007-2131-100.jpg,7801,1
007-2135-100.jpg,7802,1
007-2136-100.jpg,7803,1
007-2137-100.jpg,7804,1
007-2140-100.jpg,7805,1
007-2141-100.jpg,7806,1
007-2144-100.jpg,7807,1
007-2148-100.jpg,7808,1
007-2153-100.jpg,7809,1
007-2159-100.jpg,7810,1
007-2162-100.jpg,7811,1
007-2176-100.jpg,7812,1
007-2177-100.jpg,7813,1
007-2180-100.jpg,7814,1
007-2183-100.jpg,7815,1
007-2189-100.jpg,7816,1
007-2190-100.jpg,7817,1
007-2191-100.jpg,7818,1
007-2192-100.jpg,7819,1
007-2193-100.jpg,7820,1
007-2194-100.jpg,7821,1
007-2195-100.jpg,7822,1
007-2196-100.jpg,7823,1
007-2197-100.jpg,7824,1
007-2198-100.jpg,7825,1
007-2199-100.jpg,7826,1
007-2202-100.jpg,7827,1
007-2203-100.jpg,7828,1
007-2204-100.jpg,7829,1
007-2206-100.jpg,7830,1
007-2207-100.jpg,7831,1
007-2209-100.jpg,7832,1
007-2217-100.jpg,7833,1
007-2223-100.jpg,7834,1
007-2225-100.jpg,7835,1
007-2226-100.jpg,7836,1
007-2233-100.jpg,7837,1
007-2244-100.jpg,7838,1
007-2247-100.jpg,7839,1
007-2251-100.jpg,7840,1
007-2256-100.jpg,7841,1
007-2265-100.jpg,7842,1
007-2274-100.jpg,7843,1
007-2309-100.jpg,7844,1
007-2352-100.jpg,7845,1
007-2358-100.jpg,7846,1
007-2361-100.jpg,7847,1
007-2411-100.jpg,7848,1
007-2420-100.jpg,7849,1
007-2423-100.jpg,7850,1
007-2493-100.jpg,7851,1
007-2512-100.jpg,7852,1
007-2529-100.jpg,7853,1
007-2561-100.jpg,7854,1
007-2569-100.jpg,7855,1
007-2572-100.jpg,7856,1
007-2573-100.jpg,7857,1
007-2577-100.jpg,7858,1
007-2583-100.jpg,7859,1
007-2606-100.jpg,7860,1
007-2608-100.jpg,7861,1
007-2634-100.jpg,7862,1
007-2638-100.jpg,7863,1
007-2729-100.jpg,7864,1
007-2730-100.jpg,7865,1
007-2745-100.jpg,7866,1
007-2801-100.jpg,7867,1
007-2829-100.jpg,7868,1
007-2850-100.jpg,7869,1
007-2854-100.jpg,7870,1
007-2857-100.jpg,7871,1
007-2863-100.jpg,7872,1
007-2871-100.jpg,7873,1
007-2872-100.jpg,7874,1
007-2873-100.jpg,7875,1
007-2874-100.jpg,7876,1
007-2875-100.jpg,7877,1
007-2876-100.jpg,7878,1
007-2886-100.jpg,7879,1
007-2902-100.jpg,7880,1
007-2903-100.jpg,7881,1
007-2904-100.jpg,7882,1
007-2913-100.jpg,7883,1
007-2917-100.jpg,7884,1
007-2926-100.jpg,7885,1
007-2937-100.jpg,7886,1
007-2942-100.jpg,7887,1
007-2947-100.jpg,7888,1
007-2959-100.jpg,7889,1
007-2966-100.jpg,7890,1
007-2968-100.jpg,7891,1
007-2972-100.jpg,7892,1
007-2973-100.jpg,7893,1
007-2982-100.jpg,7894,1
007-2987-100.jpg,7895,1
007-2995-100.jpg,7896,1
007-2996-100.jpg,7897,1
007-3001-100.jpg,7898,1
007-3006-100.jpg,7899,1
007-3011-100.jpg,7900,1
007-3020-100.jpg,7901,1
007-3021-100.jpg,7902,1
007-3022-100.jpg,7903,1
007-3032-100.jpg,7904,1
007-3037-100.jpg,7905,1
007-3053-100.jpg,7906,1
007-3085-100.jpg,7907,1
007-3107-100.jpg,7908,1
007-3114-100.jpg,7909,1
007-3115-100.jpg,7910,1
007-3118-100.jpg,7911,1
007-3124-100.jpg,7912,1
007-3125-100.jpg,7913,1
007-3131-100.jpg,7914,1
007-3160-100.jpg,7915,1
007-3161-100.jpg,7916,1
007-3167-100.jpg,7917,1
007-3176-100.jpg,7918,1
007-3192-100.jpg,7919,1
007-3193-100.jpg,7920,1
007-3196-100.jpg,7921,1
007-3218-100.jpg,7922,1
007-3221-100.jpg,7923,1
007-3222-100.jpg,7924,1
007-3223-100.jpg,7925,1
007-3256-100.jpg,7926,1
007-3268-100.jpg,7927,1
007-3270-100.jpg,7928,1
007-3516-200.jpg,7929,1
007-3542-200.jpg,7930,1
007-3932-200.jpg,7931,1
007-4180-200.jpg,7932,1
007-4191-200.jpg,7933,1
007-4551-200.jpg,7934,1
007-4618-200.jpg,7935,1
007-4860-300.jpg,7936,1
007-5449-300.jpg,7937,1
007-7270-601.jpg,7938,1
007-7271-601.jpg,7939,1
007-7292-601.jpg,7940,1
007-7294-601.jpg,7941,1
007-7295-601.jpg,7942,1
007-7298-601.jpg,7943,1
007-7322-601.jpg,7944,1
007-7323-601.jpg,7945,1
007-7324-601.jpg,7946,1
007-7328-601.jpg,7947,1
007-7330-601.jpg,7948,1
007-7332-601.jpg,7949,1
007-7334-601.jpg,7950,1
007-7338-601.jpg,7951,1
007-7339-601.jpg,7952,1
007-7347-601.jpg,7953,1
007-7359-601.jpg,7954,1
007-7363-601.jpg,7955,1
007-7367-601.jpg,7956,1
007-7369-601.jpg,7957,1
007-7372-601.jpg,7958,1
007-7376-601.jpg,7959,1
007-7382-601.jpg,7960,1
007-7383-601.jpg,7961,1
007-7399-601.jpg,7962,1
007-7401-601.jpg,7963,1
007-7405-601.jpg,7964,1
007-7409-601.jpg,7965,1
007-7412-601.jpg,7966,1
007-7420-601.jpg,7967,1
007-7421-601.jpg,7968,1
007-7423-601.jpg,7969,1
007-7425-601.jpg,7970,1
007-7427-601.jpg,7971,1
007-7428-601.jpg,7972,1
007-7429-601.jpg,7973,1
007-7437-601.jpg,7974,1
007-7438-601.jpg,7975,1
007-7444-601.jpg,7976,1
007-7446-601.jpg,7977,1
007-7482-601.jpg,7978,1
007-7497-601.jpg,7979,1
007-7501-601.jpg,7980,1
007-7503-601.jpg,7981,1
007-7506-601.jpg,7982,1
007-7508-601.jpg,7983,1
007-7517-601.jpg,7984,1
007-7521-601.jpg,7985,1
007-7528-601.jpg,7986,1
007-7530-601.jpg,7987,1
007-7539-601.jpg,7988,1
007-7547-601.jpg,7989,1
007-7553-601.jpg,7990,1
007-7564-601.jpg,7991,1
007-7570-601.jpg,7992,1
007-7572-601.jpg,7993,1
007-7574-601.jpg,7994,1
007-7575-601.jpg,7995,1
007-7576-601.jpg,7996,1
007-7579-601.jpg,7997,1
007-7580-601.jpg,7998,1
007-7598-601.jpg,7999,1
007-7599-601.jpg,8000,1
007-7610-601.jpg,8001,1
007-7620-601.jpg,8002,1
007-7621-601.jpg,8003,1
007-7629-601.jpg,8004,1
007-7638-601.jpg,8005,1
007-7639-601.jpg,8006,1
007-7643-601.jpg,8007,1
007-7645-601.jpg,8008,1
007-7647-601.jpg,8009,1
007-7665-601.jpg,8010,1
007-7668-601.jpg,8011,1
007-7669-601.jpg,8012,1
007-7670-601.jpg,8013,1
007-7671-601.jpg,8014,1
007-7672-601.jpg,8015,1
007-7673-601.jpg,8016,1
007-7674-601.jpg,8017,1
007-7675-601.jpg,8018,1
007-7676-601.jpg,8019,1
007-7678-601.jpg,8020,1
007-7679-601.jpg,8021,1
007-7680-601.jpg,8022,1
007-7684-601.jpg,8023,1
007-7685-601.jpg,8024,1
007-7686-601.jpg,8025,1
007-7688-601.jpg,8026,1
007-7697-601.jpg,8027,1
007-7708-601.jpg,8028,1
007-7710-601.jpg,8029,1
007-7712-601.jpg,8030,1
007-7719-601.jpg,8031,1
007-7727-601.jpg,8032,1
007-7734-601.jpg,8033,1
007-7784-601.jpg,8034,1
007-7791-601.jpg,8035,1
007-7794-601.jpg,8036,1
007-7798-601.jpg,8037,1
007-7820-601.jpg,8038,1
007-7826-601.jpg,8039,1
007-7840-601.jpg,8040,1
007-7842-601.jpg,8041,1
007-7846-601.jpg,8042,1
007-7847-601.jpg,8043,1
007-7848-601.jpg,8044,1
007-7852-601.jpg,8045,1
007-7858-601.jpg,8046,1
007-7864-601.jpg,8047,1
007-7865-601.jpg,8048,1
007-7866-601.jpg,8049,1
007-7868-601.jpg,8050,1
007-7871-601.jpg,8051,1
007-7875-601.jpg,8052,1
007-7895-601.jpg,8053,1
007-7900-601.jpg,8054,1
007-7901-601.jpg,8055,1
007-7909-601.jpg,8056,1
007-7910-601.jpg,8057,1
007-7917-601.jpg,8058,1
007-7918-601.jpg,8059,1
007-7939-601.jpg,8060,1
007-7942-601.jpg,8061,1
007-7959-601.jpg,8062,1
007-7960-601.jpg,8063,1
007-7966-601.jpg,8064,1
007-7970-601.jpg,8065,1
007-7971-601.jpg,8066,1
007-7973-601.jpg,8067,1
007-8015-601.jpg,8068,1
007-8054-601.jpg,8069,1
007-8056-601.jpg,8070,1
007-8058-601.jpg,8071,1
007-8131-601.jpg,8072,1
007-8138-601.jpg,8073,1
007-8147-601.jpg,8074,1
007-8151-601.jpg,8075,1
007-8152-601.jpg,8076,1
007-8168-601.jpg,8077,1
007-8207-601.jpg,8078,1
007-8236-602.jpg,8079,1
007-8237-602.jpg,8080,1
007-8240-602.jpg,8081,1
007-8249-602.jpg,8082,1
007-8281-602.jpg,8083,1
007-8283-602.jpg,8084,1
007-8317-602.jpg,8085,1
007-8331-602.jpg,8086,1
007-8349-602.jpg,8087,1
007-8391-603.jpg,8088,1
007-8421-603.jpg,8089,1
007-8463-604.jpg,8090,1
007-8466-604.jpg,8091,1
007-8477-604.jpg,8092,1
007-8478-604.jpg,8093,1
007-8480-604.jpg,8094,1
007-8481-604.jpg,8095,1
007-8482-604.jpg,8096,1
007-8489-604.jpg,8097,1
007-8494-604.jpg,8098,1
007-8495-604.jpg,8099,1
007-8497-604.jpg,8100,1
007-8521-604.jpg,8101,1
007-8525-604.jpg,8102,1
007-8538-604.jpg,8103,1
007-8539-604.jpg,8104,1
007-8540-604.jpg,8105,1
007-8547-604.jpg,8106,1
007-8549-604.jpg,8107,1
007-8550-604.jpg,8108,1
007-8560-604.jpg,8109,1
007-8566-604.jpg,8110,1
007-8579-604.jpg,8111,1
007-8582-604.jpg,8112,1
007-8657-605.jpg,8113,1
007-8674-605.jpg,8114,1
007-8752-605.jpg,8115,1
20161107140656664.jpg,8116,1
20161108112012320.jpg,8117,1
20161108112019490.jpg,8118,1
20161110115946484.jpg,8119,1
20161111142932851.jpg,8120,1
20161111142956603.jpg,8121,1
20161111214308683.jpg,8122,1
20161111214315830.jpg,8123,1
20161112011316860.jpg,8124,1
20161112024337097.jpg,8125,1
20161114145629315.jpg,8126,1
20161114145629356.jpg,8127,1
20161115165015457.jpg,8128,1
20161116105730357.jpg,8129,1
20161116111424589.jpg,8130,1
20161118155730990.jpg,8131,1
20161118155736303.jpg,8132,1
20161118155836727.jpg,8133,1
20161118173805155.jpg,8134,1
20170104113156987.jpg,8135,1
20170106170820626.jpg,8136,1
20170106170829250.jpg,8137,1
20170106171110424.jpg,8138,1
20170106171110532.jpg,8139,1
20170112164115590.jpg,8140,1
20170112164139239.jpg,8141,1
20170112165604167.jpg,8142,1
20170117101121367.jpg,8143,1
20170120090947696.jpg,8144,1
20170120091144477.jpg,8145,1
20170120104118920.jpg,8146,1
20170120104119457.jpg,8147,1
20170120104225590.jpg,8148,1
20170120104303200.jpg,8149,1
20170120141618402.jpg,8150,1
20170120141652234.jpg,8151,1
20170120141653805.jpg,8152,1
20170120142221885.jpg,8153,1
20170120142710322.jpg,8154,1
20170120142710630.jpg,8155,1
20170120143315546.jpg,8156,1
20170120144404685.jpg,8157,1
20170120152817478.jpg,8158,1
20170120153040093.jpg,8159,1
20170120153745015.jpg,8160,1
20170120154048174.jpg,8161,1
20170120154237310.jpg,8162,1
20170120154239604.jpg,8163,1
20170120154404132.jpg,8164,1
20170120154406449.jpg,8165,1
20170120214743891.jpg,8166,1
20170120214751267.jpg,8167,1
20170120215036395.jpg,8168,1
20170120215044106.jpg,8169,1
20170120215156264.jpg,8170,1
20170120215348972.jpg,8171,1
20170120215354919.jpg,8172,1
20170120215503859.jpg,8173,1
20170120215509747.jpg,8174,1
20170120215624835.jpg,8175,1
20170120215632028.jpg,8176,1
20170120215745444.jpg,8177,1
20170120215754794.jpg,8178,1
20170120220018348.jpg,8179,1
20170120220136555.jpg,8180,1
20170120220143890.jpg,8181,1
20170120220324635.jpg,8182,1
20170120220537547.jpg,8183,1
20170120220543899.jpg,8184,1
20170120220644009.jpg,8185,1
20170120220650226.jpg,8186,1
20170120220818563.jpg,8187,1
20170120220825392.jpg,8188,1
20170120220926752.jpg,8189,1
20170120220933551.jpg,8190,1
20170120221042110.jpg,8191,1
20170120221145919.jpg,8192,1
20170120221152091.jpg,8193,1
20170120221256735.jpg,8194,1
20170120221359397.jpg,8195,1
20170120221455053.jpg,8196,1
20170120221605529.jpg,8197,1
20170120221712491.jpg,8198,1
20170120221809290.jpg,8199,1
20170120221816237.jpg,8200,1
20170120221910975.jpg,8201,1
20170120222003745.jpg,8202,1
20170120222010342.jpg,8203,1
20170120222109781.jpg,8204,1
20170120222116960.jpg,8205,1
20170120222210531.jpg,8206,1
20170120222217788.jpg,8207,1
20170120222316281.jpg,8208,1
20170120222323750.jpg,8209,1
20170120222412717.jpg,8210,1
20170120222419866.jpg,8211,1
20170120222606174.jpg,8212,1
20170120222612101.jpg,8213,1
20170120222702621.jpg,8214,1
20170120222804830.jpg,8215,1
20170120222811298.jpg,8216,1
20170120222905288.jpg,8217,1
20170120223013855.jpg,8218,1
20170120223019825.jpg,8219,1
20170120223140633.jpg,8220,1
20170120223147434.jpg,8221,1
20170120223239992.jpg,8222,1
20170120223247141.jpg,8223,1
20170120223336407.jpg,8224,1
20170120223344679.jpg,8225,1
20170120223435679.jpg,8226,1
20170120223528817.jpg,8227,1
20170120223535385.jpg,8228,1
20170120223623473.jpg,8229,1
20170120223723847.jpg,8230,1
20170120223806266.jpg,8231,1
20170120223854648.jpg,8232,1
20170120223901509.jpg,8233,1
20170120224018218.jpg,8234,1
20170121093807445.jpg,8235,1
20170121153406540.jpg,8236,1
20170122100707540.jpg,8237,1
20170122100711512.jpg,8238,1
20170122105713241.jpg,8239,1
20170122153156719.jpg,8240,1
20170122153203237.jpg,8241,1
20170122162733804.jpg,8242,1
20170122165402093.jpg,8243,1
20170122165423738.jpg,8244,1
20170122165722814.jpg,8245,1
20170122170705476.jpg,8246,1
20170122170934210.jpg,8247,1
20170122170947733.jpg,8248,1
20170123085823477.jpg,8249,1
20170123085828792.jpg,8250,1
20170123091248070.jpg,8251,1
20170123093846029.jpg,8252,1
20170123093849026.jpg,8253,1
20170123100425137.jpg,8254,1
20170123102700555.jpg,8255,1
20170123102706012.jpg,8256,1
20170123103609648.jpg,8257,1
20170123103611203.jpg,8258,1
20170123171027172.jpg,8259,1
20170123171031480.jpg,8260,1
20170124094352032.jpg,8261,1
20170124094908380.jpg,8262,1
20170124131317072.jpg,8263,1
20170124131319634.jpg,8264,1
20170124131513083.jpg,8265,1
20170124131514062.jpg,8266,1
20170124161853216.jpg,8267,1
20170124162232665.jpg,8268,1
20170124162247496.jpg,8269,1
20170124162351000.jpg,8270,1
20170124162501604.jpg,8271,1
20170125090829476.jpg,8272,1
20170125091735546.jpg,8273,1
20170125101239131.jpg,8274,1
20170125101246852.jpg,8275,1
20170125160603162.jpg,8276,1
20170125160605516.jpg,8277,1
20170126085931436.jpg,8278,1
20170126085942092.jpg,8279,1
20170126094308451.jpg,8280,1
20170126114743588.jpg,8281,1
20170126115037434.jpg,8282,1
20170126115056314.jpg,8283,1
20170126115215453.jpg,8284,1
20170126115404314.jpg,8285,1
20170130102411299.jpg,8286,1
20170130102712777.jpg,8287,1
20170130102740515.jpg,8288,1
20170130102847216.jpg,8289,1
20170130103016047.jpg,8290,1
20170130103043030.jpg,8291,1
20170130104756702.jpg,8292,1
20170130104819310.jpg,8293,1
20170130111337516.jpg,8294,1
20170130111412979.jpg,8295,1
20170131090204290.jpg,8296,1
20170131090206092.jpg,8297,1
20170203081846675.jpg,8298,1
20170203082355150.jpg,8299,1
20170203102633319.jpg,8300,1
20170203111252472.jpg,8301,1
20170203145751000.jpg,8302,1
20170203152256681.jpg,8303,1
20170203152939118.jpg,8304,1
20170203161008388.jpg,8305,1
20170203162405927.jpg,8306,1
20170203162429942.jpg,8307,1
20170203162800256.jpg,8308,1
20170203162816155.jpg,8309,1
20170203163054751.jpg,8310,1
20170203163109824.jpg,8311,1
20170203163421024.jpg,8312,1
20170203163857655.jpg,8313,1
20170204102600357.jpg,8314,1
20170204102843943.jpg,8315,1
20170204102844342.jpg,8316,1
20170204102928336.jpg,8317,1
20170204102928720.jpg,8318,1
20170204103033420.jpg,8319,1
20170204114217232.jpg,8320,1
20170204114217726.jpg,8321,1
20170204114728704.jpg,8322,1
20170204114729172.jpg,8323,1
20170204133641758.jpg,8324,1
20170204133657911.jpg,8325,1
20170204133920100.jpg,8326,1
20170204145939405.jpg,8327,1
20170204145953613.jpg,8328,1
20170205084153989.jpg,8329,1
20170205084158321.jpg,8330,1
20170205084246646.jpg,8331,1
20170206083214033.jpg,8332,1
20170206083214443.jpg,8333,1
20170206083729696.jpg,8334,1
20170206083738307.jpg,8335,1
20170206084734203.jpg,8336,1
20170206084735758.jpg,8337,1
20170206085235291.jpg,8338,1
20170206085240206.jpg,8339,1
20170206090155113.jpg,8340,1
20170206105354970.jpg,8341,1
20170206105408182.jpg,8342,1
20170206105845309.jpg,8343,1
20170206131408329.jpg,8344,1
20170206143044048.jpg,8345,1
20170206143148611.jpg,8346,1
20170206143552850.jpg,8347,1
20170206143555635.jpg,8348,1
20170206144251502.jpg,8349,1
20170206144408086.jpg,8350,1
20170206144540782.jpg,8351,1
20170206144636624.jpg,8352,1
20170206144636816.jpg,8353,1
20170206144759127.jpg,8354,1
20170206144825073.jpg,8355,1
20170206163611382.jpg,8356,1
20170206175614525.jpg,8357,1
20170206175828241.jpg,8358,1
20170206175846786.jpg,8359,1
20170206180514518.jpg,8360,1
20170206180531712.jpg,8361,1
20170206181327355.jpg,8362,1
20170206181347418.jpg,8363,1
20170206181741545.jpg,8364,1
20170206181758712.jpg,8365,1
20170206181936039.jpg,8366,1
20170207080745616.jpg,8367,1
20170207080951185.jpg,8368,1
20170207083157459.jpg,8369,1
20170207083818918.jpg,8370,1
20170207084345478.jpg,8371,1
20170207084355189.jpg,8372,1
20170207090720712.jpg,8373,1
20170207090726015.jpg,8374,1
20170207102901751.jpg,8375,1
20170207103824784.jpg,8376,1
20170207103832857.jpg,8377,1
20170207141715071.jpg,8378,1
20170207143958785.jpg,8379,1
20170207144517107.jpg,8380,1
20170207145129242.jpg,8381,1
20170207174354556.jpg,8382,1
20170207174505090.jpg,8383,1
20170207174536612.jpg,8384,1
20170207174718209.jpg,8385,1
20170207175247017.jpg,8386,1
20170207175526103.jpg,8387,1
20170207175547016.jpg,8388,1
20170207175645289.jpg,8389,1
20170207175704473.jpg,8390,1
20170208081341593.jpg,8391,1
20170208081344140.jpg,8392,1
20170208082709520.jpg,8393,1
20170208093320442.jpg,8394,1
20170208095718487.jpg,8395,1
20170208101452677.jpg,8396,1
20170208101458195.jpg,8397,1
20170208101614671.jpg,8398,1
20170208101857665.jpg,8399,1
20170208102039256.jpg,8400,1
20170208102043208.jpg,8401,1
20170208103213625.jpg,7485,2
20170208110425349.jpg,8402,1
20170208110426898.jpg,8403,1
20170208112205253.jpg,8404,1
20170208112205715.jpg,8405,1
20170208133101841.jpg,8406,1
20170208133103727.jpg,8407,1
20170208134713854.jpg,8408,1
20170208135854881.jpg,8409,1
20170208143852512.jpg,8410,1
20170208143852684.jpg,8411,1
20170208144423443.jpg,8412,1
20170208144726672.jpg,8413,1
20170208144726999.jpg,8414,1
20170208144810326.jpg,8415,1
20170208145310499.jpg,8416,1
20170208145455389.jpg,8417,1
20170208145455755.jpg,8418,1
20170208152302138.jpg,8419,1
20170208152349420.jpg,8420,1
20170208160944271.jpg,8421,1
20170208172320643.jpg,8422,1
20170208173110046.jpg,8423,1
20170208173707692.jpg,8424,1
20170208173959320.jpg,8425,1
20170208174022044.jpg,8426,1
20170208174537830.jpg,8427,1
20170208174556431.jpg,8428,1
20170208174752473.jpg,8429,1
20170208175254303.jpg,8430,1
20170208175428715.jpg,8431,1
20170208175451610.jpg,8432,1
20170208175657652.jpg,8433,1
20170208175719177.jpg,8434,1
20170208175905779.jpg,8435,1
20170208180148724.jpg,8436,1
20170209090114947.jpg,8437,1
20170209090205265.jpg,8438,1
20170209092651396.jpg,8439,1
20170209093014771.jpg,8440,1
20170209093024297.jpg,8441,1
20170209102519919.jpg,8442,1
20170209131217406.jpg,8443,1
20170209131335802.jpg,8444,1
20170209131348114.jpg,8445,1
20170209131551045.jpg,8446,1
20170209131615238.jpg,8447,1
20170209134010911.jpg,8448,1
20170209134240203.jpg,8449,1
20170209134240541.jpg,8450,1
20170209134432804.jpg,8451,1
20170209140451728.jpg,8452,1
20170209143140243.jpg,8453,1
20170209143259326.jpg,8454,1
20170209143329557.jpg,8455,1
20170209151045082.jpg,8456,1
20170209151052217.jpg,8457,1
20170209151144184.jpg,8458,1
20170209151151417.jpg,8459,1
20170209151248467.jpg,8460,1
20170209163147270.jpg,8461,1
20170209163151745.jpg,8462,1
20170209164220825.jpg,8463,1
20170209164229594.jpg,8464,1
20170209164906911.jpg,8465,1
20170209164913408.jpg,8466,1
20170209165032574.jpg,8467,1
20170209165039458.jpg,8468,1
20170209165155852.jpg,8469,1
20170210092149547.jpg,8470,1
20170210092155498.jpg,8471,1
20170210092554204.jpg,8472,1
20170210094615901.jpg,8473,1
20170210095117593.jpg,8474,1
20170210095521851.jpg,8475,1
20170210121233990.jpg,8476,1
20170210121255956.jpg,8477,1
20170210121352215.jpg,8478,1
20170210121831127.jpg,8479,1
20170210121850656.jpg,8480,1
20170210121955624.jpg,8481,1
20170210122254265.jpg,8482,1
20170210122650436.jpg,8483,1
20170210122710726.jpg,8484,1
20170210122835835.jpg,8485,1
20170210145621125.jpg,8486,1
20170210161551421.jpg,8487,1
20170210161908570.jpg,8488,1
20170210161909082.jpg,8489,1
20170210162313359.jpg,8490,1
20170210162323933.jpg,8491,1
20170210163026981.jpg,8492,1
20170210163031148.jpg,8493,1
20170210165326134.jpg,8494,1
20170210165605591.jpg,8495,1
20170210165610120.jpg,8496,1
20170210165822208.jpg,8497,1
20170210165827268.jpg,8498,1
20170211082727722.jpg,8499,1
20170211092159114.jpg,8500,1
20170211092207309.jpg,8501,1
20170211112234910.jpg,8502,1
20170211112235709.jpg,8503,1
20170211150927263.jpg,8504,1
20170211162319343.jpg,8505,1
20170211162406924.jpg,8506,1
20170211162412879.jpg,8507,1
20170212142057186.jpg,8508,1
20170212142108296.jpg,8509,1
20170213081351910.jpg,8510,1
20170213081352167.jpg,8511,1
20170213091344083.jpg,8512,1
20170213091344555.jpg,8513,1
20170213091511155.jpg,8514,1
20170213091557380.jpg,8515,1
20170213091838826.jpg,8516,1
20170213091841576.jpg,8517,1
20170213091846608.jpg,8518,1
20170213091846694.jpg,8519,1
20170213094416087.jpg,8520,1
20170213094713612.jpg,8521,1
20170213094713916.jpg,8522,1
20170213104307130.jpg,8523,1
20170213104307598.jpg,8524,1
20170213115422058.jpg,8525,1
20170213115425791.jpg,8526,1
20170213115541839.jpg,8527,1
20170213115649031.jpg,8528,1
20170213115653996.jpg,8529,1
20170213133348442.jpg,8530,1
20170213134043415.jpg,8531,1
20170213134047799.jpg,8532,1
20170213140105432.jpg,8533,1
20170213143210304.jpg,8534,1
20170213143235311.jpg,8535,1
20170213143240672.jpg,8536,1
20170213154311956.jpg,8537,1
20170213154950093.jpg,8538,1
20170213165734780.jpg,8539,1
20170213165754449.jpg,8540,1
20170213165901333.jpg,8541,1
20170213165917903.jpg,8542,1
20170213170102397.jpg,8543,1
20170213170349139.jpg,8544,1
20170213170404024.jpg,8545,1
20170213170633871.jpg,8546,1
20170213170649949.jpg,8547,1
20170214084615083.jpg,8548,1
20170214091106462.jpg,8549,1
20170214091449944.jpg,8550,1
20170214093017393.jpg,8551,1
20170214093024019.jpg,8552,1
20170214095358288.jpg,8553,1
20170214095952970.jpg,8554,1
20170214095955848.jpg,8555,1
20170214100028230.jpg,8556,1
20170214100035162.jpg,8557,2
20170214100344931.jpg,8558,1
20170214100607018.jpg,8559,1
20170214100611376.jpg,8560,1
20170214101434814.jpg,8561,1
20170214101459522.jpg,8562,1
20170214103709991.jpg,8563,1
20170214103710489.jpg,8564,1
20170214135751487.jpg,8565,1
20170214135802377.jpg,8566,1
20170214144104651.jpg,8567,1
20170214144743190.jpg,8568,1
20170214144744712.jpg,8569,1
20170214144812293.jpg,8570,1
20170214145205746.jpg,8571,1
20170214145306157.jpg,8572,1
20170214145428338.jpg,8573,1
20170214145510533.jpg,8574,1
20170214163634982.jpg,8575,1
20170214163639877.jpg,8576,1
20170214165305181.jpg,8577,1
20170214165745086.jpg,8578,1
20170214212633095.jpg,8579,1
20170214213145253.jpg,8580,1
20170214213146045.jpg,8581,1
20170214213332016.jpg,8582,1
20170214214211574.jpg,8583,1
20170214214752721.jpg,8584,1
20170214214827319.jpg,8585,1
20170214214827798.jpg,8586,1
20170214215234793.jpg,8587,1
20170214215704381.jpg,8588,1
20170214215839470.jpg,8589,1
20170214215839563.jpg,8590,1
20170214215942024.jpg,8591,1
20170214215942845.jpg,8592,1
20170214220241697.jpg,8593,1
20170214220333097.jpg,8594,1
20170214220333553.jpg,8595,1
20170214220426150.jpg,8596,1
20170214220639640.jpg,8597,1
20170214220640168.jpg,8598,1
20170215091730330.jpg,8599,1
20170215091932804.jpg,8600,1
20170215091933132.jpg,8601,1
20170215092125739.jpg,8602,1
20170215092126197.jpg,8603,1
20170215092158761.jpg,8604,1
20170215093444076.jpg,8605,1
20170215093444594.jpg,8606,1
20170215093524231.jpg,8607,1
20170215094301549.jpg,8608,1
20170215094301874.jpg,8609,1
20170215094437640.jpg,8610,1
20170215094438125.jpg,8611,1
20170215101220829.jpg,8612,1
20170215101222348.jpg,8613,1
20170215102113545.jpg,8614,1
20170215102114029.jpg,8615,1
20170215103258027.jpg,8616,1
20170215104325950.jpg,8617,1
20170215104327523.jpg,8618,1
20170215104620399.jpg,8619,1
20170215104620891.jpg,8620,1
20170215134305589.jpg,8621,1
20170215135010544.jpg,8622,1
20170215142210754.jpg,8623,1
20170215154527743.jpg,8624,1
20170215164612528.jpg,8625,1
20170215164822467.jpg,8626,1
20170215164839770.jpg,8627,1
20170215164933601.jpg,8628,1
20170215164948886.jpg,8629,1
20170215165117445.jpg,8630,1
20170215165517404.jpg,8631,1
20170215165518267.jpg,8632,1
20170215165902262.jpg,8633,1
20170215165902746.jpg,8634,1
20170215171837145.jpg,8635,1
20170215171853670.jpg,8636,1
20170215223446750.jpg,8637,1
20170215223447162.jpg,8638,1
20170215223636956.jpg,8639,1
20170215223736752.jpg,8640,1
20170215223846997.jpg,8641,1
20170215224039102.jpg,8642,1
20170215224559176.jpg,8643,1
20170215225546764.jpg,8644,1
20170215225711319.jpg,8645,1
20170215225711779.jpg,8646,1
20170216090007274.jpg,8647,1
20170216090134393.jpg,8648,1
20170216090542938.jpg,8649,1
20170216090543323.jpg,8650,1
20170216091719025.jpg,8651,1
20170216092815706.jpg,8652,1
20170216092816210.jpg,8653,1
20170216104033730.jpg,8654,1
20170216104034957.jpg,8655,1
20170216104121507.jpg,8656,1
20170216104204068.jpg,8657,1
20170216142054406.jpg,8658,1
20170216143323349.jpg,8659,1
20170216144248597.jpg,8660,1
20170216144456454.jpg,8661,1
20170216144507913.jpg,8662,1
20170216153556109.jpg,8663,1
20170216154809771.jpg,8664,1
20170216154926247.jpg,8665,1
20170216155310097.jpg,8666,1
20170216161229969.jpg,8667,1
20170216161251995.jpg,8668,1
20170216172124099.jpg,8669,1
20170216172145841.jpg,8670,1
20170216172253836.jpg,8671,1
20170216172422578.jpg,8672,1
20170216173426942.jpg,8673,1
20170216173745712.jpg,8674,1
20170216181312400.jpg,8675,1
20170217091021120.jpg,8676,1
20170217091021525.jpg,8677,1
20170217091113294.jpg,8678,1
20170217091113756.jpg,8679,1
20170217095932475.jpg,8680,1
20170217095932938.jpg,8681,1
20170217100112164.jpg,8682,1
20170217102353762.jpg,8683,1
20170217102354224.jpg,8684,1
20170217105540766.jpg,8685,1
20170217105824807.jpg,8686,1
20170217105826821.jpg,8687,1
20170217110404453.jpg,8688,1
20170217110405216.jpg,8689,1
20170217114218024.jpg,8690,1
20170217114222834.jpg,8691,1
20170217121538805.jpg,8692,1
20170217133432256.jpg,8693,1
20170217134558267.jpg,8694,1
20170217154756331.jpg,5037,2
20170217161948427.jpg,8695,1
20170217164410800.jpg,8696,1
20170217170607887.jpg,8697,1
20170217170801835.jpg,8698,1
20170217170911791.jpg,8699,1
20170217171152107.jpg,8700,1
20170217171845073.jpg,8701,1
20170217172030131.jpg,8702,1
20170217172045939.jpg,8703,1
20170217172406226.jpg,8704,1
20170217172425743.jpg,8705,1
20170218141746210.jpg,8706,1
20170219153910177.jpg,8707,1
20170219165829586.jpg,8708,1
20170219165837817.jpg,8709,1
20170220083332735.jpg,8710,1
20170220083337455.jpg,8711,1
20170220085827869.jpg,8712,1
20170220085833145.jpg,8713,1
20170220091737255.jpg,8714,1
20170220091914375.jpg,8715,1
20170220091917601.jpg,8716,1
20170220092338749.jpg,8717,1
20170220095322315.jpg,8718,1
20170220095322707.jpg,8719,1
20170220100439903.jpg,8720,1
20170220100624432.jpg,8721,1
20170220100625665.jpg,8722,1
20170220104152702.jpg,8723,1
20170220104405877.jpg,8724,1
20170220104608396.jpg,8725,1
20170220104608752.jpg,8726,1
20170220133324808.jpg,8727,1
20170220133327199.jpg,8728,1
20170220135216094.jpg,8729,1
20170220135627133.jpg,8730,1
20170220135657675.jpg,8731,1
20170220135727932.jpg,8732,1
20170220140108640.jpg,8733,1
20170220140114740.jpg,8734,1
20170220140220670.jpg,8735,1
20170220140226350.jpg,8736,1
20170220143121830.jpg,8737,1
20170220143131426.jpg,8738,1
20170220143453654.jpg,8739,1
20170220143502360.jpg,8740,1
20170220151908278.jpg,8741,1
20170220151908590.jpg,8742,1
20170220152001953.jpg,8743,1
20170220154504219.jpg,8744,1
20170220154741467.jpg,8745,1
20170220174809874.jpg,8557,2
20170220174934041.jpg,8746,1
20170220175651790.jpg,8747,1
20170221080059896.jpg,8748,1
20170221080104334.jpg,8749,1
20170221080927786.jpg,8750,1
20170221085350842.jpg,8751,1
20170221090825365.jpg,8752,1
20170221090830670.jpg,8753,1
20170221091239416.jpg,8754,1
20170221093102559.jpg,8755,1
20170221093102893.jpg,8756,1
20170221093313426.jpg,8757,1
20170221093314325.jpg,8758,1
20170221095742351.jpg,8759,1
20170221102343670.jpg,8760,1
20170221102353332.jpg,8761,1
20170221103050026.jpg,8762,1
20170221103220111.jpg,8763,1
20170221103227712.jpg,8764,1
20170221103500961.jpg,8765,1
20170221103828836.jpg,8766,1
20170221103936772.jpg,8767,1
20170221103944179.jpg,8768,1
20170221104145522.jpg,8769,1
20170221104549767.jpg,8770,1
20170221105601026.jpg,8771,1
20170221110203732.jpg,8772,1
20170221110759832.jpg,8773,1
20170221111137237.jpg,8774,1
20170221113000307.jpg,8775,1
20170221135011349.jpg,8776,1
20170221135021002.jpg,8777,1
20170221135117293.jpg,8778,1
20170221135126278.jpg,8779,1
20170221140104225.jpg,8780,1
20170221141931314.jpg,8781,1
20170221143257485.jpg,8782,1
20170221143301021.jpg,8783,1
20170221143608212.jpg,8784,1
20170221143649570.jpg,8785,1
20170221143913822.jpg,8786,1
20170221143914045.jpg,8787,1
20170221143940428.jpg,8788,1
20170221143958712.jpg,8789,1
20170221143959074.jpg,8790,1
20170221145200535.jpg,8791,1
20170221145201333.jpg,8792,1
20170221145429884.jpg,8793,1
20170221145500161.jpg,8794,1
20170221145524121.jpg,8795,1
20170221145536662.jpg,8796,1
20170221145944716.jpg,8797,1
20170221150643231.jpg,8798,1
20170221150644411.jpg,8799,1
20170221150708690.jpg,8800,1
20170221150753870.jpg,8801,1
20170221150754290.jpg,8802,1
20170221155007652.jpg,8803,1
20170221160520948.jpg,8804,1
20170221161327553.jpg,8805,1
20170221161443950.jpg,8806,1
20170221161525729.jpg,8807,1
20170221161526000.jpg,8808,1
20170221161638764.jpg,8809,1
20170221161639113.jpg,8810,1
20170221161725190.jpg,8811,1
20170221161840282.jpg,8812,1
20170221162224426.jpg,8813,1
20170221162224605.jpg,8814,1
20170221162251875.jpg,8815,1
20170221162252402.jpg,8816,1
20170221162325961.jpg,8817,1
20170221162451869.jpg,8818,1
20170221162452021.jpg,8819,1
20170221162521163.jpg,8820,1
20170221162521538.jpg,8821,1
20170221162548131.jpg,8822,1
20170221162616970.jpg,8823,1
20170221162617267.jpg,8824,1
20170221163719951.jpg,8825,1
20170221164707308.jpg,8826,1
20170221164710064.jpg,8827,1
20170221180722326.jpg,8828,1
20170221180754809.jpg,8829,1
20170221181102813.jpg,8830,1
20170221181155202.jpg,8831,1
20170221182209349.jpg,8832,1
20170221182238646.jpg,8833,1
20170221195941545.jpg,8834,1
20170221195952465.jpg,8835,1
20170221200136293.jpg,8836,1
20170222092246735.jpg,8837,1
20170222092538402.jpg,8838,1
20170222101033047.jpg,8839,1
20170222101042823.jpg,8840,1
20170222103749602.jpg,8841,1
20170222115531845.jpg,8842,1
20170222145013530.jpg,8843,1
20170222150127823.jpg,8844,1
20170222150128857.jpg,8845,1
20170222150241574.jpg,8846,1
20170222150401576.jpg,8847,1
20170222150401839.jpg,8848,1
20170222150514778.jpg,8849,1
20170222150550577.jpg,8850,1
20170222150740420.jpg,8851,1
20170222151846623.jpg,8852,1
20170222151853159.jpg,8853,1
20170222152100234.jpg,8854,1
20170222152106328.jpg,8855,1
20170222152227838.jpg,8856,1
20170222152355928.jpg,8857,1
20170222152656977.jpg,8858,1
20170222152702689.jpg,8859,1
20170222152922467.jpg,8860,1
20170222153250976.jpg,8861,1
20170222154002651.jpg,8862,1
20170222154134083.jpg,8863,1
20170222154243162.jpg,8864,1
20170222154713751.jpg,8865,1
20170222181029058.jpg,8866,1
20170222181046885.jpg,8867,1
20170222182528203.jpg,8868,1
20170222182549409.jpg,8869,1
20170222183133649.jpg,8870,1
20170222183307014.jpg,8871,1
20170222183325776.jpg,8872,1
20170222183911260.jpg,8873,1
20170222184100871.jpg,8874,1
20170223084259166.jpg,8875,1
20170223084433668.jpg,8876,1
20170223084434009.jpg,8877,1
20170223090156273.jpg,8878,1
20170223090159890.jpg,8879,1
20170223092417385.jpg,8880,1
20170223094009879.jpg,8881,1
20170223094010243.jpg,8882,1
20170223094123204.jpg,8883,1
20170223094344910.jpg,8884,1
20170223094427379.jpg,8885,1
20170223094427567.jpg,8886,1
20170223094629433.jpg,8887,1
20170223094629597.jpg,8888,1
20170223094729353.jpg,8889,1
20170223095206485.jpg,8890,1
20170223101333153.jpg,8891,1
20170223102219685.jpg,8892,1
20170223103956335.jpg,8893,1
20170223103956938.jpg,8894,1
20170223104628748.jpg,8895,1
20170223104629220.jpg,8896,1
20170223104830204.jpg,8897,1
20170223104830717.jpg,8898,1
20170223105735837.jpg,8899,1
20170223113539002.jpg,8900,1
20170223113740160.jpg,8901,1
20170223114244398.jpg,8902,1
20170223114249989.jpg,8903,1
20170223114348869.jpg,8904,1
20170223114525878.jpg,8905,1
20170223114531468.jpg,8906,1
20170223115107087.jpg,8907,1
20170223115112397.jpg,8908,1
20170223115256398.jpg,8909,1
20170223115348146.jpg,8910,1
20170223115353186.jpg,8911,1
20170223142304907.jpg,8912,1
20170223142340246.jpg,8913,1
20170223142426042.jpg,8914,1
20170223145414095.jpg,8915,1
20170223145610568.jpg,8916,1
20170223145726061.jpg,8917,1
20170223145813763.jpg,8918,1
20170223145817474.jpg,8919,1
20170223151243883.jpg,8920,1
20170223151244647.jpg,8921,1
20170223151510068.jpg,8922,1
20170223151510483.jpg,8923,1
20170223151907677.jpg,8924,1
20170223151908132.jpg,8925,1
20170223152324262.jpg,8926,1
20170223152358857.jpg,8927,1
20170223152359346.jpg,8928,1
20170223152427638.jpg,8929,1
20170223152427782.jpg,8930,1
20170223153124868.jpg,8931,1
20170223153134954.jpg,8932,1
20170223171302321.jpg,8933,1
20170223171323774.jpg,8934,1
20170223171327021.jpg,8935,1
20170223171448943.jpg,8936,1
20170223171621953.jpg,8937,1
20170223171624239.jpg,8938,1
20170223171707737.jpg,8939,1
20170223171709606.jpg,8940,1
20170223171757680.jpg,8941,1
20170223171923045.jpg,8942,1
20170223171925324.jpg,8943,1
20170223174136215.jpg,8944,1
20170223174340183.jpg,8945,1
20170223174358130.jpg,8946,1
20170223174544090.jpg,8947,1
20170223174939566.jpg,8948,1
20170223174957075.jpg,8949,1
20170224093843434.jpg,8950,1
20170224093843606.jpg,8951,1
20170224093943642.jpg,8952,1
20170224094042228.jpg,8953,1
20170224094234195.jpg,8954,1
20170224104019642.jpg,8955,1
20170224104412534.jpg,8956,1
20170224104412980.jpg,8957,1
20170224104635011.jpg,8958,1
20170224104635817.jpg,8959,1
20170224105350078.jpg,8960,1
20170224105520090.jpg,8961,1
20170224105604117.jpg,8962,1
20170224105612339.jpg,8963,1
20170224105623779.jpg,8964,1
20170224105714794.jpg,8965,1
20170224110130817.jpg,8966,1
20170224110136437.jpg,8967,1
20170224110405729.jpg,8968,1
20170224110411568.jpg,8969,1
20170224111208087.jpg,8970,1
20170224111214174.jpg,8971,1
20170224113103144.jpg,8972,1
20170224113109074.jpg,8973,1
20170224113232654.jpg,8974,1
20170224114427255.jpg,8975,1
20170224114432990.jpg,8976,1
20170224114612669.jpg,8977,1
20170224114811724.jpg,8978,1
20170224114824682.jpg,8979,1
20170224133411553.jpg,8980,1
20170224133421226.jpg,8981,1
20170224142859643.jpg,8982,1
20170224143729453.jpg,8983,1
20170224143736405.jpg,8984,1
20170224144336769.jpg,8985,1
20170224144337713.jpg,8986,1
20170224144631192.jpg,8987,1
20170224144635533.jpg,8988,1
20170224144944222.jpg,8989,1
20170224145117874.jpg,8990,1
20170224150453809.jpg,8991,1
20170224150454270.jpg,8992,1
20170224151258095.jpg,8993,1
20170224151258535.jpg,8994,1
20170224153515947.jpg,8995,1
20170224160057504.jpg,8996,1
20170224160101048.jpg,8997,1
20170224160241060.jpg,8998,1
20170224160317096.jpg,8999,1
20170224160317500.jpg,9000,1
20170224160348217.jpg,9001,1
20170224160348398.jpg,9002,1
20170224160527421.jpg,9003,1
20170224160527519.jpg,9004,1
20170224160614394.jpg,9005,1
20170224160849823.jpg,9006,1
20170224160850224.jpg,9007,1
20170224160919206.jpg,9008,1
20170224160919351.jpg,9009,1
20170224161312677.jpg,9010,1
20170224161522681.jpg,9011,1
20170224161618630.jpg,9012,1
20170224161918334.jpg,9013,1
20170224170411991.jpg,9014,1
20170224170630551.jpg,9015,1
20170224181228718.jpg,9016,1
20170224181242827.jpg,9017,1
20170224211818306.jpg,9018,1
20170224211820615.jpg,9019,1
20170224212408649.jpg,9020,1
20170224212715579.jpg,9021,1
20170224212717668.jpg,9022,1
20170224212928266.jpg,9023,1
20170224213138718.jpg,9024,1
20170224214241885.jpg,9025,1
20170224214334690.jpg,9026,1
20170224214637264.jpg,9027,1
20170224215420169.jpg,9028,1
20170224215834352.jpg,9029,1
20170224220101554.jpg,9030,1
20170224220206063.jpg,9031,1
20170224220303302.jpg,9032,1
20170224220806889.jpg,9033,1
20170224221350415.jpg,9034,1
20170224221735464.jpg,9035,1
20170224222142423.jpg,9036,1
20170224222711000.jpg,9037,1
20170225103023068.jpg,9038,1
20170225105517257.jpg,9039,1
20170225144727431.jpg,9040,1
20170225144731690.jpg,9041,1
20170225194024529.jpg,9042,1
20170225194228528.jpg,9043,1
20170225194404821.jpg,9044,1
20170225195612147.jpg,9045,1
20170225195614603.jpg,9046,1
20170225200559289.jpg,9047,1
20170225201448382.jpg,9048,1
20170225201956347.jpg,9049,1
20170225202000260.jpg,9050,1
20170225202048107.jpg,9051,1
20170225202052377.jpg,9052,1
20170225202139479.jpg,9053,1
20170225202554811.jpg,9054,1
20170225202651301.jpg,9055,1
20170225202734480.jpg,9056,1
20170225202833683.jpg,9057,1
20170225203027503.jpg,9058,1
20170225203142850.jpg,9059,1
20170225203146467.jpg,9060,1
20170225203647881.jpg,9061,1
20170226083547139.jpg,9062,1
20170226083551331.jpg,9063,1
20170226084101981.jpg,9064,1
20170226084422957.jpg,9065,1
20170226090215881.jpg,9066,1
20170226090217982.jpg,9067,1
20170226090329392.jpg,9068,1
20170226090801123.jpg,9069,1
20170226091306296.jpg,9070,1
20170226092823995.jpg,9071,1
20170226092855367.jpg,9072,1
20170226092924204.jpg,9073,1
20170226092957972.jpg,9074,1
20170226093026001.jpg,9075,1
20170226093027863.jpg,9076,1
20170226093322210.jpg,9077,1
20170226093353681.jpg,9078,1
20170226093451361.jpg,9079,1
20170226093639051.jpg,9080,1
20170226093758363.jpg,9081,1
20170226094501379.jpg,9082,1
20170226100606428.jpg,9083,1
20170226202658176.jpg,9084,1
20170226202959157.jpg,9085,1
20170226204126538.jpg,9086,1
20170226204323282.jpg,9087,1
20170226204645085.jpg,9088,1
20170226204954189.jpg,9089,1
20170226205337984.jpg,9090,1
20170226205347603.jpg,9091,1
20170226210325463.jpg,9092,1
20170226214352293.jpg,9093,1
20170226214404210.jpg,9094,1
20170226214712650.jpg,9095,1
20170226214722834.jpg,9096,1
20170226214815940.jpg,9097,1
20170226214822932.jpg,9098,1
20170226215047840.jpg,9099,1
20170226215154468.jpg,9100,1
20170226215522575.jpg,9101,1
20170226220519495.jpg,9102,1
20170226220554485.jpg,9103,1
20170226221006886.jpg,9104,1
20170226222626751.jpg,9105,1
20170226222920772.jpg,9106,1
20170226222929730.jpg,9107,1
20170226223144290.jpg,9108,1
20170226223314837.jpg,9109,1
20170226223624346.jpg,9110,1
20170226223735491.jpg,9111,1
20170226224620828.jpg,9112,1
20170226224627457.jpg,9113,1
20170226225400342.jpg,9114,1
20170226225501999.jpg,9115,1
20170226225505931.jpg,9116,1
20170226225606060.jpg,9117,1
20170226225853947.jpg,9118,1
20170226225945858.jpg,9119,1
20170226225951734.jpg,9120,1
20170226230628072.jpg,9121,1
20170226230728104.jpg,9122,1
20170226230734294.jpg,9123,1
20170226230839902.jpg,9124,1
20170226230921903.jpg,9125,1
20170226231742512.jpg,9126,1
20170226231939446.jpg,9127,1
20170226231949313.jpg,9128,1
20170226232045505.jpg,9129,1
20170226232202652.jpg,9130,1
20170226232720349.jpg,9131,1
20170226232923621.jpg,9132,1
20170226232930828.jpg,9133,1
20170226233115447.jpg,9134,1
20170226234856632.jpg,9135,1
20170227083936461.jpg,9136,1
20170227091840469.jpg,9137,1
20170227092138032.jpg,9138,1
20170227092138383.jpg,9139,1
20170227100228221.jpg,9140,1
20170227103129077.jpg,9141,1
20170227112324405.jpg,9142,1
20170227141046442.jpg,9143,1
20170227155535662.jpg,9144,1
20170227155723751.jpg,9145,1
20170227155724235.jpg,9146,1
20170227160255086.jpg,9147,1
20170227160255785.jpg,9148,1
20170227160332039.jpg,9149,1
20170227160332607.jpg,9150,1
20170227160405339.jpg,9151,1
20170227160448936.jpg,9152,1
20170227160449379.jpg,9153,1
20170227160550038.jpg,9154,1
20170227160552411.jpg,9155,1
20170227160938274.jpg,9156,1
20170227160938767.jpg,9157,1
20170227161011636.jpg,9158,1
20170227161011919.jpg,9159,1
20170227162046397.jpg,9160,1
20170227165329946.jpg,9161,1
20170227165345933.jpg,9162,1
20170227170240597.jpg,9163,1
20170227170414359.jpg,9164,1
20170227170433644.jpg,9165,1
20170227171849861.jpg,9166,1
20170227225502933.jpg,9167,1
20170227225506031.jpg,9168,1
20170227225758135.jpg,9169,1
20170227230601700.jpg,9170,1
20170227231328304.jpg,9171,1
20170227231503064.jpg,9172,1
20170227231625537.jpg,9173,1
20170227231717438.jpg,9174,1
20170227232409916.jpg,9175,1
20170227232921286.jpg,9176,1
20170227233017274.jpg,9177,1
20170227233110761.jpg,9178,1
20170227233202405.jpg,9179,1
20170227233249056.jpg,9180,1
20170227233252429.jpg,9181,1
20170227233521812.jpg,9182,1
20170227233523926.jpg,9183,1
20170227233608448.jpg,9184,1
20170227233610496.jpg,9185,1
20170227233650160.jpg,9186,1
20170227233652168.jpg,9187,1
20170227233735201.jpg,9188,1
20170227234108022.jpg,9189,1
20170227234341354.jpg,9190,1
20170227234548662.jpg,9191,1
20170227234625607.jpg,9192,1
20170227234628176.jpg,9193,1
20170227234710854.jpg,9194,1
20170227234712975.jpg,9195,1
20170227235503263.jpg,9196,1
20170227235507961.jpg,9197,1
20170227235708188.jpg,9198,1
20170227235709733.jpg,9199,1
20170227235755846.jpg,9200,1
20170228000142217.jpg,9201,1
20170228000229136.jpg,9202,1
20170228000231666.jpg,9203,1
20170228090016712.jpg,9204,1
20170228090926171.jpg,9205,1
20170228091047322.jpg,9206,1
20170228091152891.jpg,9207,1
20170228093712242.jpg,9208,1
20170228103210905.jpg,9209,1
20170228111228898.jpg,9210,1
20170228113922441.jpg,9211,1
20170228153754885.jpg,9212,1
20170228154045742.jpg,9213,1
20170228154049046.jpg,9214,1
20170228155835468.jpg,9215,1
20170228155835992.jpg,9216,1
20170228164709059.jpg,9217,1
20170228164821696.jpg,9218,1
20170228164822024.jpg,9219,1
20170228164856243.jpg,9220,1
20170228164856656.jpg,9221,1
20170228164926158.jpg,9222,1
20170228164926461.jpg,9223,1
20170228165757798.jpg,9224,1
20170228165820951.jpg,9225,1
20170228170116464.jpg,9226,1
20170228170352472.jpg,9227,1
20170228170413373.jpg,9228,1
20170228170540015.jpg,9229,1
20170228182851681.jpg,9230,1
20170228183053983.jpg,9231,1
20170228183252681.jpg,9232,1
20170228183348982.jpg,9233,1
20170228221648381.jpg,9234,1
20170228222045497.jpg,9235,1
20170228222633906.jpg,9236,1
20170228222933504.jpg,9237,1
20170228223247254.jpg,9238,1
20170228223720726.jpg,9239,1
20170228223824318.jpg,9240,1
20170228223828672.jpg,9241,1
20170228224039884.jpg,9242,1
20170228224255877.jpg,9243,1
20170228224257894.jpg,9244,1
20170228224637625.jpg,9245,1
20170228224756315.jpg,9246,1
20170228225413523.jpg,9247,1
20170228225523381.jpg,9248,1
20170228225701913.jpg,9249,1
20170228225708650.jpg,9250,1
20170228225803920.jpg,9251,1
20170228225854236.jpg,9252,1
20170228230102688.jpg,9253,1
20170228230355356.jpg,9254,1
20170228230503037.jpg,9255,1
20170228230505648.jpg,9256,1
20170228230601428.jpg,9257,1
20170228230714236.jpg,9258,1
20170228231119005.jpg,9259,1
20170228231807286.jpg,9260,1
20170228231809989.jpg,9261,1
20170228232209939.jpg,9262,1
20170301105426466.jpg,6693,2
20170301105432489.jpg,9263,1
20170301132539765.jpg,9264,1
20170301132540149.jpg,9265,1
20170301142643263.jpg,9266,1
20170301195924349.jpg,9267,1
20170302092821598.jpg,9268,1
20170302100543647.jpg,9269,1
20170303141757903.jpg,9270,1
20170303142359965.jpg,9271,1
20170303142400838.jpg,6869,2
20170303143347912.jpg,9272,1
20170307170236226.jpg,6715,2
20170307170241946.jpg,6716,2
20170308092312055.jpg,6727,2
20170308101636070.jpg,9273,1
20170309170849648.jpg,9274,1
20170309170855442.jpg,9275,1
20170310100240678.jpg,9276,1
20170310100246469.jpg,9277,1
20170310115514054.jpg,9278,1
20170310144257966.jpg,9279,1
20170310152252645.jpg,9280,1
20170313102851339.jpg,9281,1
20170313102853763.jpg,9282,1
20170313105829885.jpg,9283,1
20170313105840514.jpg,9284,1
20170313172619640.jpg,9285,1
20170313172624251.jpg,9286,1
20170313172947430.jpg,9287,1
20170313172952559.jpg,9288,1
20170314170514447.jpg,9289,1
20170316102810593.jpg,9290,1
20170316102816374.jpg,9291,1
20170316103544609.jpg,9292,1
20170316172851230.jpg,9293,1
20170317220721928.jpg,9294,1
20170317221207111.jpg,9295,1
20170317221207437.jpg,9296,1
20170321102453454.jpg,9297,1
20170321102820781.jpg,9298,1
20170321103949573.jpg,9299,1
20170321103950081.jpg,9300,1
20170321155038579.jpg,9301,1
20170321155041192.jpg,9302,1
20170322172509719.jpg,9303,1
20170322172551935.jpg,9304,1
20170322172556852.jpg,9305,1
20170323080442334.jpg,9306,1
20170323080443882.jpg,9307,1
20170323081211173.jpg,9308,1
20170323081646616.jpg,9309,1
20170323081649844.jpg,9310,1
20170323082300741.jpg,9311,1
20170323082302357.jpg,9312,1
20170323082725340.jpg,9313,1
20170323082951101.jpg,9314,1
20170323083030916.jpg,9315,1
20170323083032506.jpg,9316,1
20170323083429175.jpg,9317,1
20170323083430750.jpg,9318,1
20170323083521396.jpg,9319,1
20170323083521729.jpg,9320,1
20170323083610280.jpg,9321,1
20170323083610592.jpg,9322,1
20170323083645071.jpg,9323,1
20170323083645401.jpg,9324,1
20170323084059923.jpg,9325,1
20170323084101501.jpg,9326,1
20170323084320632.jpg,9327,1
20170323085034517.jpg,9328,1
20170323085108829.jpg,9329,1
20170323085109242.jpg,9330,1
20170323085245456.jpg,9331,1
20170323085247057.jpg,9332,1
20170323085258738.jpg,9333,1
20170323085443873.jpg,9334,1
20170323085445439.jpg,9335,1
20170323085656295.jpg,9336,1
20170323085657869.jpg,9337,1
20170323085710268.jpg,9338,1
20170323085712132.jpg,9339,1
20170323085835482.jpg,9340,1
20170323085836351.jpg,9341,1
20170323085924938.jpg,9342,1
20170323085948932.jpg,9343,1
20170323090048296.jpg,9344,1
20170323090048869.jpg,9345,1
20170323090117701.jpg,9346,1
20170323090415735.jpg,9347,1
20170323090417309.jpg,9348,1
20170323090622129.jpg,9349,1
20170323090846488.jpg,9350,1
20170323091218564.jpg,9351,1
20170323091220142.jpg,9352,1
20170323091629619.jpg,9353,1
20170323091947097.jpg,9354,1
20170323092202683.jpg,9355,1
20170323092204273.jpg,9356,1
20170323092353758.jpg,9357,1
20170323092355323.jpg,9358,1
20170323092613317.jpg,9359,1
20170323092614899.jpg,9360,1
20170323092852818.jpg,9361,1
20170323092854411.jpg,9362,1
20170323093048743.jpg,9363,1
20170323093304023.jpg,9364,1
20170323093305605.jpg,9365,1
007-0033-000.jpg,9366,1
007-0096-000.jpg,9367,1
007-0106-000.jpg,9368,1
007-0110-000.jpg,9369,1
007-0338-000.jpg,9370,1
007-0347-000.jpg,9371,1
007-0578-000.jpg,9372,1
007-0629-000.jpg,9373,1
007-0664-000.jpg,9374,1
007-0705-000.jpg,9375,1
007-0708-000.jpg,9376,1
007-0713-000.jpg,9377,1
007-0725-000.jpg,9378,1
007-0820-000.jpg,9379,1
007-0907-000.jpg,9380,1
007-1047-000.jpg,9381,1
007-1076-000.jpg,9382,1
007-1181-000.jpg,9383,1
007-1185-000.jpg,9384,1
007-1210-000.jpg,9385,1
007-1229-000.jpg,9386,1
007-1273-000.jpg,9387,1
007-1329-000.jpg,9388,1
007-1425-000.jpg,9389,1
007-1501-000.jpg,9390,1
007-1510-000.jpg,9391,1
007-1755-100.jpg,9392,1
007-1756-100.jpg,9393,1
007-1757-100.jpg,9394,1
007-1758-100.jpg,9395,1
007-1762-100.jpg,9396,1
007-1769-100.jpg,9397,1
007-1774-100.jpg,9398,1
007-1776-100.jpg,9399,1
007-1777-100.jpg,9400,1
007-1779-100.jpg,9401,1
007-1780-100.jpg,9402,1
007-1785-100.jpg,9403,1
007-1786-100.jpg,9404,1
007-1787-100.jpg,9405,1
007-1790-100.jpg,9406,1
007-1791-100.jpg,9407,1
007-1795-100.jpg,9408,1
007-1800-100.jpg,9409,1
007-1801-100.jpg,9410,1
007-1802-100.jpg,9411,1
007-1810-100.jpg,9412,1
007-1811-100.jpg,9413,1
007-1822-100.jpg,9414,1
007-1824-100.jpg,9415,1
007-1825-100.jpg,9416,1
007-1831-100.jpg,9417,1
007-1835-100.jpg,9418,1
007-1843-100.jpg,9419,1
007-1846-100.jpg,9420,1
007-1852-100.jpg,9421,1
007-1857-100.jpg,9422,1
007-1865-100.jpg,9423,1
007-1869-100.jpg,9424,1
007-1870-100.jpg,9425,1
007-1872-100.jpg,9426,1
007-1875-100.jpg,9427,1
007-1877-100.jpg,9428,1
007-1884-100.jpg,9429,1
007-1890-100.jpg,9430,1
007-1893-100.jpg,9431,1
007-1894-100.jpg,9432,1
007-1895-100.jpg,9433,1
007-1896-100.jpg,9434,1
007-1897-100.jpg,9435,1
007-1900-100.jpg,9436,1
007-1901-100.jpg,9437,1
007-1902-100.jpg,9438,1
007-1904-100.jpg,9439,1
007-1906-100.jpg,9440,1
007-1908-100.jpg,9441,1
007-1910-100.jpg,9442,1
007-1911-100.jpg,9443,1
007-1912-100.jpg,9444,1
007-1913-100.jpg,9445,1
007-1918-100.jpg,9446,1
007-1920-100.jpg,9447,1
007-1924-100.jpg,9448,1
007-1925-100.jpg,9449,1
007-1929-100.jpg,9450,1
007-1933-100.jpg,9451,1
007-1934-100.jpg,9452,1
007-1936-100.jpg,9453,1
007-1937-100.jpg,9454,1
007-1938-100.jpg,9455,1
007-1939-100.jpg,9456,1
007-1941-100.jpg,9457,1
007-1942-100.jpg,9458,1
007-1943-100.jpg,9459,1
007-1947-100.jpg,9460,1
007-1949-100.jpg,9461,1
007-1950-100.jpg,9462,1
007-1953-100.jpg,9463,1
007-1959-100.jpg,9464,1
007-1961-100.jpg,9465,1
007-1962-100.jpg,9466,1
007-1963-100.jpg,9467,1
007-1965-100.jpg,9468,1
007-1966-100.jpg,9469,1
007-1967-100.jpg,9470,1
007-1970-100.jpg,9471,1
007-1971-100.jpg,9472,1
007-1972-100.jpg,9473,1
007-1974-100.jpg,9474,1
007-1975-100.jpg,9475,1
007-1977-100.jpg,9476,1
007-1978-100.jpg,9477,1
007-1980-100.jpg,9478,1
007-1983-100.jpg,9479,1
007-1985-100.jpg,9480,1
007-1997-100.jpg,9481,1
007-2000-100.jpg,9482,1
007-2003-100.jpg,9483,1
007-2005-100.jpg,9484,1
007-2009-100.jpg,9485,1
007-2010-100.jpg,9486,1
007-2011-100.jpg,9487,1
007-2012-100.jpg,9488,1
007-2013-100.jpg,9489,1
007-2015-100.jpg,9490,1
007-2022-100.jpg,9491,1
007-2025-100.jpg,9492,1
007-2032-100.jpg,9493,1
007-2034-100.jpg,9494,1
007-2041-100.jpg,2007,2
007-2045-100.jpg,9495,1
007-2047-100.jpg,9496,1
007-2049-100.jpg,9497,1
007-2053-100.jpg,9498,1
007-2067-100.jpg,9499,1
007-2068-100.jpg,9500,1
007-2071-100.jpg,9501,1
007-2074-100.jpg,9502,1
007-2087-100.jpg,9503,1
007-2092-100.jpg,9504,1
007-2093-100.jpg,9505,1
007-2094-100.jpg,9506,1
007-2096-100.jpg,9507,1
007-2098-100.jpg,9508,1
007-2100-100.jpg,9509,1
007-2101-100.jpg,9510,1
007-2102-100.jpg,9511,1
007-2103-100.jpg,9512,1
007-2104-100.jpg,9513,1
007-2105-100.jpg,9514,1
007-2109-100.jpg,9515,1
007-2110-100.jpg,9516,1
007-2117-100.jpg,9517,1
007-2121-100.jpg,9518,1
007-2124-100.jpg,9519,1
007-2126-100.jpg,9520,1
007-2127-100.jpg,9521,1
007-2128-100.jpg,9522,1
007-2129-100.jpg,9523,1
007-2134-100.jpg,9524,1
007-2142-100.jpg,9525,1
007-2147-100.jpg,9526,1
007-2151-100.jpg,9527,1
007-2154-100.jpg,9528,1
007-2155-100.jpg,9529,1
007-2156-100.jpg,9530,1
007-2157-100.jpg,9531,1
007-2161-100.jpg,9532,1
007-2163-100.jpg,9533,1
007-2164-100.jpg,9534,1
007-2167-100.jpg,9535,1
007-2168-100.jpg,9536,1
007-2169-100.jpg,9537,1
007-2170-100.jpg,9538,1
007-2171-100.jpg,9539,1
007-2172-100.jpg,9540,1
007-2173-100.jpg,9541,1
007-2182-100.jpg,9542,1
007-2185-100.jpg,9543,1
007-2186-100.jpg,9544,1
007-2187-100.jpg,9545,1
007-2188-100.jpg,9546,1
007-2201-100.jpg,9547,1
007-2208-100.jpg,9548,1
007-2211-100.jpg,9549,1
007-2216-100.jpg,9550,1
007-2221-100.jpg,9551,1
007-2227-100.jpg,9552,1
007-2228-100.jpg,9553,1
007-2231-100.jpg,9554,1
007-2232-100.jpg,9555,1
007-2234-100.jpg,9556,1
007-2240-100.jpg,9557,1
007-2241-100.jpg,9558,1
007-2246-100.jpg,9559,1
007-2248-100.jpg,9560,1
007-2257-100.jpg,9561,1
007-2259-100.jpg,9562,1
007-2260-100.jpg,9563,1
007-2261-100.jpg,9564,1
007-2262-100.jpg,9565,1
007-2263-100.jpg,9566,1
007-2264-100.jpg,9567,1
007-2267-100.jpg,9568,1
007-2268-100.jpg,9569,1
007-2269-100.jpg,9570,1
007-2273-100.jpg,9571,1
007-2275-100.jpg,9572,1
007-2280-100.jpg,9573,1
007-2281-100.jpg,9574,1
007-2282-100.jpg,9575,1
007-2283-100.jpg,9576,1
007-2284-100.jpg,9577,1
007-2286-100.jpg,9578,1
007-2288-100.jpg,9579,1
007-2292-100.jpg,9580,1
007-2293-100.jpg,9581,1
007-2296-100.jpg,9582,1
007-2300-100.jpg,9583,1
007-2302-100.jpg,9584,1
007-2303-100.jpg,9585,1
007-2305-100.jpg,9586,1
007-2308-100.jpg,9587,1
007-2313-100.jpg,9588,1
007-2320-100.jpg,9589,1
007-2322-100.jpg,9590,1
007-2323-100.jpg,9591,1
007-2324-100.jpg,9592,1
007-2329-100.jpg,9593,1
007-2332-100.jpg,9594,1
007-2333-100.jpg,9595,1
007-2334-100.jpg,9596,1
007-2336-100.jpg,9597,1
007-2337-100.jpg,9598,1
007-2338-100.jpg,9599,1
007-2341-100.jpg,9600,1
007-2342-100.jpg,9601,1
007-2343-100.jpg,9602,1
007-2347-100.jpg,9603,1
007-2348-100.jpg,9604,1
007-2349-100.jpg,9605,1
007-2350-100.jpg,9606,1
007-2351-100.jpg,9607,1
007-2357-100.jpg,9608,1
007-2359-100.jpg,9609,1
007-2360-100.jpg,9610,1
007-2362-100.jpg,9611,1
007-2363-100.jpg,9612,1
007-2364-100.jpg,9613,1
007-2366-100.jpg,9614,1
007-2367-100.jpg,9615,1
007-2369-100.jpg,9616,1
007-2371-100.jpg,9617,1
007-2373-100.jpg,9618,1
007-2375-100.jpg,9619,1
007-2376-100.jpg,9620,1
007-2377-100.jpg,9621,1
007-2378-100.jpg,9622,1
007-2380-100.jpg,9623,1
007-2381-100.jpg,9624,1
007-2386-100.jpg,9625,1
007-2387-100.jpg,9626,1
007-2388-100.jpg,9627,1
007-2389-100.jpg,9628,1
007-2392-100.jpg,9629,1
007-2394-100.jpg,9630,1
007-2396-100.jpg,9631,1
007-2397-100.jpg,9632,1
007-2399-100.jpg,9633,1
007-2400-100.jpg,9634,1
007-2401-100.jpg,9635,1
007-2404-100.jpg,9636,1
007-2406-100.jpg,9637,1
007-2407-100.jpg,9638,1
007-2409-100.jpg,9639,1
007-2410-100.jpg,9640,1
007-2412-100.jpg,9641,1
007-2413-100.jpg,9642,1
007-2414-100.jpg,9643,1
007-2415-100.jpg,9644,1
007-2416-100.jpg,9645,1
007-2417-100.jpg,9646,1
007-2427-100.jpg,9647,1
007-2429-100.jpg,9648,1
007-2430-100.jpg,9649,1
007-2432-100.jpg,9650,1
007-2434-100.jpg,9651,1
007-2435-100.jpg,9652,1
007-2441-100.jpg,9653,1
007-2442-100.jpg,9654,1
007-2443-100.jpg,9655,1
007-2445-100.jpg,9656,1
007-2451-100.jpg,9657,1
007-2454-100.jpg,9658,1
007-2455-100.jpg,9659,1
007-2456-100.jpg,9660,1
007-2457-100.jpg,9661,1
007-2458-100.jpg,9662,1
007-2459-100.jpg,9663,1
007-2461-100.jpg,9664,2
007-2465-100.jpg,9665,1
007-2468-100.jpg,9666,1
007-2469-100.jpg,9667,1
007-2470-100.jpg,9668,1
007-2472-100.jpg,9669,1
007-2474-100.jpg,9670,1
007-2475-100.jpg,9671,1
007-2476-100.jpg,9672,1
007-2478-100.jpg,9673,1
007-2479-100.jpg,9674,1
007-2480-100.jpg,9675,1
007-2481-100.jpg,9676,1
007-2482-100.jpg,9677,1
007-2485-100.jpg,9678,1
007-2486-100.jpg,9679,1
007-0045-000.jpg,9680,1
007-0093-000.jpg,9681,1
007-0139-000.jpg,9682,1
007-0144-000.jpg,9683,1
007-0156-000.jpg,9684,1
007-0185-000.jpg,9685,1
007-0228-000.jpg,9686,1
007-0313-000.jpg,9687,1
007-0354-000.jpg,9688,1
007-0463-000.jpg,9689,1
007-0542-000.jpg,9690,1
007-0555-000.jpg,9691,1
007-0651-000.jpg,9692,1
007-0657-000.jpg,9693,1
007-0677-000.jpg,9694,1
007-0693-000.jpg,9695,1
007-0699-000.jpg,9696,1
007-0706-000.jpg,9697,1
007-0709-000.jpg,9698,1
007-0714-000.jpg,9699,1
007-0717-000.jpg,9700,1
007-0727-000.jpg,9701,1
007-0730-000.jpg,9702,1
007-0848-000.jpg,9703,1
007-0849-000.jpg,9704,1
007-0851-000.jpg,9705,1
007-0993-000.jpg,9706,1
007-1135-000.jpg,9707,1
007-1270-000.jpg,9708,1
007-1305-000.jpg,9709,1
007-1309-000.jpg,9710,1
007-1319-000.jpg,9711,1
007-1321-000.jpg,9712,1
007-1350-000.jpg,9713,1
007-1355-000.jpg,9714,1
007-1399-000.jpg,9715,1
007-1437-000.jpg,9716,1
007-1462-000.jpg,9717,1
007-1476-000.jpg,9718,1
007-1505-000.jpg,9719,1
007-1556-000.jpg,9720,1
007-1652-000.jpg,9721,1
007-1653-000.jpg,9722,1
007-1662-000.jpg,9723,1
007-1689-000.jpg,9724,1
007-1753-100.jpg,9725,1
007-1754-100.jpg,9726,1
007-1760-100.jpg,9727,1
007-1761-100.jpg,9728,1
007-1764-100.jpg,9729,1
007-1765-100.jpg,9730,1
007-1766-100.jpg,9731,1
007-1767-100.jpg,9732,1
007-1768-100.jpg,9733,1
007-1770-100.jpg,9734,1
007-1771-100.jpg,9735,1
007-1773-100.jpg,9736,1
007-1778-100.jpg,9737,1
007-1781-100.jpg,9738,1
007-1782-100.jpg,9739,1
007-1784-100.jpg,9740,1
007-1788-100.jpg,9741,1
007-1789-100.jpg,9742,1
007-1793-100.jpg,9743,1
007-1798-100.jpg,9744,1
007-1804-100.jpg,9745,1
007-1807-100.jpg,9746,1
007-1808-100.jpg,9747,1
007-1809-100.jpg,9748,1
007-1812-100.jpg,9749,1
007-1813-100.jpg,9750,1
007-1814-100.jpg,9751,1
007-1815-100.jpg,9752,1
007-1816-100.jpg,9753,1
007-1817-100.jpg,9754,1
007-1818-100.jpg,9755,1
007-1819-100.jpg,9756,1
007-1820-100.jpg,9757,1
007-1821-100.jpg,9758,1
007-1823-100.jpg,9759,1
007-1826-100.jpg,9760,1
007-1827-100.jpg,9761,1
007-1828-100.jpg,9762,1
007-1829-100.jpg,9763,1
007-1830-100.jpg,9764,1
007-1833-100.jpg,9765,1
007-1834-100.jpg,9766,1
007-1836-100.jpg,9767,1
007-1837-100.jpg,9768,1
007-1838-100.jpg,9769,1
007-1839-100.jpg,9770,1
007-1840-100.jpg,9771,1
007-1842-100.jpg,9772,1
007-1844-100.jpg,9773,1
007-1847-100.jpg,9774,1
007-1851-100.jpg,9775,1
007-1853-100.jpg,9776,1
007-1854-100.jpg,9777,1
007-1855-100.jpg,9778,1
007-1856-100.jpg,9779,1
007-1861-100.jpg,9780,1
007-1862-100.jpg,9781,1
007-1867-100.jpg,9782,1
007-1871-100.jpg,9783,1
007-1873-100.jpg,9784,1
007-1876-100.jpg,9785,1
007-1878-100.jpg,9786,1
007-1879-100.jpg,9787,1
007-1880-100.jpg,9788,1
007-1881-100.jpg,9789,1
007-1882-100.jpg,9790,1
007-1883-100.jpg,9791,1
007-1887-100.jpg,9792,1
007-1889-100.jpg,9793,1
007-1898-100.jpg,9794,1
007-1899-100.jpg,9795,1
007-1905-100.jpg,9796,1
007-1907-100.jpg,9797,1
007-1909-100.jpg,9798,1
007-1914-100.jpg,9799,1
007-1915-100.jpg,9800,1
007-1921-100.jpg,9801,1
007-1922-100.jpg,9802,1
007-1923-100.jpg,9803,1
007-1926-100.jpg,9804,1
007-1927-100.jpg,9805,1
007-1928-100.jpg,9806,1
007-1931-100.jpg,9807,1
007-1932-100.jpg,9808,1
007-1940-100.jpg,9809,1
007-1946-100.jpg,9810,1
007-1951-100.jpg,9811,1
007-1952-100.jpg,9812,1
007-1955-100.jpg,9813,1
007-1956-100.jpg,9814,1
007-1957-100.jpg,9815,1
007-1969-100.jpg,9816,1
007-1973-100.jpg,9817,1
007-1976-100.jpg,9818,1
007-1979-100.jpg,9819,1
007-1984-100.jpg,9820,1
007-1986-100.jpg,9821,1
007-1987-100.jpg,9822,1
007-1988-100.jpg,9823,1
007-1989-100.jpg,9824,1
007-1990-100.jpg,9825,1
007-1991-100.jpg,9826,1
007-1994-100.jpg,9827,1
007-1996-100.jpg,9828,1
007-1998-100.jpg,9829,1
007-2004-100.jpg,9830,1
007-2006-100.jpg,9831,1
007-2007-100.jpg,9832,1
007-2008-100.jpg,9833,1
007-2018-100.jpg,9834,1
007-2019-100.jpg,9835,1
007-2020-100.jpg,9836,1
007-2021-100.jpg,9837,1
007-2023-100.jpg,9838,1
007-2024-100.jpg,9839,1
007-2027-100.jpg,9840,1
007-2028-100.jpg,9841,1
007-2029-100.jpg,9842,1
007-2030-100.jpg,9843,1
007-2031-100.jpg,9844,1
007-2033-100.jpg,9845,1
007-2035-100.jpg,9846,1
007-2036-100.jpg,9847,1
007-2037-100.jpg,9848,1
007-2038-100.jpg,9849,1
007-2039-100.jpg,9850,1
007-2042-100.jpg,9851,1
007-2043-100.jpg,9852,1
007-2044-100.jpg,9853,1
007-2046-100.jpg,9854,1
007-2048-100.jpg,9855,1
007-2050-100.jpg,9856,1
007-2051-100.jpg,9857,1
007-2052-100.jpg,9858,1
007-2054-100.jpg,9859,1
007-2055-100.jpg,9860,1
007-2056-100.jpg,9861,1
007-2057-100.jpg,9862,1
007-2058-100.jpg,9863,1
007-2060-100.jpg,9864,1
007-2070-100.jpg,9865,1
007-2076-100.jpg,9866,1
007-2078-100.jpg,9867,1
007-2079-100.jpg,9868,1
007-2080-100.jpg,9869,1
007-2081-100.jpg,9870,1
007-2082-100.jpg,9871,1
007-2083-100.jpg,9872,1
007-2084-100.jpg,9873,1
007-2085-100.jpg,9874,1
007-2086-100.jpg,9875,1
007-2088-100.jpg,9876,1
007-2089-100.jpg,9877,1
007-2090-100.jpg,9878,1
007-2091-100.jpg,9879,1
007-2095-100.jpg,9880,1
007-2099-100.jpg,9881,1
007-2106-100.jpg,9882,1
007-2107-100.jpg,9883,1
007-2108-100.jpg,9884,1
007-2111-100.jpg,9885,1
007-2112-100.jpg,9886,1
007-2113-100.jpg,9887,1
007-2114-100.jpg,9888,1
007-2115-100.jpg,9889,1
007-2118-100.jpg,9890,1
007-2119-100.jpg,9891,1
007-2122-100.jpg,9892,1
007-2123-100.jpg,9893,1
007-2125-100.jpg,9894,1
007-2132-100.jpg,9895,1
007-2133-100.jpg,9896,1
007-2138-100.jpg,9897,1
007-2139-100.jpg,9898,1
007-2143-100.jpg,9899,1
007-2145-100.jpg,9900,1
007-2146-100.jpg,9901,1
007-2149-100.jpg,9902,1
007-2150-100.jpg,9903,1
007-2152-100.jpg,9904,1
007-2158-100.jpg,9905,1
007-2160-100.jpg,9906,1
007-2166-100.jpg,9907,1
007-2174-100.jpg,9908,1
007-2175-100.jpg,9909,1
007-2178-100.jpg,9910,1
007-2179-100.jpg,9911,1
007-2181-100.jpg,9912,1
007-2184-100.jpg,9913,1
007-2200-100.jpg,9914,1
007-2210-100.jpg,9915,1
007-2212-100.jpg,9916,1
007-2213-100.jpg,9917,1
007-2214-100.jpg,9918,1
007-2215-100.jpg,9919,1
007-2218-100.jpg,9920,1
007-2219-100.jpg,9921,1
007-2220-100.jpg,9922,1
007-2222-100.jpg,9923,1
007-2224-100.jpg,9924,1
007-2229-100.jpg,9925,1
007-2230-100.jpg,9926,1
007-2235-100.jpg,9927,1
007-2238-100.jpg,9928,1
007-2239-100.jpg,9929,1
007-2242-100.jpg,9930,1
007-2243-100.jpg,9931,1
007-2245-100.jpg,9932,1
007-2249-100.jpg,9933,1
007-2250-100.jpg,9934,1
007-2252-100.jpg,9935,1
007-2253-100.jpg,9936,1
007-2255-100.jpg,9937,1
007-2258-100.jpg,9938,1
007-2266-100.jpg,9939,1
007-2270-100.jpg,9940,1
007-2271-100.jpg,9941,1
007-2272-100.jpg,9942,1
007-2276-100.jpg,9943,1
007-2278-100.jpg,9944,1
007-2279-100.jpg,9945,1
007-2285-100.jpg,9946,1
007-2287-100.jpg,9947,1
007-2290-100.jpg,9948,1
007-2291-100.jpg,9949,1
007-2294-100.jpg,9950,1
007-2295-100.jpg,9951,1
007-2297-100.jpg,9952,1
007-2298-100.jpg,9953,1
007-2299-100.jpg,9954,1
007-2301-100.jpg,9955,1
007-2304-100.jpg,9956,1
007-2307-100.jpg,9957,1
007-2310-100.jpg,9958,1
007-2311-100.jpg,9959,1
007-2312-100.jpg,9960,1
007-2314-100.jpg,9961,1
007-2315-100.jpg,9962,1
007-2316-100.jpg,9963,1
007-2317-100.jpg,9964,1
007-2318-100.jpg,9965,1
007-2319-100.jpg,9966,1
007-2321-100.jpg,9967,1
007-2325-100.jpg,9968,1
007-2326-100.jpg,9969,1
007-2327-100.jpg,9970,1
007-2328-100.jpg,9971,1
007-2330-100.jpg,9972,1
007-2331-100.jpg,9973,1
007-2335-100.jpg,9974,1
007-2339-100.jpg,9975,1
007-2340-100.jpg,9976,1
007-2344-100.jpg,9977,1
007-2345-100.jpg,9978,1
007-2346-100.jpg,9979,1
007-2353-100.jpg,9980,1
007-2354-100.jpg,9981,1
007-2355-100.jpg,9982,1
007-2356-100.jpg,9983,1
007-2365-100.jpg,9984,1
007-2372-100.jpg,9985,1
007-2374-100.jpg,9986,1
007-2379-100.jpg,9987,1
007-2382-100.jpg,9988,1
007-2383-100.jpg,9989,1
007-2384-100.jpg,9990,1
007-2385-100.jpg,9991,1
007-2390-100.jpg,9992,1
007-2391-100.jpg,9993,1
007-2393-100.jpg,9994,1
007-2395-100.jpg,9995,1
007-2398-100.jpg,9996,1
007-2402-100.jpg,9997,1
007-2403-100.jpg,9998,1
007-2405-100.jpg,9999,1
007-2408-100.jpg,10000,1
007-2418-100.jpg,10001,1
007-2419-100.jpg,10002,1
007-2421-100.jpg,10003,1
007-2422-100.jpg,10004,1
007-2424-100.jpg,10005,1
007-2425-100.jpg,10006,1
007-2426-100.jpg,10007,1
007-2428-100.jpg,10008,1
007-2431-100.jpg,10009,1
007-2433-100.jpg,10010,1
007-2436-100.jpg,10011,1
007-2437-100.jpg,10012,1
007-2438-100.jpg,10013,1
007-2439-100.jpg,10014,1
007-2440-100.jpg,10015,1
007-2444-100.jpg,10016,1
007-2446-100.jpg,10017,1
007-2447-100.jpg,10018,1
007-2448-100.jpg,10019,1
007-2449-100.jpg,10020,1
007-2450-100.jpg,10021,1
007-2452-100.jpg,10022,1
007-2453-100.jpg,10023,1
007-2460-100.jpg,10024,1
007-2462-100.jpg,10025,1
007-2463-100.jpg,10026,1
007-2464-100.jpg,10027,1
007-2466-100.jpg,10028,1
007-2467-100.jpg,10029,1
007-2471-100.jpg,10030,1
007-2473-100.jpg,10031,1
007-2477-100.jpg,10032,1
007-2483-100.jpg,10033,1
007-2484-100.jpg,10034,1
007-2487-100.jpg,10035,1
007-2488-100.jpg,10036,1
007-2490-100.jpg,10037,1
007-2491-100.jpg,10038,1
007-2494-100.jpg,10039,1
007-2495-100.jpg,10040,1
007-2496-100.jpg,10041,1
007-2499-100.jpg,10042,1
007-2502-100.jpg,10043,1
007-2506-100.jpg,10044,1
007-2507-100.jpg,10045,1
007-2510-100.jpg,10046,1
007-2511-100.jpg,10047,1
007-2513-100.jpg,10048,1
007-2515-100.jpg,10049,1
007-2517-100.jpg,10050,1
007-2525-100.jpg,10051,1
007-2530-100.jpg,10052,1
007-2531-100.jpg,10053,1
007-2534-100.jpg,10054,1
007-2535-100.jpg,10055,1
007-2536-100.jpg,10056,1
007-2537-100.jpg,10057,1
007-2538-100.jpg,10058,1
007-2541-100.jpg,10059,1
007-2544-100.jpg,10060,1
007-2545-100.jpg,10061,1
007-2548-100.jpg,10062,1
007-2552-100.jpg,10063,1
007-2555-100.jpg,10064,1
007-2556-100.jpg,10065,1
007-2558-100.jpg,10066,1
007-2562-100.jpg,10067,1
007-2563-100.jpg,10068,1
007-2564-100.jpg,10069,1
007-2565-100.jpg,10070,1
007-2571-100.jpg,10071,1
007-2574-100.jpg,10072,1
007-2576-100.jpg,10073,1
007-2579-100.jpg,10074,1
007-2580-100.jpg,10075,1
007-2582-100.jpg,10076,1
007-2584-100.jpg,10077,1
007-2585-100.jpg,10078,1
007-2586-100.jpg,10079,1
007-2589-100.jpg,10080,1
007-2590-100.jpg,10081,1
007-2591-100.jpg,10082,1
007-2592-100.jpg,10083,1
007-2593-100.jpg,10084,1
007-2594-100.jpg,10085,1
007-2597-100.jpg,10086,1
007-2598-100.jpg,10087,1
007-2601-100.jpg,10088,1
007-2603-100.jpg,10089,1
007-2604-100.jpg,10090,1
007-2605-100.jpg,10091,1
007-2609-100.jpg,10092,1
007-2610-100.jpg,10093,1
007-2611-100.jpg,10094,1
007-2612-100.jpg,10095,1
007-2613-100.jpg,10096,1
007-2614-100.jpg,10097,1
007-2615-100.jpg,10098,1
007-2618-100.jpg,10099,1
007-2620-100.jpg,10100,1
007-2624-100.jpg,10101,1
007-2627-100.jpg,10102,1
007-2628-100.jpg,10103,1
007-2631-100.jpg,10104,1
007-2635-100.jpg,10105,1
007-2640-100.jpg,10106,1
007-2641-100.jpg,10107,1
007-2642-100.jpg,10108,1
007-2643-100.jpg,10109,1
007-2645-100.jpg,10110,1
007-2649-100.jpg,10111,1
007-2651-100.jpg,10112,1
007-2652-100.jpg,9664,2
007-2653-100.jpg,10113,1
007-2654-100.jpg,10114,1
007-2655-100.jpg,10115,1
007-2658-100.jpg,10116,1
007-2659-100.jpg,10117,1
007-2660-100.jpg,10118,1
007-2661-100.jpg,10119,1
007-2662-100.jpg,10120,1
007-2663-100.jpg,10121,1
007-2664-100.jpg,10122,1
007-2667-100.jpg,10123,1
007-2668-100.jpg,10124,1
007-2671-100.jpg,10125,1
007-2673-100.jpg,10126,1
007-2675-100.jpg,10127,1
007-2676-100.jpg,10128,1
007-2678-100.jpg,10129,1
007-2679-100.jpg,10130,1
007-2680-100.jpg,10131,1
007-2686-100.jpg,10132,1
007-2687-100.jpg,10133,1
007-2688-100.jpg,10134,1
007-2690-100.jpg,10135,1
007-2693-100.jpg,10136,1
007-2698-100.jpg,10137,1
007-2699-100.jpg,10138,1
007-2701-100.jpg,10139,1
007-2708-100.jpg,10140,1
007-2709-100.jpg,10141,1
007-2713-100.jpg,10142,1
007-2714-100.jpg,10143,1
007-2718-100.jpg,10144,1
007-2724-100.jpg,10145,1
007-2727-100.jpg,10146,1
007-2732-100.jpg,10147,1
007-2735-100.jpg,10148,1
007-2736-100.jpg,10149,1
007-2737-100.jpg,10150,1
007-2741-100.jpg,10151,1
007-2742-100.jpg,10152,1
007-2746-100.jpg,10153,1
007-2747-100.jpg,10154,1
007-2749-100.jpg,10155,1
007-2753-100.jpg,10156,1
007-2754-100.jpg,10157,1
007-2758-100.jpg,10158,1
007-2759-100.jpg,10159,1
007-2762-100.jpg,10160,1
007-2763-100.jpg,10161,1
007-2765-100.jpg,10162,1
007-2767-100.jpg,10163,1
007-2773-100.jpg,10164,1
007-2774-100.jpg,10165,1
007-2775-100.jpg,10166,1
007-2778-100.jpg,10167,1
007-2779-100.jpg,10168,1
007-2780-100.jpg,10169,1
007-2783-100.jpg,10170,1
007-2784-100.jpg,10171,1
007-2789-100.jpg,10172,1
007-2791-100.jpg,10173,1
007-2792-100.jpg,10174,1
007-2793-100.jpg,10175,1
007-2794-100.jpg,10176,1
007-2796-100.jpg,10177,1
007-2797-100.jpg,10178,1
007-2799-100.jpg,10179,1
007-2800-100.jpg,10180,1
007-2803-100.jpg,10181,1
007-2804-100.jpg,10182,1
007-2806-100.jpg,10183,1
007-2807-100.jpg,10184,1
007-2810-100.jpg,10185,1
007-2813-100.jpg,10186,1
007-2816-100.jpg,10187,1
007-2817-100.jpg,10188,1
007-2818-100.jpg,10189,1
007-2819-100.jpg,10190,1
007-2820-100.jpg,10191,1
007-2821-100.jpg,10192,1
007-2822-100.jpg,10193,1
007-2826-100.jpg,10194,1
007-2827-100.jpg,10195,1
007-2832-100.jpg,10196,1
007-2833-100.jpg,10197,1
007-2838-100.jpg,10198,1
007-2847-100.jpg,10199,1
007-2849-100.jpg,10200,1
007-2851-100.jpg,10201,1
007-2853-100.jpg,10202,1
007-2855-100.jpg,10203,1
007-2858-100.jpg,10204,1
007-2860-100.jpg,10205,1
007-2861-100.jpg,10206,1
007-2864-100.jpg,10207,1
007-2868-100.jpg,10208,1
007-2869-100.jpg,10209,1
007-2870-100.jpg,10210,1
007-2881-100.jpg,10211,1
007-2887-100.jpg,10212,1
007-2888-100.jpg,10213,1
007-2893-100.jpg,10214,1
007-2894-100.jpg,10215,1
007-2895-100.jpg,10216,1
007-2896-100.jpg,10217,1
007-2897-100.jpg,10218,1
007-2898-100.jpg,10219,1
007-2899-100.jpg,10220,1
007-2900-100.jpg,10221,1
007-2901-100.jpg,10222,1
007-2909-100.jpg,10223,1
007-2910-100.jpg,10224,1
007-2912-100.jpg,10225,1
007-2914-100.jpg,10226,1
007-2915-100.jpg,10227,1
007-2916-100.jpg,10228,1
007-2918-100.jpg,10229,1
007-2919-100.jpg,10230,1
007-2921-100.jpg,10231,1
007-2923-100.jpg,10232,1
007-2924-100.jpg,10233,1
007-2925-100.jpg,10234,1
007-2927-100.jpg,10235,1
007-2928-100.jpg,10236,1
007-2929-100.jpg,10237,1
007-2930-100.jpg,10238,1
007-2931-100.jpg,10239,1
007-2932-100.jpg,10240,1
007-2933-100.jpg,10241,1
007-2934-100.jpg,10242,1
007-2935-100.jpg,10243,1
007-2939-100.jpg,10244,1
007-2940-100.jpg,10245,1
007-2944-100.jpg,10246,1
007-2946-100.jpg,10247,1
007-2948-100.jpg,10248,1
007-2949-100.jpg,10249,1
007-2950-100.jpg,10250,1
007-2951-100.jpg,10251,1
007-2952-100.jpg,10252,1
007-2954-100.jpg,10253,1
007-2955-100.jpg,10254,1
007-2956-100.jpg,10255,1
007-2957-100.jpg,10256,1
007-2964-100.jpg,10257,1
007-2965-100.jpg,10258,1
007-2967-100.jpg,10259,1
007-2969-100.jpg,10260,1
007-2970-100.jpg,10261,1
007-2974-100.jpg,10262,1
007-2975-100.jpg,10263,1
007-2977-100.jpg,10264,1
007-2978-100.jpg,10265,1
007-2979-100.jpg,10266,1
007-2980-100.jpg,10267,1
007-2984-100.jpg,10268,1
007-2989-100.jpg,10269,1
007-2991-100.jpg,10270,1
007-2992-100.jpg,10271,1
007-2993-100.jpg,10272,1
007-2994-100.jpg,10273,1
007-2997-100.jpg,10274,1
007-2999-100.jpg,10275,1
007-3000-100.jpg,10276,1
007-3002-100.jpg,10277,1
007-3004-100.jpg,10278,1
007-3005-100.jpg,10279,1
007-3007-100.jpg,10280,1
007-3010-100.jpg,10281,1
007-3012-100.jpg,10282,1
007-3013-100.jpg,10283,1
007-3014-100.jpg,10284,1
007-3015-100.jpg,10285,1
007-3016-100.jpg,10286,1
007-3017-100.jpg,10287,1
007-3018-100.jpg,10288,1
007-3024-100.jpg,10289,1
007-3025-100.jpg,10290,1
007-3026-100.jpg,10291,1
007-3028-100.jpg,10292,1
007-3030-100.jpg,10293,1
007-3031-100.jpg,10294,1
007-3035-100.jpg,10295,1
007-3046-100.jpg,10296,1
007-3049-100.jpg,10297,1
007-3054-100.jpg,10298,1
007-3055-100.jpg,10299,1
007-3056-100.jpg,10300,1
007-3057-100.jpg,10301,1
007-3058-100.jpg,10302,1
007-3060-100.jpg,10303,1
007-3063-100.jpg,10304,1
007-3066-100.jpg,10305,1
007-3067-100.jpg,10306,1
007-3070-100.jpg,10307,1
007-3071-100.jpg,10308,1
007-3072-100.jpg,10309,1
007-3073-100.jpg,10310,1
007-3074-100.jpg,10311,1
007-3076-100.jpg,10312,1
007-3077-100.jpg,10313,1
007-3078-100.jpg,10314,1
007-3079-100.jpg,10315,1
007-3080-100.jpg,10316,1
007-3086-100.jpg,10317,1
007-3087-100.jpg,10318,1
007-3091-100.jpg,10319,1
007-3092-100.jpg,10320,1
007-3093-100.jpg,10321,1
007-3097-100.jpg,10322,1
007-3099-100.jpg,10323,1
007-3106-100.jpg,10324,1
007-3108-100.jpg,10325,1
007-3109-100.jpg,10326,1
007-3110-100.jpg,10327,1
007-3111-100.jpg,10328,1
007-3112-100.jpg,10329,1
007-3117-100.jpg,10330,1
007-3123-100.jpg,10331,1
007-3126-100.jpg,10332,1
007-3127-100.jpg,10333,1
007-3129-100.jpg,10334,1
007-3130-100.jpg,10335,1
007-3133-100.jpg,10336,1
007-3134-100.jpg,10337,1
007-3135-100.jpg,10338,1
007-3136-100.jpg,10339,1
007-3137-100.jpg,10340,1
007-3139-100.jpg,10341,1
007-3141-100.jpg,10342,1
007-3142-100.jpg,10343,1
007-3143-100.jpg,10344,1
007-3144-100.jpg,10345,1
007-3145-100.jpg,10346,1
007-3147-100.jpg,10347,1
007-3148-100.jpg,10348,1
007-3149-100.jpg,10349,1
007-3150-100.jpg,10350,1
007-3151-100.jpg,10351,1
007-3152-100.jpg,10352,1
007-3153-100.jpg,10353,1
007-3154-100.jpg,10354,1
007-3155-100.jpg,10355,1
007-3156-100.jpg,10356,1
007-3159-100.jpg,10357,1
007-3162-100.jpg,10358,1
007-3163-100.jpg,10359,1
007-3164-100.jpg,10360,1
007-3165-100.jpg,10361,1
007-3166-100.jpg,10362,1
007-3168-100.jpg,10363,1
007-3171-100.jpg,10364,1
007-3175-100.jpg,10365,1
007-3177-100.jpg,10366,1
007-3178-100.jpg,10367,1
007-3182-100.jpg,10368,1
007-3183-100.jpg,10369,1
007-3186-100.jpg,10370,1
007-3187-100.jpg,10371,1
007-3188-100.jpg,10372,1
007-3190-100.jpg,10373,1
007-3194-100.jpg,10374,1
007-3195-100.jpg,10375,1
007-3198-100.jpg,10376,1
007-3199-100.jpg,10377,1
007-3203-100.jpg,10378,1
007-3204-100.jpg,10379,1
007-3206-100.jpg,10380,1
007-3208-100.jpg,10381,1
007-3211-100.jpg,10382,1
007-3214-100.jpg,10383,1
007-3215-100.jpg,10384,1
007-3219-100.jpg,10385,1
007-3220-100.jpg,10386,1
007-3224-100.jpg,10387,1
007-3227-100.jpg,10388,1
007-3228-100.jpg,10389,1
007-3229-100.jpg,10390,1
007-3230-100.jpg,10391,1
007-3232-100.jpg,10392,1
007-3233-100.jpg,10393,1
007-3234-100.jpg,10394,1
007-3235-100.jpg,10395,1
007-3236-100.jpg,10396,1
007-3241-100.jpg,10397,1
007-3243-100.jpg,10398,1
007-3247-100.jpg,10399,1
007-3249-100.jpg,10400,1
007-3252-100.jpg,10401,1
007-3257-100.jpg,10402,1
007-3258-100.jpg,10403,1
007-3265-100.jpg,10404,1
007-3266-100.jpg,10405,1
007-3269-100.jpg,10406,1
007-3274-100.jpg,10407,1
007-3277-100.jpg,10408,1
007-3279-200.jpg,10409,1
007-3280-200.jpg,10410,1
007-3281-200.jpg,10411,1
007-3282-200.jpg,10412,1
007-3283-200.jpg,10413,1
007-3284-200.jpg,10414,1
007-3285-200.jpg,10415,1
007-3287-200.jpg,10416,1
007-3288-200.jpg,10417,1
007-3289-200.jpg,10418,1
007-3290-200.jpg,10419,1
007-3291-200.jpg,10420,1
007-3292-200.jpg,10421,1
007-3293-200.jpg,10422,1
007-3294-200.jpg,10423,1
007-3295-200.jpg,10424,1
007-3296-200.jpg,10425,1
007-3297-200.jpg,10426,1
007-3298-200.jpg,10427,1
007-3299-200.jpg,10428,1
007-3300-200.jpg,10429,1
007-3301-200.jpg,10430,1
007-3302-200.jpg,10431,1
007-3303-200.jpg,10432,1
007-3304-200.jpg,10433,1
007-3305-200.jpg,10434,1
007-3306-200.jpg,10435,1
007-3307-200.jpg,10436,1
007-3308-200.jpg,10437,1
007-3309-200.jpg,10438,1
007-3310-200.jpg,10439,1
007-3311-200.jpg,10440,1
007-3312-200.jpg,10441,1
007-3313-200.jpg,10442,1
007-3314-200.jpg,10443,1
007-3315-200.jpg,10444,1
007-3316-200.jpg,10445,1
007-3317-200.jpg,10446,1
007-3318-200.jpg,10447,1
007-3319-200.jpg,10448,1
007-3320-200.jpg,10449,1
007-3321-200.jpg,10450,1
007-3323-200.jpg,10451,1
007-3324-200.jpg,10452,1
007-3325-200.jpg,10453,1
007-3326-200.jpg,10454,1
007-3327-200.jpg,10455,1
007-3328-200.jpg,10456,1
007-3329-200.jpg,10457,1
007-3330-200.jpg,10458,1
007-3331-200.jpg,10459,1
007-3332-200.jpg,10460,1
007-3333-200.jpg,10461,1
007-3334-200.jpg,10462,1
007-3335-200.jpg,10463,1
007-3336-200.jpg,10464,1
007-3337-200.jpg,10465,1
007-3338-200.jpg,10466,1
007-3339-200.jpg,10467,1
007-3340-200.jpg,10468,1
007-3341-200.jpg,10469,1
007-3342-200.jpg,10470,1
007-3343-200.jpg,10471,1
007-3344-200.jpg,10472,1
007-3345-200.jpg,10473,1
007-3346-200.jpg,10474,1
007-3347-200.jpg,10475,1
007-3348-200.jpg,10476,1
007-3349-200.jpg,10477,1
007-3350-200.jpg,10478,1
007-3351-200.jpg,10479,1
007-3352-200.jpg,10480,1
007-3353-200.jpg,10481,1
007-3354-200.jpg,10482,1
007-3355-200.jpg,10483,1
007-3357-200.jpg,10484,1
007-3358-200.jpg,10485,1
007-3361-200.jpg,10486,1
007-3362-200.jpg,10487,1
007-3365-200.jpg,10488,1
007-3368-200.jpg,10489,1
007-3369-200.jpg,10490,1
007-3370-200.jpg,10491,1
007-3372-200.jpg,10492,1
007-3375-200.jpg,10493,1
007-3376-200.jpg,10494,1
007-3377-200.jpg,10495,1
007-3378-200.jpg,10496,1
007-3379-200.jpg,10497,1
007-3380-200.jpg,10498,1
007-3381-200.jpg,10499,1
007-3382-200.jpg,10500,1
007-3383-200.jpg,10501,1
007-3384-200.jpg,10502,1
007-3385-200.jpg,10503,1
007-3386-200.jpg,10504,1
007-3387-200.jpg,10505,1
007-3388-200.jpg,10506,1
007-3389-200.jpg,10507,1
007-3390-200.jpg,10508,2
007-3391-200.jpg,10509,1
007-3392-200.jpg,10510,1
007-3393-200.jpg,10511,1
007-3394-200.jpg,10512,1
007-3395-200.jpg,10513,1
007-3396-200.jpg,10514,1
007-3397-200.jpg,10515,1
007-3398-200.jpg,10516,1
007-3399-200.jpg,10517,1
007-3400-200.jpg,10518,1
007-3401-200.jpg,10519,1
007-3402-200.jpg,10520,1
007-3403-200.jpg,10521,1
007-3404-200.jpg,10522,1
007-3405-200.jpg,10523,1
007-3406-200.jpg,10524,1
007-3407-200.jpg,10525,1
007-3408-200.jpg,10526,1
007-3409-200.jpg,10527,1
007-3410-200.jpg,10528,1
007-3411-200.jpg,10529,1
007-3412-200.jpg,10530,1
007-3413-200.jpg,10531,1
007-3414-200.jpg,10532,1
007-3415-200.jpg,10533,1
007-3416-200.jpg,10534,1
007-3417-200.jpg,10535,1
007-3418-200.jpg,10536,1
007-3419-200.jpg,10537,1
007-3420-200.jpg,10538,1
007-3421-200.jpg,10539,1
007-3422-200.jpg,10540,1
007-3423-200.jpg,10541,1
007-3424-200.jpg,10542,1
007-3425-200.jpg,10543,1
007-3426-200.jpg,10544,1
007-3427-200.jpg,10545,1
007-3428-200.jpg,10546,1
007-3429-200.jpg,10547,1
007-3430-200.jpg,10548,1
007-3431-200.jpg,10549,1
007-3432-200.jpg,10550,1
007-3433-200.jpg,10551,1
007-3434-200.jpg,10552,1
007-3435-200.jpg,10553,1
007-3436-200.jpg,10554,1
007-3437-200.jpg,10555,1
007-3438-200.jpg,10556,1
007-3439-200.jpg,10557,1
007-3440-200.jpg,10558,1
007-3441-200.jpg,10559,1
007-3442-200.jpg,10560,1
007-3443-200.jpg,10561,1
007-3444-200.jpg,10562,1
007-3445-200.jpg,10563,1
007-3446-200.jpg,10564,1
007-3448-200.jpg,10565,1
007-3449-200.jpg,10566,1
007-3451-200.jpg,10567,1
007-3452-200.jpg,10568,1
007-3453-200.jpg,10569,1
007-3454-200.jpg,10570,1
007-3455-200.jpg,10571,1
007-3456-200.jpg,10572,1
007-3457-200.jpg,10573,1
007-3458-200.jpg,10574,1
007-3459-200.jpg,10575,1
007-3460-200.jpg,10576,1
007-3461-200.jpg,10577,1
007-3462-200.jpg,10578,1
007-3463-200.jpg,10579,1
007-3464-200.jpg,10580,1
007-3466-200.jpg,10581,1
007-3467-200.jpg,10582,1
007-3468-200.jpg,10583,1
007-3469-200.jpg,10584,1
007-3470-200.jpg,10585,1
007-3471-200.jpg,10586,1
007-3472-200.jpg,10587,1
007-3473-200.jpg,10588,1
007-3474-200.jpg,10589,1
007-3475-200.jpg,10590,1
007-3476-200.jpg,10591,1
007-3477-200.jpg,10592,1
007-3478-200.jpg,10593,1
007-3479-200.jpg,10594,1
007-3480-200.jpg,10595,1
007-3481-200.jpg,10596,1
007-3482-200.jpg,10597,1
007-3483-200.jpg,10598,1
007-3484-200.jpg,10599,1
007-3485-200.jpg,10600,1
007-3486-200.jpg,10601,1
007-3487-200.jpg,10602,1
007-3490-200.jpg,10603,1
007-3491-200.jpg,10604,1
007-3492-200.jpg,10605,1
007-3494-200.jpg,10606,1
007-3495-200.jpg,10607,1
007-3496-200.jpg,10608,1
007-3497-200.jpg,10609,1
007-3498-200.jpg,10610,1
007-3499-200.jpg,10611,1
007-3500-200.jpg,10612,1
007-3501-200.jpg,10613,1
007-3502-200.jpg,10614,1
007-3503-200.jpg,10615,1
007-3504-200.jpg,10616,1
007-3506-200.jpg,10617,1
007-3507-200.jpg,10618,1
007-3508-200.jpg,10619,1
007-3509-200.jpg,10620,1
007-3510-200.jpg,10621,1
007-3511-200.jpg,10622,1
007-3512-200.jpg,10623,1
007-3513-200.jpg,10624,1
007-3514-200.jpg,10625,1
007-3515-200.jpg,10626,1
007-3517-200.jpg,10627,1
007-3519-200.jpg,10628,1
007-3520-200.jpg,10629,1
007-3521-200.jpg,10630,1
007-3522-200.jpg,10631,1
007-3523-200.jpg,10632,1
007-3524-200.jpg,10633,1
007-3525-200.jpg,10634,1
007-3526-200.jpg,10635,1
007-3527-200.jpg,10636,1
007-3528-200.jpg,10637,1
007-3530-200.jpg,10638,1
007-3531-200.jpg,10639,1
007-3532-200.jpg,10640,1
007-3533-200.jpg,10641,1
007-3534-200.jpg,10642,1
007-3535-200.jpg,10643,1
007-3536-200.jpg,10644,1
007-3537-200.jpg,10645,1
007-3538-200.jpg,10646,1
007-3539-200.jpg,10647,1
007-3540-200.jpg,10648,1
007-3541-200.jpg,10649,1
007-3543-200.jpg,10650,1
007-3544-200.jpg,10651,1
007-3545-200.jpg,10652,1
007-3546-200.jpg,10653,1
007-3547-200.jpg,10654,1
007-3549-200.jpg,10655,1
007-3550-200.jpg,10656,1
007-3551-200.jpg,10657,1
007-3552-200.jpg,10658,1
007-3553-200.jpg,10659,1
007-3554-200.jpg,10660,1
007-3555-200.jpg,10661,1
007-3556-200.jpg,10662,1
007-3557-200.jpg,10663,1
007-3558-200.jpg,10664,1
007-3559-200.jpg,10665,1
007-3560-200.jpg,10666,1
007-3561-200.jpg,10667,1
007-3564-200.jpg,10668,1
007-3565-200.jpg,10669,1
007-3566-200.jpg,10670,1
007-3568-200.jpg,10671,1
007-3569-200.jpg,10672,1
007-3570-200.jpg,10673,1
007-3571-200.jpg,10674,1
007-3572-200.jpg,10675,1
007-3573-200.jpg,10676,1
007-3574-200.jpg,10677,1
007-3575-200.jpg,10678,1
007-3576-200.jpg,10679,1
007-3577-200.jpg,10680,1
007-3578-200.jpg,10681,1
007-3580-200.jpg,10682,1
007-3581-200.jpg,10683,1
007-3582-200.jpg,10684,1
007-3586-200.jpg,10685,1
007-3587-200.jpg,10686,1
007-3588-200.jpg,10687,1
007-3589-200.jpg,10688,1
007-3590-200.jpg,10689,1
007-3591-200.jpg,10690,1
007-3592-200.jpg,10691,1
007-3593-200.jpg,10692,1
007-3594-200.jpg,10693,1
007-3595-200.jpg,10694,1
007-3596-200.jpg,10695,1
007-3597-200.jpg,10696,1
007-3598-200.jpg,10697,1
007-3599-200.jpg,10698,1
007-3600-200.jpg,10699,1
007-3601-200.jpg,10700,1
007-3602-200.jpg,10701,1
007-3603-200.jpg,10702,1
007-3604-200.jpg,10703,1
007-3605-200.jpg,10704,1
007-3606-200.jpg,10705,1
007-3607-200.jpg,10706,1
007-3608-200.jpg,10707,1
007-3609-200.jpg,10708,1
007-3610-200.jpg,10709,1
007-3611-200.jpg,10710,1
007-3613-200.jpg,10711,1
007-3614-200.jpg,10712,1
007-3615-200.jpg,10713,1
007-3616-200.jpg,10714,1
007-3617-200.jpg,10715,1
007-3618-200.jpg,10716,1
007-3619-200.jpg,10717,1
007-3620-200.jpg,10718,1
007-3621-200.jpg,10719,1
007-3622-200.jpg,10720,1
007-3623-200.jpg,10721,1
007-3624-200.jpg,10722,1
007-3625-200.jpg,10723,1
007-3626-200.jpg,10724,1
007-3627-200.jpg,10725,1
007-3628-200.jpg,10726,1
007-3629-200.jpg,10727,1
007-3630-200.jpg,10728,1
007-3631-200.jpg,10729,1
007-3632-200.jpg,10730,1
007-3633-200.jpg,10731,1
007-3635-200.jpg,10732,1
007-3636-200.jpg,10733,1
007-3637-200.jpg,10734,1
007-3638-200.jpg,10735,1
007-3639-200.jpg,10736,1
007-3640-200.jpg,10737,1
007-3641-200.jpg,10738,1
007-3642-200.jpg,10739,1
007-3643-200.jpg,10740,1
007-3644-200.jpg,10741,1
007-3645-200.jpg,10742,1
007-3646-200.jpg,10743,1
007-3647-200.jpg,10744,1
007-3648-200.jpg,10745,1
007-3649-200.jpg,10746,1
007-3650-200.jpg,10747,1
007-3651-200.jpg,10748,1
007-3652-200.jpg,10749,1
007-3653-200.jpg,10750,1
007-3654-200.jpg,10751,1
007-3655-200.jpg,10752,1
007-3656-200.jpg,10753,1
007-3657-200.jpg,10754,1
007-3658-200.jpg,10755,1
007-3659-200.jpg,10756,1
007-3660-200.jpg,10757,1
007-3661-200.jpg,10758,1
007-3662-200.jpg,10759,1
007-3663-200.jpg,10760,1
007-3664-200.jpg,10761,1
007-3665-200.jpg,10762,1
007-3666-200.jpg,10763,1
007-3667-200.jpg,10764,1
007-3668-200.jpg,10765,1
007-3669-200.jpg,10766,1
007-3670-200.jpg,10767,1
007-3671-200.jpg,10768,1
007-3672-200.jpg,10769,1
007-3673-200.jpg,10770,1
007-3674-200.jpg,10771,1
007-3676-200.jpg,10772,1
007-3677-200.jpg,10773,1
007-3678-200.jpg,10774,1
007-3679-200.jpg,10775,1
007-3680-200.jpg,10776,1
007-3681-200.jpg,10777,1
007-3682-200.jpg,10778,1
007-3683-200.jpg,10779,1
007-3684-200.jpg,10780,1
007-3685-200.jpg,10781,1
007-3686-200.jpg,10782,1
007-3687-200.jpg,10783,1
007-3688-200.jpg,10784,1
007-3689-200.jpg,10785,1
007-3690-200.jpg,10786,1
007-3691-200.jpg,10787,1
007-3692-200.jpg,10788,1
007-3693-200.jpg,10789,1
007-3694-200.jpg,10790,1
007-3695-200.jpg,10791,1
007-3696-200.jpg,10792,1
007-3697-200.jpg,10793,1
007-3698-200.jpg,10794,1
007-3699-200.jpg,10795,1
007-3700-200.jpg,10796,1
007-3701-200.jpg,10797,1
007-3702-200.jpg,10798,1
007-3703-200.jpg,10799,1
007-3704-200.jpg,10800,1
007-3706-200.jpg,10801,1
007-3708-200.jpg,10802,1
007-3709-200.jpg,10803,1
007-3710-200.jpg,10804,1
007-3711-200.jpg,10805,1
007-3712-200.jpg,10806,1
007-3713-200.jpg,10807,1
007-3715-200.jpg,10808,1
007-3716-200.jpg,10809,1
007-3717-200.jpg,10810,1
007-3718-200.jpg,10811,1
007-3719-200.jpg,10812,1
007-3720-200.jpg,10813,1
007-3721-200.jpg,10814,1
007-3722-200.jpg,10815,1
007-3724-200.jpg,10816,1
007-3725-200.jpg,10817,1
007-3726-200.jpg,10818,1
007-3727-200.jpg,10819,1
007-3728-200.jpg,10820,1
007-3729-200.jpg,10821,1
007-3730-200.jpg,10822,1
007-3731-200.jpg,10823,1
007-3732-200.jpg,10824,1
007-3733-200.jpg,10825,1
007-3734-200.jpg,10826,1
007-3735-200.jpg,10827,1
007-3736-200.jpg,10828,1
007-3737-200.jpg,10829,1
007-3739-200.jpg,10830,1
007-3740-200.jpg,10831,1
007-3741-200.jpg,10832,1
007-3742-200.jpg,10833,1
007-3743-200.jpg,10834,1
007-3744-200.jpg,10835,1
007-3745-200.jpg,10836,1
007-3746-200.jpg,10837,1
007-3747-200.jpg,10838,1
007-3748-200.jpg,10839,1
007-3749-200.jpg,10840,1
007-3750-200.jpg,10841,1
007-3753-200.jpg,10842,1
007-3754-200.jpg,10843,1
007-3755-200.jpg,10844,1
007-3756-200.jpg,10845,1
007-3757-200.jpg,10846,1
007-3758-200.jpg,10847,1
007-3759-200.jpg,10848,1
007-3760-200.jpg,10849,1
007-3761-200.jpg,10850,1
007-3762-200.jpg,10851,1
007-3763-200.jpg,10852,1
007-3764-200.jpg,10853,1
007-3765-200.jpg,10854,1
007-3766-200.jpg,10855,1
007-3767-200.jpg,10856,1
007-3768-200.jpg,10857,1
007-3769-200.jpg,10858,1
007-3770-200.jpg,10859,1
007-3772-200.jpg,10860,1
007-3773-200.jpg,10861,1
007-3774-200.jpg,10862,1
007-3775-200.jpg,10863,1
007-3776-200.jpg,10864,1
007-3778-200.jpg,10865,1
007-3779-200.jpg,10866,1
007-3780-200.jpg,10867,1
007-3781-200.jpg,10868,1
007-3782-200.jpg,10869,1
007-3783-200.jpg,10870,1
007-3784-200.jpg,10871,1
007-3785-200.jpg,10872,1
007-3786-200.jpg,10873,1
007-3787-200.jpg,10874,1
007-3788-200.jpg,10875,1
007-3789-200.jpg,10876,1
007-3790-200.jpg,10877,1
007-3791-200.jpg,10878,1
007-3792-200.jpg,10879,1
007-3793-200.jpg,10880,1
007-3794-200.jpg,10881,1
007-3795-200.jpg,10882,1
007-3796-200.jpg,10883,1
007-3797-200.jpg,10884,1
007-3798-200.jpg,10885,1
007-3799-200.jpg,10886,1
007-3800-200.jpg,10887,1
007-3801-200.jpg,10888,1
007-3802-200.jpg,10889,1
007-3803-200.jpg,10890,1
007-3804-200.jpg,10891,1
007-3805-200.jpg,10892,1
007-3806-200.jpg,10893,1
007-3807-200.jpg,10894,1
007-3808-200.jpg,10895,1
007-3809-200.jpg,10896,1
007-3810-200.jpg,10897,1
007-3811-200.jpg,10898,1
007-3812-200.jpg,10899,1
007-3814-200.jpg,10900,1
007-3815-200.jpg,10901,1
007-3816-200.jpg,10902,1
007-3817-200.jpg,10903,1
007-3818-200.jpg,10904,1
007-3819-200.jpg,10905,1
007-3820-200.jpg,10906,1
007-3821-200.jpg,10907,1
007-3822-200.jpg,10908,1
007-3823-200.jpg,10909,1
007-3824-200.jpg,10910,1
007-3825-200.jpg,10911,1
007-3826-200.jpg,10912,1
007-3827-200.jpg,10913,1
007-3828-200.jpg,10914,1
007-3829-200.jpg,10915,1
007-3830-200.jpg,10916,1
007-3831-200.jpg,10917,1
007-3832-200.jpg,10918,1
007-3833-200.jpg,10919,1
007-3834-200.jpg,10920,1
007-3835-200.jpg,10921,1
007-3836-200.jpg,10922,1
007-3837-200.jpg,10923,1
007-3838-200.jpg,10924,1
007-3839-200.jpg,10925,1
007-3840-200.jpg,10926,1
007-3841-200.jpg,10927,1
007-3842-200.jpg,10928,1
007-3843-200.jpg,10929,1
007-3844-200.jpg,10930,1
007-3845-200.jpg,10931,1
007-3846-200.jpg,10932,1
007-3847-200.jpg,10933,1
007-3848-200.jpg,10934,1
007-3849-200.jpg,10935,1
007-3850-200.jpg,10936,1
007-3851-200.jpg,10937,1
007-3852-200.jpg,10938,1
007-3853-200.jpg,10939,1
007-3854-200.jpg,10940,1
007-3855-200.jpg,10941,1
007-3856-200.jpg,10942,1
007-3857-200.jpg,10943,1
007-3858-200.jpg,10944,1
007-3859-200.jpg,10945,1
007-3860-200.jpg,10946,1
007-3862-200.jpg,10947,1
007-3863-200.jpg,10948,1
007-3864-200.jpg,10949,1
007-3865-200.jpg,10950,1
007-3866-200.jpg,10951,1
007-3867-200.jpg,10952,1
007-3868-200.jpg,10953,1
007-3869-200.jpg,10954,1
007-3870-200.jpg,10955,1
007-3871-200.jpg,10956,1
007-3872-200.jpg,10957,1
007-3873-200.jpg,10958,1
007-3874-200.jpg,10959,1
007-3875-200.jpg,10960,1
007-3876-200.jpg,10961,1
007-3877-200.jpg,10962,1
007-3878-200.jpg,10963,1
007-3879-200.jpg,10964,1
007-3880-200.jpg,10965,1
007-3881-200.jpg,10966,1
007-3882-200.jpg,10967,1
007-3883-200.jpg,10968,1
007-3884-200.jpg,10969,1
007-3885-200.jpg,10970,1
007-3886-200.jpg,10971,1
007-3887-200.jpg,10972,1
007-3888-200.jpg,10973,1
007-3889-200.jpg,10974,1
007-3890-200.jpg,10975,1
007-3891-200.jpg,10976,1
007-3893-200.jpg,10977,1
007-3894-200.jpg,10978,1
007-3895-200.jpg,10979,1
007-3896-200.jpg,10980,1
007-3898-200.jpg,10981,1
007-3899-200.jpg,10982,1
007-3900-200.jpg,10983,1
007-3901-200.jpg,10984,1
007-3902-200.jpg,10985,1
007-3903-200.jpg,10986,1
007-3904-200.jpg,10987,1
007-3905-200.jpg,10988,1
007-3906-200.jpg,10989,1
007-3907-200.jpg,10990,1
007-3908-200.jpg,10991,1
007-3909-200.jpg,10992,1
007-3910-200.jpg,10993,1
007-3911-200.jpg,10994,1
007-3912-200.jpg,10995,1
007-3913-200.jpg,10996,1
007-3914-200.jpg,10997,1
007-3915-200.jpg,10998,1
007-3916-200.jpg,10999,1
007-3917-200.jpg,11000,1
007-3918-200.jpg,11001,1
007-3919-200.jpg,11002,1
007-3920-200.jpg,11003,1
007-3921-200.jpg,11004,1
007-3922-200.jpg,11005,1
007-3923-200.jpg,11006,1
007-3924-200.jpg,11007,1
007-3927-200.jpg,11008,1
007-3928-200.jpg,11009,1
007-3929-200.jpg,11010,1
007-3930-200.jpg,11011,1
007-3933-200.jpg,11012,1
007-3934-200.jpg,11013,1
007-3935-200.jpg,11014,1
007-3938-200.jpg,11015,1
007-3939-200.jpg,11016,1
007-3940-200.jpg,11017,1
007-3941-200.jpg,11018,1
007-3942-200.jpg,11019,1
007-3944-200.jpg,11020,1
007-3947-200.jpg,11021,1
007-3948-200.jpg,11022,1
007-3949-200.jpg,11023,1
007-3950-200.jpg,11024,1
007-3951-200.jpg,11025,1
007-3952-200.jpg,11026,1
007-3953-200.jpg,11027,1
007-3954-200.jpg,11028,1
007-3956-200.jpg,11029,1
007-3957-200.jpg,11030,1
007-3958-200.jpg,11031,1
007-3959-200.jpg,11032,1
007-3960-200.jpg,11033,1
007-3961-200.jpg,11034,1
007-3962-200.jpg,11035,1
007-3963-200.jpg,11036,1
007-3964-200.jpg,11037,1
007-3965-200.jpg,11038,1
007-3966-200.jpg,11039,1
007-3967-200.jpg,11040,1
007-3968-200.jpg,11041,1
007-3969-200.jpg,11042,1
007-3970-200.jpg,11043,1
007-3971-200.jpg,11044,1
007-3972-200.jpg,11045,1
007-3973-200.jpg,11046,1
007-3974-200.jpg,11047,1
007-3975-200.jpg,11048,1
007-3976-200.jpg,11049,1
007-3977-200.jpg,11050,1
007-3978-200.jpg,11051,1
007-3980-200.jpg,11052,1
007-3981-200.jpg,11053,1
007-3982-200.jpg,11054,1
007-3983-200.jpg,11055,1
007-3984-200.jpg,11056,1
007-3985-200.jpg,11057,1
007-3986-200.jpg,11058,1
007-3987-200.jpg,11059,1
007-3988-200.jpg,11060,1
007-3989-200.jpg,11061,1
007-3990-200.jpg,11062,1
007-3991-200.jpg,11063,1
007-3992-200.jpg,11064,1
007-3993-200.jpg,11065,1
007-3994-200.jpg,11066,1
007-3995-200.jpg,11067,1
007-3996-200.jpg,11068,1
007-3997-200.jpg,11069,1
007-3998-200.jpg,11070,1
007-3999-200.jpg,11071,1
007-4000-200.jpg,11072,1
007-4001-200.jpg,11073,1
007-4002-200.jpg,11074,1
007-4003-200.jpg,11075,1
007-4004-200.jpg,11076,1
007-4005-200.jpg,11077,1
007-4006-200.jpg,11078,1
007-4007-200.jpg,11079,1
007-4008-200.jpg,11080,1
007-4009-200.jpg,11081,1
007-4010-200.jpg,11082,1
007-4011-200.jpg,11083,1
007-4012-200.jpg,11084,1
007-4013-200.jpg,11085,1
007-4014-200.jpg,11086,1
007-4015-200.jpg,11087,1
007-4016-200.jpg,11088,1
007-4017-200.jpg,11089,1
007-4018-200.jpg,11090,1
007-4019-200.jpg,11091,1
007-4020-200.jpg,11092,1
007-4023-200.jpg,11093,1
007-4025-200.jpg,11094,1
007-4027-200.jpg,11095,1
007-4028-200.jpg,11096,1
007-4031-200.jpg,11097,1
007-4032-200.jpg,11098,1
007-4033-200.jpg,11099,1
007-4034-200.jpg,11100,1
007-4036-200.jpg,11101,1
007-4037-200.jpg,11102,1
007-4038-200.jpg,11103,1
007-4039-200.jpg,11104,1
007-4040-200.jpg,11105,1
007-4041-200.jpg,11106,1
007-4042-200.jpg,11107,1
007-4043-200.jpg,11108,1
007-4044-200.jpg,11109,1
007-4047-200.jpg,11110,1
007-4048-200.jpg,11111,1
007-4049-200.jpg,11112,1
007-4050-200.jpg,11113,1
007-4051-200.jpg,11114,1
007-4052-200.jpg,11115,1
007-4053-200.jpg,11116,1
007-4054-200.jpg,11117,1
007-4055-200.jpg,11118,1
007-4056-200.jpg,11119,1
007-4058-200.jpg,11120,1
007-4059-200.jpg,11121,1
007-4060-200.jpg,11122,1
007-4061-200.jpg,11123,1
007-4063-200.jpg,11124,1
007-4064-200.jpg,11125,1
007-4066-200.jpg,11126,1
007-4067-200.jpg,11127,1
007-4068-200.jpg,11128,1
007-4069-200.jpg,11129,1
007-4070-200.jpg,11130,1
007-4071-200.jpg,11131,1
007-4073-200.jpg,11132,1
007-4074-200.jpg,11133,1
007-4075-200.jpg,11134,1
007-4076-200.jpg,11135,1
007-4077-200.jpg,11136,1
007-4078-200.jpg,11137,1
007-4079-200.jpg,11138,1
007-4080-200.jpg,11139,1
007-4081-200.jpg,11140,1
007-4082-200.jpg,11141,1
007-4083-200.jpg,11142,1
007-4084-200.jpg,11143,1
007-4085-200.jpg,11144,1
007-4086-200.jpg,11145,1
007-4087-200.jpg,11146,1
007-4088-200.jpg,11147,1
007-4089-200.jpg,11148,1
007-4090-200.jpg,11149,1
007-4091-200.jpg,11150,1
007-4092-200.jpg,11151,1
007-4093-200.jpg,11152,1
007-4094-200.jpg,11153,1
007-4095-200.jpg,11154,1
007-4096-200.jpg,11155,1
007-4097-200.jpg,11156,1
007-4098-200.jpg,11157,1
007-4099-200.jpg,11158,1
007-4100-200.jpg,11159,1
007-4101-200.jpg,11160,1
007-4102-200.jpg,11161,1
007-4103-200.jpg,11162,1
007-4104-200.jpg,11163,1
007-4105-200.jpg,11164,1
007-4106-200.jpg,11165,1
007-4107-200.jpg,11166,1
007-4108-200.jpg,11167,1
007-4109-200.jpg,11168,1
007-4110-200.jpg,11169,1
007-4111-200.jpg,11170,1
007-4112-200.jpg,11171,1
007-4113-200.jpg,11172,1
007-4114-200.jpg,11173,1
007-4115-200.jpg,11174,1
007-4116-200.jpg,11175,1
007-4117-200.jpg,11176,1
007-4118-200.jpg,11177,1
007-4119-200.jpg,11178,1
007-4120-200.jpg,11179,1
007-4121-200.jpg,11180,1
007-4122-200.jpg,11181,1
007-4124-200.jpg,11182,1
007-4127-200.jpg,11183,1
007-4132-200.jpg,11184,1
007-4136-200.jpg,11185,1
007-4137-200.jpg,11186,1
007-4138-200.jpg,11187,1
007-4139-200.jpg,11188,1
007-4140-200.jpg,11189,1
007-4141-200.jpg,11190,1
007-4142-200.jpg,11191,1
007-4143-200.jpg,11192,1
007-4144-200.jpg,11193,1
007-4145-200.jpg,11194,1
007-4146-200.jpg,11195,1
007-4147-200.jpg,11196,1
007-4148-200.jpg,11197,1
007-4149-200.jpg,11198,1
007-4150-200.jpg,11199,1
007-4151-200.jpg,11200,1
007-4152-200.jpg,11201,1
007-4153-200.jpg,11202,1
007-4155-200.jpg,11203,1
007-4156-200.jpg,11204,1
007-4157-200.jpg,11205,1
007-4158-200.jpg,11206,1
007-4159-200.jpg,11207,1
007-4160-200.jpg,11208,1
007-4161-200.jpg,11209,1
007-4162-200.jpg,11210,1
007-4163-200.jpg,11211,1
007-4164-200.jpg,11212,1
007-4165-200.jpg,11213,1
007-4166-200.jpg,11214,1
007-4167-200.jpg,11215,1
007-4168-200.jpg,11216,1
007-4169-200.jpg,11217,1
007-4170-200.jpg,11218,1
007-4171-200.jpg,11219,1
007-4172-200.jpg,11220,1
007-4173-200.jpg,11221,1
007-4174-200.jpg,11222,1
007-4175-200.jpg,11223,1
007-4176-200.jpg,11224,1
007-4177-200.jpg,11225,1
007-4178-200.jpg,11226,1
007-4179-200.jpg,11227,1
007-4181-200.jpg,11228,1
007-4182-200.jpg,11229,1
007-4183-200.jpg,11230,1
007-4185-200.jpg,11231,1
007-4186-200.jpg,11232,1
007-4187-200.jpg,11233,1
007-4188-200.jpg,11234,1
007-4189-200.jpg,11235,1
007-4190-200.jpg,11236,1
007-4192-200.jpg,11237,1
007-4193-200.jpg,11238,1
007-4194-200.jpg,11239,1
007-4195-200.jpg,11240,1
007-4196-200.jpg,11241,1
007-4197-200.jpg,11242,1
007-4198-200.jpg,11243,1
007-4199-200.jpg,11244,1
007-4200-200.jpg,11245,1
007-4201-200.jpg,11246,1
007-4202-200.jpg,11247,1
007-4203-200.jpg,11248,1
007-4205-200.jpg,11249,1
007-4206-200.jpg,11250,1
007-4207-200.jpg,11251,1
007-4208-200.jpg,11252,1
007-4209-200.jpg,11253,1
007-4210-200.jpg,11254,1
007-4211-200.jpg,11255,1
007-4212-200.jpg,11256,1
007-4213-200.jpg,11257,1
007-4214-200.jpg,11258,1
007-4215-200.jpg,11259,1
007-4217-200.jpg,11260,1
007-4218-200.jpg,11261,1
007-4219-200.jpg,11262,1
007-4220-200.jpg,11263,1
007-4221-200.jpg,11264,1
007-4222-200.jpg,11265,1
007-4224-200.jpg,11266,1
007-4225-200.jpg,11267,1
007-4226-200.jpg,11268,1
007-4227-200.jpg,11269,1
007-4228-200.jpg,11270,1
007-4229-200.jpg,11271,1
007-4230-200.jpg,11272,1
007-4231-200.jpg,11273,1
007-4232-200.jpg,11274,1
007-4233-200.jpg,11275,1
007-4234-200.jpg,11276,1
007-4235-200.jpg,11277,1
007-4236-200.jpg,11278,1
007-4237-200.jpg,11279,1
007-4239-200.jpg,11280,1
007-4240-200.jpg,11281,1
007-4241-200.jpg,11282,1
007-4242-200.jpg,11283,1
007-4243-200.jpg,11284,1
007-4244-200.jpg,11285,1
007-4245-200.jpg,11286,1
007-4246-200.jpg,11287,1
007-4247-200.jpg,11288,1
007-4248-200.jpg,11289,1
007-4251-200.jpg,11290,1
007-4252-200.jpg,11291,1
007-4253-200.jpg,11292,1
007-4255-200.jpg,11293,1
007-4256-200.jpg,11294,1
007-4257-200.jpg,11295,1
007-4258-200.jpg,11296,1
007-4259-200.jpg,11297,1
007-4260-200.jpg,11298,1
007-4261-200.jpg,11299,1
007-4262-200.jpg,11300,1
007-4263-200.jpg,11301,1
007-4264-200.jpg,11302,1
007-4265-200.jpg,11303,1
007-4266-200.jpg,11304,1
007-4267-200.jpg,11305,1
007-4268-200.jpg,11306,1
007-4269-200.jpg,11307,1
007-4270-200.jpg,11308,1
007-4271-200.jpg,11309,1
007-4272-200.jpg,11310,1
007-4273-200.jpg,11311,1
007-4274-200.jpg,11312,1
007-4276-200.jpg,11313,1
007-4277-200.jpg,11314,1
007-4278-200.jpg,11315,1
007-4279-200.jpg,11316,1
007-4280-200.jpg,11317,1
007-4281-200.jpg,11318,1
007-4282-200.jpg,11319,1
007-4283-200.jpg,11320,1
007-4284-200.jpg,11321,1
007-4285-200.jpg,11322,1
007-4286-200.jpg,11323,1
007-4287-200.jpg,11324,1
007-4288-200.jpg,11325,1
007-4289-200.jpg,11326,1
007-4291-200.jpg,11327,1
007-4292-200.jpg,11328,1
007-4293-200.jpg,11329,1
007-4294-200.jpg,11330,1
007-4295-200.jpg,11331,1
007-4296-200.jpg,11332,1
007-4297-200.jpg,11333,1
007-4298-200.jpg,11334,1
007-4299-200.jpg,11335,1
007-4300-200.jpg,11336,1
007-4301-200.jpg,11337,1
007-4302-200.jpg,11338,1
007-4303-200.jpg,11339,1
007-4304-200.jpg,11340,1
007-4305-200.jpg,11341,1
007-4306-200.jpg,11342,1
007-4307-200.jpg,11343,1
007-4308-200.jpg,11344,1
007-4309-200.jpg,11345,1
007-4310-200.jpg,11346,1
007-4311-200.jpg,11347,1
007-4312-200.jpg,11348,1
007-4313-200.jpg,11349,1
007-4314-200.jpg,11350,1
007-4315-200.jpg,11351,1
007-4316-200.jpg,11352,1
007-4317-200.jpg,11353,1
007-4318-200.jpg,11354,1
007-4319-200.jpg,11355,1
007-4320-200.jpg,11356,1
007-4321-200.jpg,11357,1
007-4322-200.jpg,11358,1
007-4323-200.jpg,11359,1
007-4324-200.jpg,11360,1
007-4325-200.jpg,11361,1
007-4326-200.jpg,11362,1
007-4327-200.jpg,11363,1
007-4328-200.jpg,11364,1
007-4329-200.jpg,11365,1
007-4330-200.jpg,11366,1
007-4331-200.jpg,11367,1
007-4332-200.jpg,11368,1
007-4333-200.jpg,11369,1
007-4334-200.jpg,11370,1
007-4335-200.jpg,11371,1
007-4336-200.jpg,11372,1
007-4338-200.jpg,11373,1
007-4339-200.jpg,11374,1
007-4340-200.jpg,11375,1
007-4341-200.jpg,11376,1
007-4342-200.jpg,11377,1
007-4343-200.jpg,11378,1
007-4344-200.jpg,11379,1
007-4345-200.jpg,11380,1
007-4346-200.jpg,11381,1
007-4347-200.jpg,11382,1
007-4348-200.jpg,11383,1
007-4349-200.jpg,11384,1
007-4350-200.jpg,11385,1
007-4351-200.jpg,11386,1
007-4352-200.jpg,11387,1
007-4353-200.jpg,11388,1
007-4354-200.jpg,11389,1
007-4355-200.jpg,11390,1
007-4356-200.jpg,11391,1
007-4357-200.jpg,11392,1
007-4358-200.jpg,11393,1
007-4360-200.jpg,2354,2
007-4361-200.jpg,11394,1
007-4362-200.jpg,11395,1
007-4363-200.jpg,11396,1
007-4364-200.jpg,11397,1
007-4365-200.jpg,11398,1
007-4366-200.jpg,11399,1
007-4367-200.jpg,11400,1
007-4368-200.jpg,11401,1
007-4369-200.jpg,11402,1
007-4370-200.jpg,11403,1
007-4371-200.jpg,11404,1
007-4372-200.jpg,11405,1
007-4373-200.jpg,11406,1
007-4374-200.jpg,11407,1
007-4375-200.jpg,11408,1
007-4376-200.jpg,11409,1
007-4377-200.jpg,11410,1
007-4378-200.jpg,11411,1
007-4379-200.jpg,11412,1
007-4380-200.jpg,11413,1
007-4383-200.jpg,11414,1
007-4384-200.jpg,11415,1
007-4385-200.jpg,11416,1
007-4386-200.jpg,11417,1
007-4387-200.jpg,11418,1
007-4388-200.jpg,11419,1
007-4389-200.jpg,11420,1
007-4390-200.jpg,11421,1
007-4391-200.jpg,11422,1
007-4392-200.jpg,11423,1
007-4393-200.jpg,11424,1
007-4394-200.jpg,11425,1
007-4395-200.jpg,11426,1
007-4396-200.jpg,11427,1
007-4397-200.jpg,11428,1
007-4398-200.jpg,11429,1
007-4399-200.jpg,11430,1
007-4400-200.jpg,11431,1
007-4401-200.jpg,11432,1
007-4402-200.jpg,11433,1
007-4403-200.jpg,11434,1
007-4404-200.jpg,11435,1
007-4406-200.jpg,11436,1
007-4407-200.jpg,11437,1
007-4408-200.jpg,11438,1
007-4409-200.jpg,11439,1
007-4410-200.jpg,11440,1
007-4411-200.jpg,11441,1
007-4412-200.jpg,11442,1
007-4413-200.jpg,11443,1
007-4414-200.jpg,11444,1
007-4415-200.jpg,11445,1
007-4416-200.jpg,11446,1
007-4417-200.jpg,11447,1
007-4418-200.jpg,11448,1
007-4419-200.jpg,11449,1
007-4420-200.jpg,11450,1
007-4421-200.jpg,11451,1
007-4422-200.jpg,11452,1
007-4423-200.jpg,11453,1
007-4424-200.jpg,11454,1
007-4425-200.jpg,11455,1
007-4426-200.jpg,11456,1
007-4427-200.jpg,11457,1
007-4428-200.jpg,11458,1
007-4429-200.jpg,11459,1
007-4430-200.jpg,11460,1
007-4431-200.jpg,11461,1
007-4432-200.jpg,11462,1
007-4434-200.jpg,11463,1
007-4435-200.jpg,11464,1
007-4436-200.jpg,11465,1
007-4437-200.jpg,11466,1
007-4438-200.jpg,11467,1
007-4439-200.jpg,11468,1
007-4440-200.jpg,11469,1
007-4441-200.jpg,11470,1
007-4442-200.jpg,11471,1
007-4443-200.jpg,11472,1
007-4444-200.jpg,11473,1
007-4445-200.jpg,11474,1
007-4446-200.jpg,11475,1
007-4447-200.jpg,11476,1
007-4449-200.jpg,11477,1
007-4452-200.jpg,11478,1
007-4453-200.jpg,11479,1
007-4454-200.jpg,11480,1
007-4455-200.jpg,11481,1
007-4456-200.jpg,11482,1
007-4457-200.jpg,11483,1
007-4458-200.jpg,11484,1
007-4459-200.jpg,11485,1
007-4460-200.jpg,11486,1
007-4461-200.jpg,11487,1
007-4462-200.jpg,11488,1
007-4463-200.jpg,11489,1
007-4464-200.jpg,11490,1
007-4465-200.jpg,11491,1
007-4466-200.jpg,11492,1
007-4467-200.jpg,11493,1
007-4468-200.jpg,11494,1
007-4469-200.jpg,11495,1
007-4470-200.jpg,11496,1
007-4471-200.jpg,11497,1
007-4472-200.jpg,11498,1
007-4473-200.jpg,11499,1
007-4474-200.jpg,11500,1
007-4475-200.jpg,11501,1
007-4476-200.jpg,11502,1
007-4477-200.jpg,11503,1
007-4478-200.jpg,11504,1
007-4479-200.jpg,11505,1
007-4480-200.jpg,11506,1
007-4481-200.jpg,11507,1
007-4482-200.jpg,11508,1
007-4483-200.jpg,11509,1
007-4484-200.jpg,11510,1
007-4485-200.jpg,11511,1
007-4486-200.jpg,11512,1
007-4487-200.jpg,11513,1
007-4488-200.jpg,11514,1
007-4489-200.jpg,11515,1
007-4490-200.jpg,11516,1
007-4491-200.jpg,11517,1
007-4492-200.jpg,11518,1
007-4493-200.jpg,11519,1
007-4494-200.jpg,11520,1
007-4495-200.jpg,11521,1
007-4496-200.jpg,11522,1
007-4497-200.jpg,11523,1
007-4498-200.jpg,11524,1
007-4499-200.jpg,11525,1
007-4500-200.jpg,11526,1
007-4501-200.jpg,11527,1
007-4502-200.jpg,11528,1
007-4503-200.jpg,11529,1
007-4504-200.jpg,11530,1
007-4505-200.jpg,11531,1
007-4506-200.jpg,11532,1
007-4507-200.jpg,11533,1
007-4508-200.jpg,11534,1
007-4509-200.jpg,11535,1
007-4510-200.jpg,11536,1
007-4511-200.jpg,11537,1
007-4512-200.jpg,11538,1
007-4513-200.jpg,11539,1
007-4514-200.jpg,11540,1
007-4515-200.jpg,11541,1
007-4516-200.jpg,11542,1
007-4517-200.jpg,11543,1
007-4518-200.jpg,11544,1
007-4520-200.jpg,11545,1
007-4521-200.jpg,11546,1
007-4522-200.jpg,11547,1
007-4523-200.jpg,11548,1
007-4524-200.jpg,11549,1
007-4525-200.jpg,11550,1
007-4526-200.jpg,11551,1
007-4527-200.jpg,11552,1
007-4528-200.jpg,11553,1
007-4529-200.jpg,11554,1
007-4530-200.jpg,11555,1
007-4531-200.jpg,11556,1
007-4532-200.jpg,11557,1
007-4533-200.jpg,11558,1
007-4534-200.jpg,11559,1
007-4535-200.jpg,11560,1
007-4537-200.jpg,11561,1
007-4538-200.jpg,11562,1
007-4539-200.jpg,11563,1
007-4540-200.jpg,11564,1
007-4541-200.jpg,11565,1
007-4542-200.jpg,11566,1
007-4543-200.jpg,11567,1
007-4544-200.jpg,11568,1
007-4545-200.jpg,11569,1
007-4546-200.jpg,11570,1
007-4547-200.jpg,11571,1
007-4548-200.jpg,11572,1
007-4549-200.jpg,11573,1
007-4550-200.jpg,11574,1
007-4552-200.jpg,11575,1
007-4553-200.jpg,11576,1
007-4554-200.jpg,11577,1
007-4555-200.jpg,11578,1
007-4556-200.jpg,11579,1
007-4557-200.jpg,11580,1
007-4558-200.jpg,11581,1
007-4559-200.jpg,11582,1
007-4560-200.jpg,11583,1
007-4561-200.jpg,11584,1
007-4562-200.jpg,11585,1
007-4565-200.jpg,11586,1
007-4566-200.jpg,11587,1
007-4567-200.jpg,11588,1
007-4568-200.jpg,11589,1
007-4569-200.jpg,11590,1
007-4570-200.jpg,11591,1
007-4571-200.jpg,10508,2
007-4572-200.jpg,11592,1
007-4573-200.jpg,11593,1
007-4574-200.jpg,11594,1
007-4575-200.jpg,11595,1
007-4576-200.jpg,11596,1
007-4577-200.jpg,11597,1
007-4578-200.jpg,11598,1
007-4579-200.jpg,11599,1
007-4580-200.jpg,11600,1
007-4581-200.jpg,11601,1
007-4582-200.jpg,11602,1
007-4583-200.jpg,11603,1
007-4584-200.jpg,11604,1
007-4585-200.jpg,11605,1
007-4586-200.jpg,11606,1
007-4587-200.jpg,11607,1
007-4588-200.jpg,11608,1
007-4590-200.jpg,11609,1
007-4591-200.jpg,11610,1
007-4592-200.jpg,11611,1
007-4593-200.jpg,11612,1
007-4594-200.jpg,11613,1
007-4595-200.jpg,11614,1
007-4596-200.jpg,11615,1
007-4597-200.jpg,11616,1
007-4598-200.jpg,11617,1
007-4599-200.jpg,11618,1
007-4600-200.jpg,11619,1
007-4601-200.jpg,11620,1
007-4602-200.jpg,11621,1
007-4603-200.jpg,11622,1
007-4604-200.jpg,11623,1
007-4605-200.jpg,11624,1
007-4606-200.jpg,11625,1
007-4607-200.jpg,11626,1
007-4608-200.jpg,11627,1
007-4609-200.jpg,11628,1
007-4610-200.jpg,11629,1
007-4611-200.jpg,11630,1
007-4612-200.jpg,11631,1
007-4613-200.jpg,11632,1
007-4614-200.jpg,11633,1
007-4615-200.jpg,11634,1
007-4616-200.jpg,11635,1
007-4617-200.jpg,11636,1
007-4619-200.jpg,11637,1
007-4620-200.jpg,11638,1
007-4621-200.jpg,11639,1
007-4622-200.jpg,11640,1
007-4623-200.jpg,11641,1
007-4624-200.jpg,11642,1
007-4625-200.jpg,11643,1
007-4626-200.jpg,11644,1
007-4628-200.jpg,11645,1
007-4629-200.jpg,11646,1
007-4630-200.jpg,11647,1
007-4631-200.jpg,11648,1
007-4632-200.jpg,11649,1
007-4633-200.jpg,11650,1
007-4634-200.jpg,11651,1
007-4636-200.jpg,11652,1
007-4637-200.jpg,11653,1
007-4638-200.jpg,11654,1
007-4639-200.jpg,11655,1
007-4640-200.jpg,11656,1
007-4641-200.jpg,11657,1
007-4642-200.jpg,11658,1
007-4644-200.jpg,11659,1
007-4646-200.jpg,11660,1
007-4647-200.jpg,11661,1
007-4648-200.jpg,11662,1
007-4649-200.jpg,11663,1
007-4650-200.jpg,11664,1
007-4651-200.jpg,11665,1
007-4652-200.jpg,11666,1
007-4653-200.jpg,11667,1
007-4654-200.jpg,11668,1
007-4655-200.jpg,11669,1
007-4656-200.jpg,11670,1
007-4657-200.jpg,11671,1
007-4658-200.jpg,11672,1
007-4659-200.jpg,11673,1
007-4660-200.jpg,11674,1
007-4661-200.jpg,11675,1
007-4662-200.jpg,11676,1
007-4663-200.jpg,11677,1
007-4664-200.jpg,11678,1
007-4665-200.jpg,11679,1
007-4666-200.jpg,11680,1
007-4667-200.jpg,11681,1
007-4668-200.jpg,11682,1
007-4669-200.jpg,11683,1
007-4670-200.jpg,11684,1
007-4671-200.jpg,11685,1
007-4672-200.jpg,11686,1
007-4673-200.jpg,11687,1
007-4674-200.jpg,11688,1
007-4675-200.jpg,11689,1
007-4676-200.jpg,11690,1
007-4677-200.jpg,11691,1
007-4678-200.jpg,11692,1
007-4679-200.jpg,11693,1
007-4680-200.jpg,11694,1
007-4681-200.jpg,11695,1
007-4682-200.jpg,11696,1
007-4683-200.jpg,11697,1
007-4684-200.jpg,11698,1
007-4685-200.jpg,11699,1
007-4686-200.jpg,11700,1
007-4687-200.jpg,11701,1
007-4688-200.jpg,11702,1
007-4689-200.jpg,11703,1
007-4690-200.jpg,11704,1
007-4691-200.jpg,11705,1
007-4692-200.jpg,11706,1
007-4693-200.jpg,11707,1
007-4694-200.jpg,11708,1
007-4695-200.jpg,11709,1
007-4696-200.jpg,11710,1
007-4697-200.jpg,11711,1
007-4698-200.jpg,11712,1
007-4699-200.jpg,11713,1
007-4700-200.jpg,11714,1
007-4701-200.jpg,11715,1
007-4702-200.jpg,11716,1
007-4703-200.jpg,11717,1
007-4706-200.jpg,11718,1
007-4707-200.jpg,11719,1
007-4708-200.jpg,11720,1
007-4709-200.jpg,11721,1
007-4712-200.jpg,11722,1
007-4713-200.jpg,11723,1
007-4714-200.jpg,11724,1
007-4715-200.jpg,11725,1
007-4716-200.jpg,11726,1
007-4717-200.jpg,11727,1
007-4718-200.jpg,11728,1
007-4719-200.jpg,11729,1
007-4720-200.jpg,11730,1
007-4721-200.jpg,11731,1
007-4722-200.jpg,11732,1
007-4723-200.jpg,11733,1
007-4724-200.jpg,11734,1
007-4725-200.jpg,11735,1
007-4726-200.jpg,11736,1
007-4727-200.jpg,11737,1
007-4728-200.jpg,11738,1
007-4729-200.jpg,11739,1
007-4730-200.jpg,11740,1
007-4731-200.jpg,11741,1
007-4732-200.jpg,11742,1
007-4733-200.jpg,11743,1
007-4734-200.jpg,11744,1
007-4735-200.jpg,11745,1
007-4736-200.jpg,11746,1
007-4737-200.jpg,11747,1
007-4738-200.jpg,11748,1
007-4739-200.jpg,11749,1
007-4740-200.jpg,11750,1
007-4741-200.jpg,11751,1
007-4742-200.jpg,11752,1
007-4743-200.jpg,11753,1
007-4744-200.jpg,11754,1
007-4745-200.jpg,11755,1
007-4746-200.jpg,11756,1
007-4747-200.jpg,11757,1
007-4748-200.jpg,11758,1
007-4749-200.jpg,11759,1
007-4750-200.jpg,11760,1
007-4751-200.jpg,11761,1
007-4753-200.jpg,11762,1
007-4754-200.jpg,11763,1
007-4755-200.jpg,11764,1
007-4757-200.jpg,11765,1
007-4759-200.jpg,11766,1
007-4760-200.jpg,11767,1
007-4761-200.jpg,11768,1
007-4766-200.jpg,11769,1
007-4767-200.jpg,11770,1
007-4768-200.jpg,11771,1
007-4769-200.jpg,11772,1
007-4770-200.jpg,11773,1
007-4771-200.jpg,11774,1
007-4772-200.jpg,11775,1
007-4773-200.jpg,11776,1
007-4774-200.jpg,11777,1
007-4775-200.jpg,11778,1
007-4776-200.jpg,11779,1
007-4777-200.jpg,11780,1
007-4778-200.jpg,11781,1
007-4779-200.jpg,11782,1
007-4780-200.jpg,11783,1
007-4781-200.jpg,11784,1
007-4782-200.jpg,11785,1
007-4783-200.jpg,11786,1
007-4784-200.jpg,11787,1
007-4785-300.jpg,11788,1
007-4787-300.jpg,11789,1
007-4788-300.jpg,11790,1
007-4789-300.jpg,11791,1
007-4790-300.jpg,11792,1
007-4791-300.jpg,11793,1
007-4793-300.jpg,11794,1
007-4794-300.jpg,11795,1
007-4795-300.jpg,11796,1
007-4796-300.jpg,11797,1
007-4797-300.jpg,11798,1
007-4798-300.jpg,11799,1
007-4799-300.jpg,11800,1
007-4800-300.jpg,11801,1
007-4801-300.jpg,11802,1
007-4802-300.jpg,11803,1
007-4803-300.jpg,11804,1
007-4804-300.jpg,11805,1
007-4805-300.jpg,11806,1
007-4806-300.jpg,11807,1
007-4807-300.jpg,11808,1
007-4808-300.jpg,11809,1
007-4809-300.jpg,11810,1
007-4810-300.jpg,11811,1
007-4811-300.jpg,11812,1
007-4812-300.jpg,11813,1
007-4813-300.jpg,11814,1
007-4814-300.jpg,11815,1
007-4815-300.jpg,11816,1
007-4816-300.jpg,11817,1
007-4817-300.jpg,11818,1
007-4818-300.jpg,11819,1
007-4819-300.jpg,11820,1
007-4820-300.jpg,11821,1
007-4821-300.jpg,11822,1
007-4822-300.jpg,11823,1
007-4823-300.jpg,11824,1
007-4824-300.jpg,11825,1
007-4826-300.jpg,11826,1
007-4827-300.jpg,11827,1
007-4828-300.jpg,11828,1
007-4829-300.jpg,11829,1
007-4830-300.jpg,11830,1
007-4832-300.jpg,11831,1
007-4833-300.jpg,11832,1
007-4834-300.jpg,11833,1
007-4835-300.jpg,11834,1
007-4836-300.jpg,11835,1
007-4837-300.jpg,11836,1
007-4838-300.jpg,11837,1
007-4839-300.jpg,11838,1
007-4840-300.jpg,11839,1
007-4841-300.jpg,11840,1
007-4843-300.jpg,11841,1
007-4845-300.jpg,11842,1
007-4848-300.jpg,11843,1
007-4849-300.jpg,11844,1
007-4851-300.jpg,11845,1
007-4852-300.jpg,11846,1
007-4853-300.jpg,11847,1
007-4854-300.jpg,11848,1
007-4855-300.jpg,11849,1
007-4856-300.jpg,11850,1
007-4857-300.jpg,11851,1
007-4858-300.jpg,11852,1
007-4859-300.jpg,11853,1
007-4861-300.jpg,11854,1
007-4862-300.jpg,11855,1
007-4863-300.jpg,11856,1
007-4865-300.jpg,11857,1
007-4866-300.jpg,11858,1
007-4867-300.jpg,11859,1
007-4869-300.jpg,11860,1
007-4870-300.jpg,11861,1
007-4871-300.jpg,11862,1
007-4874-300.jpg,11863,1
007-4875-300.jpg,11864,1
007-4876-300.jpg,11865,1
007-4877-300.jpg,11866,1
007-4878-300.jpg,11867,1
007-4879-300.jpg,11868,1
007-4880-300.jpg,11869,1
007-4881-300.jpg,11870,1
007-4882-300.jpg,11871,1
007-4883-300.jpg,11872,1
007-4884-300.jpg,11873,1
007-4886-300.jpg,11874,1
007-4887-300.jpg,11875,1
007-4888-300.jpg,11876,1
007-4889-300.jpg,11877,1
007-4890-300.jpg,11878,1
007-4891-300.jpg,11879,1
007-4892-300.jpg,11880,1
007-4893-300.jpg,11881,1
007-4894-300.jpg,11882,1
007-4895-300.jpg,11883,1
007-4898-300.jpg,11884,1
007-4899-300.jpg,11885,1
007-4900-300.jpg,11886,1
007-4901-300.jpg,11887,1
007-4902-300.jpg,11888,1
007-4904-300.jpg,11889,1
007-4905-300.jpg,11890,1
007-4906-300.jpg,11891,1
007-4907-300.jpg,11892,1
007-4908-300.jpg,11893,1
007-4909-300.jpg,11894,1
007-4910-300.jpg,11895,1
007-4911-300.jpg,11896,1
007-4912-300.jpg,11897,1
007-4913-300.jpg,11898,1
007-4914-300.jpg,11899,1
007-4915-300.jpg,11900,1
007-4916-300.jpg,11901,1
007-4917-300.jpg,11902,1
007-4918-300.jpg,11903,1
007-4919-300.jpg,11904,1
007-4920-300.jpg,11905,1
007-4921-300.jpg,11906,1
007-4922-300.jpg,11907,1
007-4923-300.jpg,11908,1
007-4924-300.jpg,11909,1
007-4925-300.jpg,11910,1
007-4926-300.jpg,11911,1
007-4927-300.jpg,11912,1
007-4928-300.jpg,11913,1
007-4929-300.jpg,11914,1
007-1723-000.jpg,11915,1
007-2289-100.jpg,11916,1
007-2766-100.jpg,11917,1
007-3286-200.jpg,11918,1
007-3360-200.jpg,11919,1
007-3371-200.jpg,11920,1
007-3447-200.jpg,11921,1
007-3450-200.jpg,11922,1
007-3465-200.jpg,11923,1
007-3493-200.jpg,11924,1
007-3518-200.jpg,11925,1
007-3529-200.jpg,11926,1
007-3548-200.jpg,11927,1
007-3567-200.jpg,11928,1
007-3579-200.jpg,11929,1
007-3634-200.jpg,11930,1
007-3675-200.jpg,11931,1
007-3705-200.jpg,11932,1
007-3707-200.jpg,11933,1
007-3714-200.jpg,11934,1
007-3723-200.jpg,11935,1
007-3751-200.jpg,11936,1
007-3752-200.jpg,11937,1
007-3771-200.jpg,11938,1
007-3777-200.jpg,11939,1
007-3813-200.jpg,11940,1
007-3892-200.jpg,11941,1
007-3897-200.jpg,11942,1
007-3931-200.jpg,11943,1
007-3943-200.jpg,11944,1
007-3945-200.jpg,11945,1
007-3946-200.jpg,11946,1
007-4057-200.jpg,11947,1
007-4062-200.jpg,11948,1
007-4065-200.jpg,11949,1
007-4072-200.jpg,11950,1
007-4123-200.jpg,11951,1
007-4154-200.jpg,11952,1
007-4184-200.jpg,11953,1
007-4204-200.jpg,11954,1
007-4216-200.jpg,11955,1
007-4223-200.jpg,11956,1
007-4238-200.jpg,11957,1
007-4249-200.jpg,11958,1
007-4250-200.jpg,11959,1
007-4254-200.jpg,11960,1
007-4275-200.jpg,11961,1
007-4290-200.jpg,11962,1
007-4337-200.jpg,11963,1
007-4359-200.jpg,11964,1
007-4381-200.jpg,11965,1
007-4382-200.jpg,11966,1
007-4405-200.jpg,11967,1
007-4563-200.jpg,11968,1
007-4564-200.jpg,11969,1
007-4645-200.jpg,11970,1
007-4752-200.jpg,11971,1
007-4756-200.jpg,11972,1
007-4786-300.jpg,11973,1
007-4792-300.jpg,11974,1
007-4825-300.jpg,11975,1
007-4831-300.jpg,11976,1
007-4842-300.jpg,11977,1
007-4844-300.jpg,11978,1
007-4846-300.jpg,11979,1
007-4847-300.jpg,11980,1
007-4850-300.jpg,11981,1
007-4868-300.jpg,11982,1
007-4885-300.jpg,11983,1
007-4896-300.jpg,11984,1
007-4897-300.jpg,11985,1
007-4903-300.jpg,11986,1
007-4963-300.jpg,11987,1
007-4975-300.jpg,11988,1
007-4981-300.jpg,11989,1
007-4991-300.jpg,11990,1
007-4992-300.jpg,11991,1
007-5021-300.jpg,11992,1
007-5067-300.jpg,11993,1
007-5076-300.jpg,11994,1
007-5085-300.jpg,11995,1
007-5115-300.jpg,11996,1
007-5116-300.jpg,11997,1
007-5122-300.jpg,11998,1
007-5140-300.jpg,11999,1
007-5167-300.jpg,12000,1
007-5169-300.jpg,12001,1
007-5172-300.jpg,12002,1
007-5186-300.jpg,12003,1
007-5200-300.jpg,12004,1
007-5207-300.jpg,12005,1
007-5208-300.jpg,12006,1
007-5223-300.jpg,12007,1
007-5259-300.jpg,12008,1
007-5290-300.jpg,12009,1
007-5307-300.jpg,12010,1
007-5319-300.jpg,12011,1
007-5334-300.jpg,12012,1
007-5349-300.jpg,12013,1
007-5350-300.jpg,12014,1
007-5361-300.jpg,12015,1
007-5374-300.jpg,12016,1
007-5377-300.jpg,12017,1
007-5405-300.jpg,12018,1
007-5406-300.jpg,12019,1
007-5414-300.jpg,12020,1
007-5430-300.jpg,12021,1
007-5438-300.jpg,12022,1
007-5443-300.jpg,12023,1
007-5444-300.jpg,12024,1
007-5451-300.jpg,12025,1
007-5452-300.jpg,12026,1
007-5457-300.jpg,12027,1
007-5477-300.jpg,12028,1
007-5481-300.jpg,12029,1
007-5482-300.jpg,12030,1
007-5483-300.jpg,12031,1
007-5502-300.jpg,12032,1
007-3122-100.jpg,12033,1
007-3322-200.jpg,12034,1
007-3488-200.jpg,12035,1
007-3489-200.jpg,12036,1
007-3563-200.jpg,12037,2
007-3955-200.jpg,12038,1
007-3979-200.jpg,12039,1
007-4433-200.jpg,12040,1
007-4519-200.jpg,12041,1
007-5046-300.jpg,12042,1
007-5277-300.jpg,12043,1
007-5625-300.jpg,12044,1
007-5892-300.jpg,12045,1
007-6019-300.jpg,12046,1
007-6284-400.jpg,12047,1
007-6285-400.jpg,12048,1
007-6286-400.jpg,12049,1
007-6287-400.jpg,12050,1
007-6288-400.jpg,12051,1
007-6289-400.jpg,12052,1
007-6290-400.jpg,12053,1
007-6292-400.jpg,12054,1
007-6293-400.jpg,12055,1
007-6294-400.jpg,12056,1
007-6295-400.jpg,12057,1
007-6296-400.jpg,12058,1
007-6297-400.jpg,12059,1
007-6298-400.jpg,12060,1
007-6299-400.jpg,12061,1
007-6300-400.jpg,12062,1
007-6301-400.jpg,12063,1
007-6302-400.jpg,12064,1
007-6303-400.jpg,12065,1
007-6304-400.jpg,12066,1
007-6305-400.jpg,12067,1
007-6306-400.jpg,12068,1
007-6307-400.jpg,12069,1
007-6308-400.jpg,12070,1
007-6309-400.jpg,12071,1
007-6310-400.jpg,12072,1
007-6311-400.jpg,12073,1
007-6312-400.jpg,12074,1
007-6313-400.jpg,12075,1
007-6314-400.jpg,12076,1
007-6315-400.jpg,12077,1
007-6316-400.jpg,12078,1
007-6318-400.jpg,12079,1
007-6320-400.jpg,12080,1
007-6322-400.jpg,12081,1
007-6323-400.jpg,12082,1
007-6324-400.jpg,12083,1
007-6326-400.jpg,12084,1
007-6327-400.jpg,12085,1
007-6328-400.jpg,12086,1
007-6329-400.jpg,12087,1
007-6330-400.jpg,12088,1
007-6331-400.jpg,12089,1
007-6332-400.jpg,12090,1
007-6333-400.jpg,12091,1
007-6334-400.jpg,12092,1
007-6335-400.jpg,12093,1
007-6336-400.jpg,12094,1
007-6337-400.jpg,12095,1
007-6339-400.jpg,12096,1
007-6340-400.jpg,12097,1
007-6341-400.jpg,12098,1
007-6342-400.jpg,12099,1
007-6343-400.jpg,12100,1
007-6344-400.jpg,12101,1
007-6345-400.jpg,12102,1
007-6347-400.jpg,12103,1
007-6348-400.jpg,12104,1
007-6349-400.jpg,12105,1
007-6350-400.jpg,12106,1
007-6351-400.jpg,12107,1
007-6352-400.jpg,12108,1
007-6353-400.jpg,12109,1
007-6354-400.jpg,12110,1
007-6355-400.jpg,12111,1
007-6356-400.jpg,12112,1
007-6357-400.jpg,12113,1
007-6358-400.jpg,12114,1
007-6359-400.jpg,12115,1
007-6360-400.jpg,12116,1
007-6361-400.jpg,12117,1
007-6362-400.jpg,12118,1
007-6363-400.jpg,12119,1
007-6364-400.jpg,12120,1
007-6365-400.jpg,12121,1
007-6366-400.jpg,12122,1
007-6367-400.jpg,12123,1
007-6368-400.jpg,12124,1
007-6369-400.jpg,12037,2
007-6370-400.jpg,12125,1
007-6371-400.jpg,12126,1
007-6372-400.jpg,12127,1
007-6373-400.jpg,12128,1
007-6374-400.jpg,12129,1
007-6375-400.jpg,12130,1
007-6376-400.jpg,12131,1
007-6377-400.jpg,12132,1
007-6378-400.jpg,12133,1
007-6379-400.jpg,12134,1
007-6380-400.jpg,12135,1
007-6381-400.jpg,12136,1
007-6382-400.jpg,12137,1
007-6383-400.jpg,12138,1
007-6384-400.jpg,12139,1
007-6385-400.jpg,12140,1
007-6387-400.jpg,12141,1
007-6388-400.jpg,12142,1
007-6389-400.jpg,12143,1
007-6390-400.jpg,12144,1
007-6392-400.jpg,12145,1
007-6393-400.jpg,12146,1
007-6394-400.jpg,12147,1
007-6395-400.jpg,12148,1
007-6396-400.jpg,12149,1
007-6397-400.jpg,12150,1
007-6402-400.jpg,12151,1
007-6403-400.jpg,12152,1
007-6404-400.jpg,12153,1
007-6405-400.jpg,12154,1
007-6406-400.jpg,12155,1
007-6407-400.jpg,12156,1
007-6408-400.jpg,12157,1
007-6409-400.jpg,12158,1
007-6411-400.jpg,12159,1
007-6412-400.jpg,12160,1
007-6413-400.jpg,12161,1
007-6414-400.jpg,12162,1
007-6415-400.jpg,12163,1
007-6416-400.jpg,12164,1
007-6417-400.jpg,12165,1
007-6418-400.jpg,12166,1
007-6419-400.jpg,12167,1
007-6420-400.jpg,12168,1
007-6421-400.jpg,12169,1
007-6422-400.jpg,12170,1
007-6423-400.jpg,12171,1
007-6424-400.jpg,12172,1
007-6425-400.jpg,12173,1
007-6426-400.jpg,12174,1
007-6427-400.jpg,12175,1
007-6428-400.jpg,12176,1
007-6429-400.jpg,12177,1
007-6430-400.jpg,12178,1
007-6431-400.jpg,12179,1
007-6432-400.jpg,12180,1
007-6433-400.jpg,12181,1
007-6434-400.jpg,12182,1
007-6435-400.jpg,12183,1
007-6436-400.jpg,12184,1
007-6437-400.jpg,12185,1
007-6438-400.jpg,12186,1
007-6439-400.jpg,12187,1
007-6440-400.jpg,12188,1
007-6441-400.jpg,12189,1
007-6442-400.jpg,12190,1
007-6443-400.jpg,12191,1
007-6444-400.jpg,12192,1
007-6445-400.jpg,12193,1
007-6446-400.jpg,12194,1
007-6447-400.jpg,12195,1
007-6448-400.jpg,12196,1
007-6449-400.jpg,12197,1
007-6450-400.jpg,12198,1
007-6451-400.jpg,12199,1
007-6452-400.jpg,12200,1
007-6454-400.jpg,12201,1
007-6455-400.jpg,12202,1
007-6456-400.jpg,12203,1
007-6457-400.jpg,12204,1
007-6458-400.jpg,12205,1
007-6459-400.jpg,12206,1
007-6460-400.jpg,12207,1
007-6461-400.jpg,12208,1
007-6462-400.jpg,12209,1
007-6463-400.jpg,12210,1
007-6464-400.jpg,12211,1
007-6465-400.jpg,12212,1
007-6466-400.jpg,12213,1
007-6467-400.jpg,12214,1
007-6468-400.jpg,12215,1
007-6469-400.jpg,12216,1
007-6470-400.jpg,12217,1
007-6471-400.jpg,12218,1
007-6472-400.jpg,12219,1
007-6473-400.jpg,12220,1
007-6474-400.jpg,12221,1
007-6475-400.jpg,12222,1
007-6476-400.jpg,12223,1
007-6477-400.jpg,12224,1
007-6478-400.jpg,12225,1
007-6479-400.jpg,12226,1
007-6480-400.jpg,12227,1
007-6481-400.jpg,12228,1
007-6482-400.jpg,12229,1
007-6483-400.jpg,12230,1
007-6484-400.jpg,12231,1
007-6485-400.jpg,12232,1
007-6486-400.jpg,12233,1
007-6488-400.jpg,12234,1
007-6489-400.jpg,12235,1
007-6490-400.jpg,12236,1
007-6491-400.jpg,12237,1
007-6492-400.jpg,12238,1
007-6493-400.jpg,12239,1
007-6494-400.jpg,12240,1
007-6495-400.jpg,12241,1
007-6496-400.jpg,12242,1
007-6497-400.jpg,12243,1
007-6498-400.jpg,12244,1
007-6499-400.jpg,12245,1
007-6500-400.jpg,12246,1
007-6501-400.jpg,12247,1
007-6502-400.jpg,12248,1
007-6503-400.jpg,12249,1
007-6504-400.jpg,12250,1
007-6505-400.jpg,12251,1
007-6506-400.jpg,12252,1
007-6507-400.jpg,12253,1
007-6508-400.jpg,12254,1
007-6509-400.jpg,12255,1
007-6510-400.jpg,12256,1
007-6511-400.jpg,12257,1
007-6512-400.jpg,12258,1
007-6513-400.jpg,12259,1
007-6514-400.jpg,12260,1
007-6515-400.jpg,12261,1
007-6516-400.jpg,12262,1
007-6517-400.jpg,12263,1
007-6518-400.jpg,12264,1
007-6519-400.jpg,12265,1
007-6520-400.jpg,12266,1
007-6521-400.jpg,12267,1
007-6522-400.jpg,12268,1
007-6523-400.jpg,12269,1
007-6524-400.jpg,12270,1
007-6525-400.jpg,12271,1
007-6526-400.jpg,12272,1
007-6527-400.jpg,12273,1
007-6528-400.jpg,12274,1
007-6529-400.jpg,12275,1
007-6530-400.jpg,12276,1
007-6531-400.jpg,12277,1
007-6532-400.jpg,12278,1
007-6533-400.jpg,12279,1
007-6534-400.jpg,12280,1
007-6535-400.jpg,12281,1
007-6536-400.jpg,12282,1
007-6537-400.jpg,12283,1
007-6538-400.jpg,12284,1
007-6539-400.jpg,12285,1
007-6540-400.jpg,12286,1
007-6541-400.jpg,12287,1
007-6542-400.jpg,12288,1
007-6543-400.jpg,12289,1
007-6545-400.jpg,12290,1
007-6546-400.jpg,12291,1
007-6547-400.jpg,12292,1
007-6548-400.jpg,12293,1
007-6549-400.jpg,12294,1
007-6550-400.jpg,12295,1
007-6551-400.jpg,12296,1
007-6552-400.jpg,12297,1
007-6553-400.jpg,12298,2
007-6554-400.jpg,12299,1
007-6555-400.jpg,12300,1
007-6557-400.jpg,12301,1
007-6558-400.jpg,12302,1
007-6559-400.jpg,12303,1
007-6560-400.jpg,12304,1
007-6561-400.jpg,12305,1
007-6562-400.jpg,12306,1
007-6563-400.jpg,12298,2
007-6564-400.jpg,12307,1
007-6565-400.jpg,12308,1
007-6566-400.jpg,12309,1
007-6567-400.jpg,12310,1
007-6568-400.jpg,12311,1
007-6569-400.jpg,12312,1
007-6570-400.jpg,12313,1
007-6571-400.jpg,12314,1
007-6572-400.jpg,12315,1
007-6573-400.jpg,12316,1
007-6574-400.jpg,12317,1
007-6575-400.jpg,12318,1
007-6576-400.jpg,12319,1
007-6577-400.jpg,12320,1
007-6578-400.jpg,12321,1
007-6579-400.jpg,12322,1
007-6580-400.jpg,12323,1
007-6581-400.jpg,12324,1
007-6582-400.jpg,12325,1
007-6583-400.jpg,12326,1
007-6584-400.jpg,12327,1
007-6585-400.jpg,12328,1
007-6586-400.jpg,12329,1
007-6587-400.jpg,12330,1
007-6588-400.jpg,12331,1
007-6589-400.jpg,12332,1
007-6590-400.jpg,12333,1
007-6591-400.jpg,12334,1
007-6592-400.jpg,12335,1
007-6593-400.jpg,12336,1
007-6594-400.jpg,12337,1
007-6595-400.jpg,12338,1
007-6596-400.jpg,12339,1
007-6597-400.jpg,12340,1
007-6598-400.jpg,12341,1
007-6599-400.jpg,12342,1
007-6600-400.jpg,12343,1
007-6601-400.jpg,12344,1
007-6602-400.jpg,12345,1
007-6603-400.jpg,12346,1
007-6605-400.jpg,12347,1
007-6606-400.jpg,12348,1
007-6608-400.jpg,12349,1
007-6609-400.jpg,12350,1
007-6610-400.jpg,12351,1
007-6611-400.jpg,12352,1
007-6612-400.jpg,12353,1
007-6613-400.jpg,12354,1
007-6615-400.jpg,12355,1
007-6618-400.jpg,12356,1
007-6619-400.jpg,12357,1
007-6620-400.jpg,12358,1
007-6621-400.jpg,12359,1
007-6622-400.jpg,12360,1
007-6623-400.jpg,12361,1
007-6624-400.jpg,12362,1
007-6625-400.jpg,12363,1
007-6626-400.jpg,12364,1
007-6627-400.jpg,12365,1
007-6628-400.jpg,12366,1
007-6629-400.jpg,12367,1
007-6630-400.jpg,12368,1
007-6631-400.jpg,12369,1
007-6632-400.jpg,12370,1
007-6633-400.jpg,12371,1
007-6634-400.jpg,12372,1
007-6635-400.jpg,12373,1
007-6636-400.jpg,12374,1
007-6637-400.jpg,12375,1
007-6638-400.jpg,12376,1
007-6640-400.jpg,12377,1
007-6642-400.jpg,12378,1
007-6643-400.jpg,12379,1
007-6645-400.jpg,12380,1
007-6648-400.jpg,12381,1
007-6649-400.jpg,12382,1
007-6650-400.jpg,12383,1
007-6651-400.jpg,12384,1
007-6652-400.jpg,12385,1
007-6653-400.jpg,12386,1
007-6654-400.jpg,12387,1
007-6655-400.jpg,12388,1
007-6656-400.jpg,12389,1
007-6657-400.jpg,12390,1
007-6658-400.jpg,12391,1
007-6659-400.jpg,12392,1
007-6660-400.jpg,12393,1
007-6661-400.jpg,12394,1
007-6662-400.jpg,12395,1
007-6663-400.jpg,12396,1
007-6664-400.jpg,12397,1
007-6665-400.jpg,12398,1
007-6666-400.jpg,12399,1
007-6667-400.jpg,12400,1
007-6668-400.jpg,12401,1
007-6669-400.jpg,12402,1
007-6670-400.jpg,12403,1
007-6671-400.jpg,12404,1
007-6672-400.jpg,12405,1
007-6673-400.jpg,12406,1
007-6674-400.jpg,12407,1
007-6675-400.jpg,12408,1
007-6676-400.jpg,12409,1
007-6677-400.jpg,12410,1
007-6678-400.jpg,12411,1
007-6679-400.jpg,12412,1
007-6680-400.jpg,12413,1
007-6681-400.jpg,12414,1
007-6682-400.jpg,12415,1
007-6683-400.jpg,12416,1
007-6684-400.jpg,12417,1
007-6685-400.jpg,12418,1
007-6686-400.jpg,12419,1
007-6687-400.jpg,12420,1
007-6688-400.jpg,12421,1
007-6689-400.jpg,12422,1
007-6690-400.jpg,12423,1
007-6691-400.jpg,12424,1
007-6692-400.jpg,12425,1
007-6693-400.jpg,12426,1
007-6694-400.jpg,12427,1
007-6695-400.jpg,12428,1
007-6696-400.jpg,12429,1
007-6697-400.jpg,12430,1
007-6698-400.jpg,12431,1
007-6699-400.jpg,12432,1
007-6700-400.jpg,12433,1
007-6701-400.jpg,12434,1
007-6702-400.jpg,12435,1
007-6704-400.jpg,12436,1
007-6705-400.jpg,12437,1
007-6706-400.jpg,12438,1
007-6707-400.jpg,12439,1
007-6708-400.jpg,12440,1
007-6709-400.jpg,12441,1
007-6710-400.jpg,12442,1
007-6711-400.jpg,12443,1
007-6712-400.jpg,12444,1
007-6713-400.jpg,12445,1
007-6714-400.jpg,12446,1
007-6715-400.jpg,12447,1
007-6716-400.jpg,12448,1
007-6717-400.jpg,12449,1
007-6718-400.jpg,12450,1
007-6719-400.jpg,12451,1
007-6720-400.jpg,12452,1
007-6721-400.jpg,12453,1
007-6722-400.jpg,12454,1
007-6723-400.jpg,12455,1
007-6724-400.jpg,12456,1
007-6725-400.jpg,12457,1
007-6734-400.jpg,12458,1
007-6735-400.jpg,12459,1
007-6736-400.jpg,12460,1
007-6737-400.jpg,12461,1
007-6740-400.jpg,12462,1
007-6741-400.jpg,12463,1
007-6742-400.jpg,12464,1
007-6743-400.jpg,12465,1
007-6745-400.jpg,12466,1
007-6746-400.jpg,12467,1
007-6747-400.jpg,12468,1
007-6748-400.jpg,12469,1
007-6749-400.jpg,12470,1
007-6750-400.jpg,12471,1
007-6751-400.jpg,12472,1
007-6752-400.jpg,12473,1
007-6753-400.jpg,12474,1
007-6754-400.jpg,12475,1
007-6755-400.jpg,12476,1
007-6756-400.jpg,12477,1
007-6757-400.jpg,12478,1
007-6758-400.jpg,12479,1
007-6759-400.jpg,12480,1
007-6760-400.jpg,12481,1
007-6761-400.jpg,12482,1
007-6762-400.jpg,12483,1
007-6763-400.jpg,12484,1
007-6764-400.jpg,12485,1
007-6765-400.jpg,12486,1
